date,pm25
2016-11-09 00:00:00+05:30,270.0
2016-11-10 00:00:00+05:30,259.0
2016-11-11 00:00:00+05:30,274.0
2016-11-12 00:00:00+05:30,238.0
2016-11-13 00:00:00+05:30,175.0
2016-11-14 00:00:00+05:30,167.0
2016-11-15 00:00:00+05:30,202.0
2016-11-16 00:00:00+05:30,250.0
2016-11-17 00:00:00+05:30,215.0
2016-11-18 00:00:00+05:30,195.0
2016-11-19 00:00:00+05:30,201.0
2016-11-20 00:00:00+05:30,211.0
2016-11-21 00:00:00+05:30,198.0
2016-11-22 00:00:00+05:30,113.0
2016-11-23 00:00:00+05:30,144.0
2016-11-24 00:00:00+05:30,231.0
2016-11-25 00:00:00+05:30,90.5
2016-11-26 00:00:00+05:30,80.1
2016-11-27 00:00:00+05:30,99.7
2016-11-28 00:00:00+05:30,78.1
2016-11-29 00:00:00+05:30,169.0
2016-11-30 00:00:00+05:30,248.0
2016-12-01 00:00:00+05:30,276.0
2016-12-02 00:00:00+05:30,283.0
2016-12-03 00:00:00+05:30,188.0
2016-12-04 00:00:00+05:30,149.0
2016-12-05 00:00:00+05:30,168.0
2016-12-06 00:00:00+05:30,278.0
2016-12-07 00:00:00+05:30,271.0
2016-12-08 00:00:00+05:30,261.0
2016-12-09 00:00:00+05:30,230.0
2016-12-10 00:00:00+05:30,219.0
2016-12-11 00:00:00+05:30,188.0
2016-12-12 00:00:00+05:30,164.0
2016-12-13 00:00:00+05:30,173.0
2016-12-14 00:00:00+05:30,142.0
2016-12-15 00:00:00+05:30,146.0
2016-12-16 00:00:00+05:30,152.0
2016-12-17 00:00:00+05:30,228.0
2016-12-18 00:00:00+05:30,225.0
2016-12-19 00:00:00+05:30,245.0
2016-12-20 00:00:00+05:30,157.0
2016-12-21 00:00:00+05:30,119.0
2016-12-22 00:00:00+05:30,165.0
2016-12-23 00:00:00+05:30,342.0
2016-12-24 00:00:00+05:30,443.0
2016-12-25 00:00:00+05:30,279.0
2016-12-26 00:00:00+05:30,186.0
2016-12-27 00:00:00+05:30,185.0
2016-12-28 00:00:00+05:30,201.0
2016-12-29 00:00:00+05:30,262.0
2016-12-30 00:00:00+05:30,208.0
2016-12-31 00:00:00+05:30,210.0
2017-01-01 00:00:00+05:30,162.0
2017-01-02 00:00:00+05:30,162.0
2017-01-03 00:00:00+05:30,216.0
2017-01-04 00:00:00+05:30,174.0
2017-01-05 00:00:00+05:30,156.0
2017-01-06 00:00:00+05:30,154.0
2017-01-07 00:00:00+05:30,134.0
2017-01-08 00:00:00+05:30,125.0
2017-01-09 00:00:00+05:30,145.0
2017-01-10 00:00:00+05:30,102.0
2017-01-11 00:00:00+05:30,137.0
2017-01-12 00:00:00+05:30,217.0
2017-01-13 00:00:00+05:30,229.0
2017-01-14 00:00:00+05:30,297.0
2017-01-15 00:00:00+05:30,178.0
2017-01-16 00:00:00+05:30,165.0
2017-01-17 00:00:00+05:30,129.0
2017-01-18 00:00:00+05:30,169.0
2017-01-19 00:00:00+05:30,160.0
2017-01-20 00:00:00+05:30,106.0
2017-01-21 00:00:00+05:30,224.0
2017-01-22 00:00:00+05:30,269.0
2017-01-23 00:00:00+05:30,219.0
2017-01-24 00:00:00+05:30,190.0
2017-01-25 00:00:00+05:30,218.0
2017-01-26 00:00:00+05:30,134.0
2017-01-27 00:00:00+05:30,54.3
2017-01-28 00:00:00+05:30,116.0
2017-01-29 00:00:00+05:30,110.0
2017-01-30 00:00:00+05:30,153.0
2017-01-31 00:00:00+05:30,149.0
2017-02-01 00:00:00+05:30,116.0
2017-02-02 00:00:00+05:30,180.0
2017-02-03 00:00:00+05:30,191.0
2017-02-04 00:00:00+05:30,149.0
2017-02-05 00:00:00+05:30,136.0
2017-02-06 00:00:00+05:30,165.0
2017-02-07 00:00:00+05:30,70.2
2017-02-08 00:00:00+05:30,118.0
2017-02-09 00:00:00+05:30,110.0
2017-02-10 00:00:00+05:30,105.0
2017-02-11 00:00:00+05:30,111.0
2017-02-12 00:00:00+05:30,123.0
2017-02-13 00:00:00+05:30,104.0
2017-02-14 00:00:00+05:30,121.0
2017-02-15 00:00:00+05:30,126.0
2017-02-16 00:00:00+05:30,121.0
2017-02-17 00:00:00+05:30,99.3
2017-02-18 00:00:00+05:30,97.0
2017-02-19 00:00:00+05:30,103.0
2017-02-20 00:00:00+05:30,98.7
2017-02-21 00:00:00+05:30,89.2
2017-02-22 00:00:00+05:30,91.3
2017-02-23 00:00:00+05:30,40.8
2017-02-24 00:00:00+05:30,44.3
2017-02-25 00:00:00+05:30,53.4
2017-02-26 00:00:00+05:30,98.5
2017-02-27 00:00:00+05:30,70.4
2017-02-28 00:00:00+05:30,60.6
2017-03-01 00:00:00+05:30,89.1
2017-03-02 00:00:00+05:30,95.2
2017-03-03 00:00:00+05:30,43.8
2017-03-04 00:00:00+05:30,65.6
2017-03-05 00:00:00+05:30,68.5
2017-03-06 00:00:00+05:30,86.7
2017-03-07 00:00:00+05:30,79.9
2017-03-08 00:00:00+05:30,44.5
2017-03-09 00:00:00+05:30,47.2
2017-03-10 00:00:00+05:30,33.5
2017-03-11 00:00:00+05:30,22.1
2017-03-12 00:00:00+05:30,32.3
2017-03-13 00:00:00+05:30,60.5
2017-03-14 00:00:00+05:30,52.5
2017-03-15 00:00:00+05:30,110.0
2017-03-16 00:00:00+05:30,87.0
2017-03-17 00:00:00+05:30,83.2
2017-03-18 00:00:00+05:30,74.9
2017-03-19 00:00:00+05:30,70.7
2017-03-20 00:00:00+05:30,109.0
2017-03-21 00:00:00+05:30,169.0
2017-03-22 00:00:00+05:30,87.1
2017-03-23 00:00:00+05:30,132.0
2017-03-24 00:00:00+05:30,103.0
2017-03-25 00:00:00+05:30,49.1
2017-03-26 00:00:00+05:30,82.2
2017-03-27 00:00:00+05:30,61.0
2017-03-28 00:00:00+05:30,110.0
2017-03-29 00:00:00+05:30,96.1
2017-03-30 00:00:00+05:30,48.2
2017-03-31 00:00:00+05:30,66.0
2017-04-01 00:00:00+05:30,78.6
2017-04-02 00:00:00+05:30,72.1
2017-04-03 00:00:00+05:30,52.7
2017-04-04 00:00:00+05:30,43.2
2017-04-05 00:00:00+05:30,27.5
2017-04-06 00:00:00+05:30,49.3
2017-04-07 00:00:00+05:30,161.0
2017-04-08 00:00:00+05:30,107.0
2017-04-09 00:00:00+05:30,26.9
2017-04-10 00:00:00+05:30,35.9
2017-04-11 00:00:00+05:30,58.2
2017-04-12 00:00:00+05:30,77.9
2017-04-13 00:00:00+05:30,85.0
2017-04-14 00:00:00+05:30,121.0
2017-04-15 00:00:00+05:30,108.0
2017-04-16 00:00:00+05:30,559.0
2017-04-17 00:00:00+05:30,700.0
2017-04-18 00:00:00+05:30,174.0
2017-04-19 00:00:00+05:30,75.9
2017-04-20 00:00:00+05:30,78.4
2017-04-21 00:00:00+05:30,98.4
2017-04-22 00:00:00+05:30,102.0
2017-04-23 00:00:00+05:30,94.3
2017-04-24 00:00:00+05:30,243.0
2017-04-25 00:00:00+05:30,63.6
2017-04-26 00:00:00+05:30,32.7
2017-04-27 00:00:00+05:30,54.7
2017-04-28 00:00:00+05:30,64.4
2017-04-29 00:00:00+05:30,34.6
2017-04-30 00:00:00+05:30,
2017-05-01 00:00:00+05:30,38.5
2017-05-02 00:00:00+05:30,88.9
2017-05-03 00:00:00+05:30,112.0
2017-05-04 00:00:00+05:30,74.3
2017-05-05 00:00:00+05:30,142.0
2017-05-06 00:00:00+05:30,151.0
2017-05-07 00:00:00+05:30,128.0
2017-05-08 00:00:00+05:30,120.0
2017-05-09 00:00:00+05:30,68.2
2017-05-10 00:00:00+05:30,52.6
2017-05-11 00:00:00+05:30,167.0
2017-05-12 00:00:00+05:30,146.0
2017-05-13 00:00:00+05:30,98.6
2017-05-14 00:00:00+05:30,86.8
2017-05-15 00:00:00+05:30,64.5
2017-05-16 00:00:00+05:30,92.0
2017-05-17 00:00:00+05:30,58.5
2017-05-18 00:00:00+05:30,71.6
2017-05-19 00:00:00+05:30,52.6
2017-05-20 00:00:00+05:30,66.6
2017-05-21 00:00:00+05:30,110.0
2017-05-22 00:00:00+05:30,124.0
2017-05-23 00:00:00+05:30,117.0
2017-05-24 00:00:00+05:30,71.8
2017-05-25 00:00:00+05:30,59.8
2017-05-26 00:00:00+05:30,76.0
2017-05-27 00:00:00+05:30,48.8
2017-05-28 00:00:00+05:30,29.5
2017-05-29 00:00:00+05:30,39.6
2017-05-30 00:00:00+05:30,49.9
2017-05-31 00:00:00+05:30,43.1
2017-06-01 00:00:00+05:30,72.7
2017-06-02 00:00:00+05:30,97.8
2017-06-03 00:00:00+05:30,74.6
2017-06-04 00:00:00+05:30,80.5
2017-06-05 00:00:00+05:30,41.4
2017-06-06 00:00:00+05:30,45.0
2017-06-07 00:00:00+05:30,27.8
2017-06-08 00:00:00+05:30,35.6
2017-06-09 00:00:00+05:30,57.0
2017-06-10 00:00:00+05:30,61.5
2017-06-11 00:00:00+05:30,34.3
2017-06-12 00:00:00+05:30,46.5
2017-06-13 00:00:00+05:30,39.4
2017-06-14 00:00:00+05:30,42.6
2017-06-15 00:00:00+05:30,57.9
2017-06-16 00:00:00+05:30,44.0
2017-06-17 00:00:00+05:30,94.7
2017-06-18 00:00:00+05:30,50.9
2017-06-19 00:00:00+05:30,53.6
2017-06-20 00:00:00+05:30,28.1
2017-06-21 00:00:00+05:30,106.0
2017-06-22 00:00:00+05:30,59.4
2017-06-23 00:00:00+05:30,38.8
2017-06-24 00:00:00+05:30,51.3
2017-06-25 00:00:00+05:30,65.6
2017-06-26 00:00:00+05:30,45.6
2017-06-27 00:00:00+05:30,34.5
2017-06-28 00:00:00+05:30,24.0
2017-06-29 00:00:00+05:30,20.7
2017-06-30 00:00:00+05:30,19.1
2017-07-01 00:00:00+05:30,36.2
2017-07-02 00:00:00+05:30,20.5
2017-07-03 00:00:00+05:30,39.4
2017-07-04 00:00:00+05:30,43.6
2017-07-05 00:00:00+05:30,48.3
2017-07-06 00:00:00+05:30,46.3
2017-07-07 00:00:00+05:30,42.0
2017-07-08 00:00:00+05:30,41.1
2017-07-09 00:00:00+05:30,52.5
2017-07-10 00:00:00+05:30,39.3
2017-07-11 00:00:00+05:30,33.1
2017-07-12 00:00:00+05:30,21.0
2017-07-13 00:00:00+05:30,21.1
2017-07-14 00:00:00+05:30,24.2
2017-07-15 00:00:00+05:30,26.1
2017-07-16 00:00:00+05:30,
2017-07-17 00:00:00+05:30,
2017-07-18 00:00:00+05:30,27.8
2017-07-19 00:00:00+05:30,47.3
2017-07-20 00:00:00+05:30,30.2
2017-07-21 00:00:00+05:30,27.7
2017-08-11 00:00:00+05:30,21.8
2017-08-12 00:00:00+05:30,14.5
2017-08-13 00:00:00+05:30,17.8
2017-08-14 00:00:00+05:30,23.6
2017-08-15 00:00:00+05:30,29.0
2017-08-16 00:00:00+05:30,30.4
2017-08-17 00:00:00+05:30,34.9
2017-08-18 00:00:00+05:30,38.4
2017-08-19 00:00:00+05:30,34.6
2017-08-20 00:00:00+05:30,23.8
2017-08-21 00:00:00+05:30,27.8
2017-08-22 00:00:00+05:30,-5.41
2017-08-23 00:00:00+05:30,-6.27
2017-08-24 00:00:00+05:30,104.0
2017-08-25 00:00:00+05:30,56.7
2017-08-26 00:00:00+05:30,
2017-08-27 00:00:00+05:30,
2017-08-28 00:00:00+05:30,
2017-08-29 00:00:00+05:30,
2017-08-30 00:00:00+05:30,
2017-08-31 00:00:00+05:30,
2017-09-01 00:00:00+05:30,
2017-09-02 00:00:00+05:30,
2017-09-03 00:00:00+05:30,
2017-09-04 00:00:00+05:30,
2017-09-05 00:00:00+05:30,
2017-09-06 00:00:00+05:30,
2017-09-07 00:00:00+05:30,39.0
2017-09-08 00:00:00+05:30,57.7
2017-09-09 00:00:00+05:30,50.5
2017-09-10 00:00:00+05:30,55.9
2017-09-11 00:00:00+05:30,58.0
2017-09-12 00:00:00+05:30,96.2
2017-09-13 00:00:00+05:30,50.9
2017-09-14 00:00:00+05:30,64.6
2017-09-15 00:00:00+05:30,55.9
2017-09-16 00:00:00+05:30,50.3
2017-09-17 00:00:00+05:30,44.4
2017-09-18 00:00:00+05:30,43.8
2017-09-19 00:00:00+05:30,54.0
2017-09-20 00:00:00+05:30,50.9
2017-09-21 00:00:00+05:30,39.6
2017-09-22 00:00:00+05:30,9.78
2017-09-23 00:00:00+05:30,8.83
2017-09-24 00:00:00+05:30,30.3
2017-09-25 00:00:00+05:30,48.5
2017-09-26 00:00:00+05:30,64.7
2017-09-27 00:00:00+05:30,79.0
2017-09-28 00:00:00+05:30,71.4
2017-09-29 00:00:00+05:30,138.0
2017-09-30 00:00:00+05:30,80.4
2017-10-01 00:00:00+05:30,86.8
2017-10-02 00:00:00+05:30,54.8
2017-10-03 00:00:00+05:30,54.4
2017-10-04 00:00:00+05:30,76.3
2017-10-05 00:00:00+05:30,63.7
2017-10-06 00:00:00+05:30,57.1
2017-10-07 00:00:00+05:30,66.1
2017-10-08 00:00:00+05:30,108.0
2017-10-09 00:00:00+05:30,94.5
2017-10-10 00:00:00+05:30,99.7
2017-10-11 00:00:00+05:30,104.0
2017-10-12 00:00:00+05:30,128.0
2017-10-13 00:00:00+05:30,113.0
2017-10-14 00:00:00+05:30,114.0
2017-10-15 00:00:00+05:30,1120.0
2017-10-16 00:00:00+05:30,695.0
2017-10-17 00:00:00+05:30,138.0
2017-10-18 00:00:00+05:30,146.0
2017-10-19 00:00:00+05:30,158.0
2017-10-20 00:00:00+05:30,612.0
2017-10-21 00:00:00+05:30,226.0
2017-10-22 00:00:00+05:30,150.0
2017-10-23 00:00:00+05:30,132.0
2017-10-24 00:00:00+05:30,162.0
2017-10-25 00:00:00+05:30,291.0
2017-10-26 00:00:00+05:30,158.0
2017-10-27 00:00:00+05:30,162.0
2017-10-28 00:00:00+05:30,178.0
2017-10-29 00:00:00+05:30,188.0
2017-10-30 00:00:00+05:30,191.0
2017-10-31 00:00:00+05:30,231.0
2017-11-01 00:00:00+05:30,209.0
2017-11-02 00:00:00+05:30,171.0
2017-11-03 00:00:00+05:30,194.0
2017-11-04 00:00:00+05:30,188.0
2017-11-05 00:00:00+05:30,190.0
2017-11-06 00:00:00+05:30,171.0
2017-11-07 00:00:00+05:30,566.0
2017-11-08 00:00:00+05:30,896.0
2017-11-09 00:00:00+05:30,534.0
2017-11-10 00:00:00+05:30,408.0
2017-11-11 00:00:00+05:30,354.0
2017-11-12 00:00:00+05:30,505.0
2017-11-13 00:00:00+05:30,446.0
2017-11-14 00:00:00+05:30,298.0
2017-11-15 00:00:00+05:30,213.0
2017-11-16 00:00:00+05:30,205.0
2017-11-17 00:00:00+05:30,164.0
2017-11-18 00:00:00+05:30,179.0
2017-11-19 00:00:00+05:30,166.0
2017-11-20 00:00:00+05:30,182.0
2017-11-21 00:00:00+05:30,186.0
2017-11-22 00:00:00+05:30,190.0
2017-11-23 00:00:00+05:30,182.0
2017-11-24 00:00:00+05:30,176.0
2017-11-25 00:00:00+05:30,185.0
2017-11-26 00:00:00+05:30,218.0
2017-11-27 00:00:00+05:30,240.0
2017-11-28 00:00:00+05:30,141.0
2017-11-29 00:00:00+05:30,169.0
2017-11-30 00:00:00+05:30,245.0
2017-12-01 00:00:00+05:30,205.0
2017-12-02 00:00:00+05:30,172.0
2017-12-03 00:00:00+05:30,240.0
2017-12-04 00:00:00+05:30,270.0
2017-12-05 00:00:00+05:30,280.0
2017-12-06 00:00:00+05:30,157.0
2017-12-27 00:00:00+05:30,202.0
2017-12-28 00:00:00+05:30,277.0
2017-12-29 00:00:00+05:30,252.0
2017-12-30 00:00:00+05:30,305.0
2017-12-31 00:00:00+05:30,273.0
2018-01-01 00:00:00+05:30,370.0
2018-01-02 00:00:00+05:30,383.0
2018-01-03 00:00:00+05:30,306.0
2018-01-04 00:00:00+05:30,243.0
2018-01-05 00:00:00+05:30,289.0
2018-01-06 00:00:00+05:30,274.0
2018-01-07 00:00:00+05:30,235.0
2018-01-08 00:00:00+05:30,169.0
2018-01-09 00:00:00+05:30,329.0
2018-01-10 00:00:00+05:30,189.0
2018-01-11 00:00:00+05:30,180.0
2018-01-12 00:00:00+05:30,196.0
2018-01-13 00:00:00+05:30,209.0
2018-01-14 00:00:00+05:30,195.0
2018-01-15 00:00:00+05:30,238.0
2018-01-16 00:00:00+05:30,141.0
2018-01-17 00:00:00+05:30,242.0
2018-01-18 00:00:00+05:30,364.0
2018-01-19 00:00:00+05:30,298.0
2018-01-20 00:00:00+05:30,169.0
2018-01-21 00:00:00+05:30,152.0
2018-01-22 00:00:00+05:30,206.0
2018-01-23 00:00:00+05:30,203.0
2018-01-24 00:00:00+05:30,180.0
2018-01-25 00:00:00+05:30,137.0
2018-01-26 00:00:00+05:30,201.0
2018-01-27 00:00:00+05:30,200.0
2018-01-28 00:00:00+05:30,208.0
2018-01-29 00:00:00+05:30,198.0
2018-01-30 00:00:00+05:30,155.0
2018-01-31 00:00:00+05:30,145.0
2018-02-01 00:00:00+05:30,137.0
2018-02-02 00:00:00+05:30,167.0
2018-02-03 00:00:00+05:30,89.8
2018-02-04 00:00:00+05:30,150.0
2018-02-05 00:00:00+05:30,166.0
2018-02-06 00:00:00+05:30,161.0
2018-02-07 00:00:00+05:30,126.0
2018-02-08 00:00:00+05:30,146.0
2018-02-09 00:00:00+05:30,167.0
2018-02-10 00:00:00+05:30,141.0
2018-02-11 00:00:00+05:30,111.0
2018-02-12 00:00:00+05:30,81.3
2018-02-13 00:00:00+05:30,84.3
2018-02-14 00:00:00+05:30,65.8
2018-02-15 00:00:00+05:30,67.0
2018-02-16 00:00:00+05:30,871.0
2018-02-17 00:00:00+05:30,1990.0
2018-02-18 00:00:00+05:30,1990.0
2018-02-19 00:00:00+05:30,1990.0
2018-02-20 00:00:00+05:30,1080.0
2018-02-21 00:00:00+05:30,513.0
2018-02-22 00:00:00+05:30,144.0
2018-02-23 00:00:00+05:30,124.0
2018-02-24 00:00:00+05:30,138.0
2018-02-25 00:00:00+05:30,99.4
2018-02-26 00:00:00+05:30,68.8
2018-02-27 00:00:00+05:30,66.6
2018-02-28 00:00:00+05:30,150.0
2018-03-01 00:00:00+05:30,107.0
2018-03-02 00:00:00+05:30,118.0
2018-03-03 00:00:00+05:30,106.0
2018-03-04 00:00:00+05:30,66.3
2018-03-05 00:00:00+05:30,80.6
2018-03-06 00:00:00+05:30,78.2
2018-03-07 00:00:00+05:30,80.8
2018-03-08 00:00:00+05:30,71.5
2018-03-09 00:00:00+05:30,141.0
2018-03-10 00:00:00+05:30,85.4
2018-03-11 00:00:00+05:30,104.0
2018-03-12 00:00:00+05:30,118.0
2018-03-13 00:00:00+05:30,90.5
2018-03-14 00:00:00+05:30,81.4
2018-03-15 00:00:00+05:30,76.3
2018-03-16 00:00:00+05:30,80.3
2018-03-17 00:00:00+05:30,58.1
2018-03-18 00:00:00+05:30,106.0
2018-03-19 00:00:00+05:30,62.9
2018-03-20 00:00:00+05:30,176.0
2018-03-21 00:00:00+05:30,127.0
2018-03-22 00:00:00+05:30,70.4
2018-03-23 00:00:00+05:30,54.3
2018-03-24 00:00:00+05:30,75.0
2018-03-25 00:00:00+05:30,98.0
2018-03-26 00:00:00+05:30,99.3
2018-03-27 00:00:00+05:30,92.8
2018-03-28 00:00:00+05:30,85.7
2018-03-29 00:00:00+05:30,73.2
2018-03-30 00:00:00+05:30,73.7
2018-03-31 00:00:00+05:30,92.5
2018-04-01 00:00:00+05:30,59.1
2018-04-02 00:00:00+05:30,69.7
2018-04-03 00:00:00+05:30,82.0
2018-04-04 00:00:00+05:30,78.9
2018-04-05 00:00:00+05:30,157.0
2018-04-06 00:00:00+05:30,76.3
2018-04-07 00:00:00+05:30,27.8
2018-04-08 00:00:00+05:30,41.3
2018-04-09 00:00:00+05:30,44.8
2018-04-10 00:00:00+05:30,58.2
2018-04-11 00:00:00+05:30,37.3
2018-04-12 00:00:00+05:30,25.3
2018-04-13 00:00:00+05:30,57.1
2018-04-14 00:00:00+05:30,63.3
2018-04-15 00:00:00+05:30,83.2
2018-04-16 00:00:00+05:30,76.7
2018-04-17 00:00:00+05:30,53.8
2018-04-18 00:00:00+05:30,48.7
2018-04-19 00:00:00+05:30,85.4
2018-04-20 00:00:00+05:30,79.8
2018-04-21 00:00:00+05:30,132.0
2018-04-22 00:00:00+05:30,43.8
2018-04-23 00:00:00+05:30,69.2
2018-04-24 00:00:00+05:30,216.0
2018-04-25 00:00:00+05:30,68.0
2018-04-26 00:00:00+05:30,111.0
2018-04-27 00:00:00+05:30,88.3
2018-04-28 00:00:00+05:30,81.8
2018-04-29 00:00:00+05:30,77.3
2018-04-30 00:00:00+05:30,68.5
2018-05-01 00:00:00+05:30,44.0
2018-05-02 00:00:00+05:30,53.6
2018-05-03 00:00:00+05:30,42.6
2018-05-04 00:00:00+05:30,33.8
2018-05-05 00:00:00+05:30,49.7
2018-05-06 00:00:00+05:30,81.5
2018-05-07 00:00:00+05:30,81.9
2018-05-08 00:00:00+05:30,52.8
2018-05-09 00:00:00+05:30,83.7
2018-05-10 00:00:00+05:30,81.4
2018-05-11 00:00:00+05:30,118.0
2018-05-12 00:00:00+05:30,141.0
2018-05-13 00:00:00+05:30,86.9
2018-05-14 00:00:00+05:30,40.4
2018-05-15 00:00:00+05:30,57.7
2018-05-16 00:00:00+05:30,175.0
2018-05-17 00:00:00+05:30,86.7
2018-05-18 00:00:00+05:30,87.2
2018-05-19 00:00:00+05:30,73.2
2018-05-20 00:00:00+05:30,61.8
2018-05-21 00:00:00+05:30,52.7
2018-05-22 00:00:00+05:30,802.0
2018-05-23 00:00:00+05:30,443.0
2018-05-24 00:00:00+05:30,188.0
2018-05-25 00:00:00+05:30,410.0
2018-05-26 00:00:00+05:30,99.5
2018-05-27 00:00:00+05:30,63.8
2018-05-28 00:00:00+05:30,81.0
2018-05-29 00:00:00+05:30,89.2
2018-05-30 00:00:00+05:30,47.5
2018-05-31 00:00:00+05:30,51.5
2018-06-01 00:00:00+05:30,59.0
2018-06-02 00:00:00+05:30,37.1
2018-06-03 00:00:00+05:30,44.0
2018-06-04 00:00:00+05:30,53.5
2018-06-05 00:00:00+05:30,38.3
2018-06-06 00:00:00+05:30,47.8
2018-06-07 00:00:00+05:30,58.6
2018-06-08 00:00:00+05:30,59.6
2018-06-09 00:00:00+05:30,47.6
2018-06-10 00:00:00+05:30,47.2
2018-06-11 00:00:00+05:30,60.8
2018-06-12 00:00:00+05:30,146.0
2018-06-13 00:00:00+05:30,237.0
2018-06-14 00:00:00+05:30,286.0
2018-06-15 00:00:00+05:30,124.0
2018-06-16 00:00:00+05:30,155.0
2018-06-17 00:00:00+05:30,
2018-06-18 00:00:00+05:30,36.3
2018-06-19 00:00:00+05:30,41.2
2018-06-20 00:00:00+05:30,56.6
2018-06-21 00:00:00+05:30,64.6
2018-06-22 00:00:00+05:30,60.9
2018-06-23 00:00:00+05:30,66.4
2018-06-24 00:00:00+05:30,47.4
2018-06-25 00:00:00+05:30,65.5
2018-06-26 00:00:00+05:30,43.6
2018-06-27 00:00:00+05:30,38.3
2018-06-28 00:00:00+05:30,20.4
2018-06-29 00:00:00+05:30,33.3
2018-06-30 00:00:00+05:30,38.3
2018-07-01 00:00:00+05:30,25.7
2018-07-02 00:00:00+05:30,27.5
2018-07-03 00:00:00+05:30,36.0
2018-07-04 00:00:00+05:30,41.8
2018-07-05 00:00:00+05:30,46.8
2018-07-06 00:00:00+05:30,50.2
2018-07-07 00:00:00+05:30,56.3
2018-07-08 00:00:00+05:30,59.5
2018-07-09 00:00:00+05:30,70.3
2018-07-10 00:00:00+05:30,43.0
2018-07-11 00:00:00+05:30,36.8
2018-07-12 00:00:00+05:30,48.1
2018-07-13 00:00:00+05:30,29.4
2018-07-14 00:00:00+05:30,33.4
2018-07-15 00:00:00+05:30,30.8
2018-07-16 00:00:00+05:30,116.0
2018-07-17 00:00:00+05:30,50.5
2018-07-18 00:00:00+05:30,29.9
2018-07-19 00:00:00+05:30,34.3
2018-07-20 00:00:00+05:30,36.4
2018-07-21 00:00:00+05:30,55.4
2018-07-22 00:00:00+05:30,27.7
2018-07-23 00:00:00+05:30,29.7
2018-07-24 00:00:00+05:30,37.4
2018-07-25 00:00:00+05:30,30.2
2018-07-26 00:00:00+05:30,30.7
2018-07-27 00:00:00+05:30,26.1
2018-07-28 00:00:00+05:30,95.0
2018-07-29 00:00:00+05:30,35.0
2018-07-30 00:00:00+05:30,397.0
2018-07-31 00:00:00+05:30,40.1
2018-08-01 00:00:00+05:30,35.7
2018-08-02 00:00:00+05:30,63.8
2018-08-03 00:00:00+05:30,54.2
2018-08-04 00:00:00+05:30,54.4
2018-08-05 00:00:00+05:30,53.9
2018-08-06 00:00:00+05:30,48.5
2018-08-07 00:00:00+05:30,41.6
2018-08-08 00:00:00+05:30,26.0
2018-08-09 00:00:00+05:30,26.8
2018-08-10 00:00:00+05:30,34.9
2018-08-11 00:00:00+05:30,22.3
2018-08-12 00:00:00+05:30,13.2
2018-08-13 00:00:00+05:30,21.7
2018-08-14 00:00:00+05:30,35.3
2018-08-15 00:00:00+05:30,35.7
2018-08-16 00:00:00+05:30,25.0
2018-08-17 00:00:00+05:30,19.6
2018-08-18 00:00:00+05:30,20.5
2018-08-19 00:00:00+05:30,41.2
2018-08-20 00:00:00+05:30,103.0
2018-08-21 00:00:00+05:30,
2018-08-22 00:00:00+05:30,
2018-08-23 00:00:00+05:30,127.0
2018-08-24 00:00:00+05:30,11.5
2018-08-25 00:00:00+05:30,11.9
2018-08-26 00:00:00+05:30,135.0
2018-08-27 00:00:00+05:30,14.8
2018-08-28 00:00:00+05:30,23.0
2018-08-29 00:00:00+05:30,17.1
2018-08-30 00:00:00+05:30,91.5
2018-08-31 00:00:00+05:30,42.6
2018-09-01 00:00:00+05:30,178.0
2018-09-02 00:00:00+05:30,1990.0
2018-09-03 00:00:00+05:30,668.0
2018-09-04 00:00:00+05:30,248.0
2018-09-05 00:00:00+05:30,780.0
2018-09-06 00:00:00+05:30,34.6
2018-09-07 00:00:00+05:30,29.3
2018-09-08 00:00:00+05:30,17.0
2018-09-09 00:00:00+05:30,12.7
2018-09-10 00:00:00+05:30,62.3
2018-09-11 00:00:00+05:30,182.0
2018-09-12 00:00:00+05:30,-7.26
2018-09-13 00:00:00+05:30,-4.83
2018-09-14 00:00:00+05:30,103.0
2018-09-15 00:00:00+05:30,1990.0
2018-09-16 00:00:00+05:30,34.4
2018-09-17 00:00:00+05:30,52.6
2018-09-18 00:00:00+05:30,48.2
2018-09-19 00:00:00+05:30,53.0
2018-09-20 00:00:00+05:30,153.0
2018-09-21 00:00:00+05:30,124.0
2018-09-22 00:00:00+05:30,61.5
2018-09-23 00:00:00+05:30,25.5
2018-09-24 00:00:00+05:30,14.9
2018-09-25 00:00:00+05:30,18.4
2018-09-26 00:00:00+05:30,34.4
2018-09-27 00:00:00+05:30,59.5
2018-09-28 00:00:00+05:30,66.8
2018-09-29 00:00:00+05:30,72.3
2018-09-30 00:00:00+05:30,50.3
2018-10-01 00:00:00+05:30,64.7
2018-10-02 00:00:00+05:30,124.0
2018-10-03 00:00:00+05:30,95.2
2018-10-04 00:00:00+05:30,86.1
2018-10-05 00:00:00+05:30,101.0
2018-10-06 00:00:00+05:30,121.0
2018-10-07 00:00:00+05:30,69.8
2018-10-08 00:00:00+05:30,101.0
2018-10-09 00:00:00+05:30,184.0
2018-10-10 00:00:00+05:30,77.3
2018-10-11 00:00:00+05:30,51.5
2018-10-12 00:00:00+05:30,63.0
2018-10-13 00:00:00+05:30,115.0
2018-10-14 00:00:00+05:30,79.0
2018-10-15 00:00:00+05:30,133.0
2018-10-16 00:00:00+05:30,96.4
2018-10-17 00:00:00+05:30,101.0
2018-10-18 00:00:00+05:30,96.1
2018-10-19 00:00:00+05:30,115.0
2018-10-20 00:00:00+05:30,139.0
2018-10-21 00:00:00+05:30,111.0
2018-10-22 00:00:00+05:30,102.0
2018-10-23 00:00:00+05:30,82.7
2018-10-24 00:00:00+05:30,125.0
2018-10-25 00:00:00+05:30,358.0
2018-10-26 00:00:00+05:30,91.5
2018-10-27 00:00:00+05:30,192.0
2018-10-28 00:00:00+05:30,192.0
2018-10-29 00:00:00+05:30,214.0
2018-10-30 00:00:00+05:30,259.0
2018-10-31 00:00:00+05:30,200.0
2018-11-01 00:00:00+05:30,205.0
2018-11-02 00:00:00+05:30,191.0
2018-11-03 00:00:00+05:30,146.0
2018-11-04 00:00:00+05:30,77.4
2018-11-05 00:00:00+05:30,374.0
2018-11-06 00:00:00+05:30,167.0
2018-11-07 00:00:00+05:30,143.0
2018-11-08 00:00:00+05:30,430.0
2018-11-09 00:00:00+05:30,284.0
2018-11-10 00:00:00+05:30,255.0
2018-11-11 00:00:00+05:30,206.0
2018-11-12 00:00:00+05:30,239.0
2018-11-13 00:00:00+05:30,235.0
2018-11-14 00:00:00+05:30,438.0
2018-11-15 00:00:00+05:30,96.8
2018-11-16 00:00:00+05:30,148.0
2018-11-17 00:00:00+05:30,125.0
2018-11-18 00:00:00+05:30,136.0
2018-11-19 00:00:00+05:30,285.0
2018-11-20 00:00:00+05:30,197.0
2018-11-21 00:00:00+05:30,216.0
2018-11-22 00:00:00+05:30,101.0
2018-11-23 00:00:00+05:30,166.0
2018-11-24 00:00:00+05:30,96.8
2018-11-25 00:00:00+05:30,100.0
2018-11-26 00:00:00+05:30,620.0
2018-11-27 00:00:00+05:30,138.0
2018-11-28 00:00:00+05:30,145.0
2018-11-29 00:00:00+05:30,166.0
2018-11-30 00:00:00+05:30,187.0
2018-12-01 00:00:00+05:30,144.0
2018-12-02 00:00:00+05:30,107.0
2018-12-03 00:00:00+05:30,165.0
2018-12-04 00:00:00+05:30,168.0
2018-12-05 00:00:00+05:30,154.0
2018-12-06 00:00:00+05:30,178.0
2018-12-07 00:00:00+05:30,180.0
2018-12-08 00:00:00+05:30,202.0
2018-12-09 00:00:00+05:30,186.0
2018-12-10 00:00:00+05:30,238.0
2018-12-11 00:00:00+05:30,247.0
2018-12-12 00:00:00+05:30,192.0
2018-12-13 00:00:00+05:30,84.0
2018-12-14 00:00:00+05:30,122.0
2018-12-17 00:00:00+05:30,171.0
2018-12-18 00:00:00+05:30,211.0
2018-12-19 00:00:00+05:30,230.0
2018-12-20 00:00:00+05:30,231.0
2018-12-21 00:00:00+05:30,261.0
2018-12-22 00:00:00+05:30,320.0
2018-12-23 00:00:00+05:30,363.0
2018-12-24 00:00:00+05:30,323.0
2018-12-25 00:00:00+05:30,303.0
2018-12-26 00:00:00+05:30,220.0
2018-12-27 00:00:00+05:30,241.0
2018-12-28 00:00:00+05:30,247.0
2018-12-29 00:00:00+05:30,215.0
2018-12-30 00:00:00+05:30,252.0
2018-12-31 00:00:00+05:30,323.0
2019-01-01 00:00:00+05:30,273.0
2019-01-02 00:00:00+05:30,281.0
2019-01-03 00:00:00+05:30,348.0
2019-01-04 00:00:00+05:30,242.0
2019-01-05 00:00:00+05:30,228.0
2019-01-06 00:00:00+05:30,170.0
2019-01-07 00:00:00+05:30,180.0
2019-01-08 00:00:00+05:30,179.0
2019-01-09 00:00:00+05:30,139.0
2019-01-10 00:00:00+05:30,225.0
2019-01-11 00:00:00+05:30,247.0
2019-01-12 00:00:00+05:30,236.0
2019-01-13 00:00:00+05:30,292.0
2019-01-14 00:00:00+05:30,71.7
2019-01-15 00:00:00+05:30,112.0
2019-01-16 00:00:00+05:30,238.0
2019-01-17 00:00:00+05:30,304.0
2019-01-18 00:00:00+05:30,223.0
2019-01-19 00:00:00+05:30,223.0
2019-01-20 00:00:00+05:30,201.0
2019-01-21 00:00:00+05:30,146.0
2019-01-22 00:00:00+05:30,44.9
2019-01-23 00:00:00+05:30,225.0
2019-01-24 00:00:00+05:30,133.0
2019-01-25 00:00:00+05:30,76.3
2019-01-26 00:00:00+05:30,104.0
2019-01-27 00:00:00+05:30,141.0
2019-01-28 00:00:00+05:30,112.0
2019-01-29 00:00:00+05:30,127.0
2019-01-30 00:00:00+05:30,183.0
2019-01-31 00:00:00+05:30,220.0
2019-02-01 00:00:00+05:30,173.0
2019-02-02 00:00:00+05:30,196.0
2019-02-03 00:00:00+05:30,144.0
2019-02-04 00:00:00+05:30,118.0
2019-02-05 00:00:00+05:30,171.0
2019-02-06 00:00:00+05:30,510.0
2019-02-07 00:00:00+05:30,1540.0
2019-02-08 00:00:00+05:30,1450.0
2019-02-09 00:00:00+05:30,70.6
2019-02-10 00:00:00+05:30,152.0
2019-02-11 00:00:00+05:30,366.0
2019-02-12 00:00:00+05:30,
2019-02-13 00:00:00+05:30,
2019-02-14 00:00:00+05:30,
2019-02-15 00:00:00+05:30,
2019-02-16 00:00:00+05:30,
2019-02-17 00:00:00+05:30,
2019-02-18 00:00:00+05:30,
2019-02-19 00:00:00+05:30,
2019-02-20 00:00:00+05:30,
2019-02-21 00:00:00+05:30,
2019-02-22 00:00:00+05:30,
2019-02-23 00:00:00+05:30,
2019-02-24 00:00:00+05:30,
2019-02-25 00:00:00+05:30,
2019-02-26 00:00:00+05:30,
2019-02-27 00:00:00+05:30,
2019-02-28 00:00:00+05:30,
2019-03-01 00:00:00+05:30,
2019-03-02 00:00:00+05:30,
2019-03-03 00:00:00+05:30,
2019-03-04 00:00:00+05:30,
2019-03-05 00:00:00+05:30,
2019-03-06 00:00:00+05:30,
2019-03-07 00:00:00+05:30,
2019-03-08 00:00:00+05:30,
2019-03-09 00:00:00+05:30,
2019-03-10 00:00:00+05:30,
2019-03-11 00:00:00+05:30,
2019-03-12 00:00:00+05:30,
2019-03-13 00:00:00+05:30,
2019-03-14 00:00:00+05:30,
2019-03-15 00:00:00+05:30,-2.0
2019-03-16 00:00:00+05:30,
2019-03-17 00:00:00+05:30,
2019-03-18 00:00:00+05:30,45.0
2019-03-19 00:00:00+05:30,90.3
2019-03-20 00:00:00+05:30,71.1
2019-03-21 00:00:00+05:30,118.0
2019-03-22 00:00:00+05:30,34.8
2019-03-23 00:00:00+05:30,48.7
2019-03-24 00:00:00+05:30,57.4
2019-03-25 00:00:00+05:30,64.4
2019-03-26 00:00:00+05:30,81.0
2019-03-27 00:00:00+05:30,66.0
2019-03-28 00:00:00+05:30,82.6
2019-03-29 00:00:00+05:30,83.3
2019-03-30 00:00:00+05:30,83.0
2019-03-31 00:00:00+05:30,53.8
2019-04-01 00:00:00+05:30,65.4
2019-04-02 00:00:00+05:30,64.2
2019-04-03 00:00:00+05:30,72.0
2019-04-04 00:00:00+05:30,92.5
2019-04-05 00:00:00+05:30,68.5
2019-04-06 00:00:00+05:30,73.9
2019-04-07 00:00:00+05:30,135.0
2019-04-08 00:00:00+05:30,71.4
2019-04-09 00:00:00+05:30,67.3
2019-04-10 00:00:00+05:30,88.1
2019-04-11 00:00:00+05:30,58.4
2019-04-12 00:00:00+05:30,58.7
2019-04-13 00:00:00+05:30,57.3
2019-04-14 00:00:00+05:30,48.7
2019-04-15 00:00:00+05:30,48.9
2019-04-16 00:00:00+05:30,62.9
2019-04-17 00:00:00+05:30,18.9
2019-04-18 00:00:00+05:30,34.8
2019-04-19 00:00:00+05:30,77.0
2019-04-20 00:00:00+05:30,92.5
2019-04-21 00:00:00+05:30,81.7
2019-04-22 00:00:00+05:30,97.8
2019-04-23 00:00:00+05:30,93.6
2019-04-24 00:00:00+05:30,157.0
2019-04-25 00:00:00+05:30,87.3
2019-04-26 00:00:00+05:30,77.8
2019-04-27 00:00:00+05:30,75.8
2019-04-28 00:00:00+05:30,98.6
2019-04-29 00:00:00+05:30,95.6
2019-04-30 00:00:00+05:30,88.6
2019-05-01 00:00:00+05:30,104.0
2019-05-02 00:00:00+05:30,80.5
2019-05-03 00:00:00+05:30,99.8
2019-05-04 00:00:00+05:30,87.8
2019-05-05 00:00:00+05:30,131.0
2019-05-06 00:00:00+05:30,116.0
2019-05-07 00:00:00+05:30,117.0
2019-05-08 00:00:00+05:30,226.0
2019-05-09 00:00:00+05:30,157.0
2019-05-10 00:00:00+05:30,130.0
2019-05-11 00:00:00+05:30,97.9
2019-05-12 00:00:00+05:30,227.0
2019-05-13 00:00:00+05:30,247.0
2019-05-14 00:00:00+05:30,49.1
2019-05-15 00:00:00+05:30,68.7
2019-05-16 00:00:00+05:30,65.3
2019-05-17 00:00:00+05:30,74.7
2019-05-18 00:00:00+05:30,40.3
2019-05-19 00:00:00+05:30,85.0
2019-05-20 00:00:00+05:30,92.3
2019-05-21 00:00:00+05:30,158.0
2019-05-22 00:00:00+05:30,55.2
2019-05-23 00:00:00+05:30,82.6
2019-05-24 00:00:00+05:30,41.9
2019-05-25 00:00:00+05:30,41.8
2019-05-26 00:00:00+05:30,53.1
2019-05-27 00:00:00+05:30,51.1
2019-05-28 00:00:00+05:30,62.2
2019-05-29 00:00:00+05:30,60.8
2019-05-30 00:00:00+05:30,246.0
2019-05-31 00:00:00+05:30,70.0
2019-06-01 00:00:00+05:30,83.0
2019-06-02 00:00:00+05:30,65.5
2019-06-03 00:00:00+05:30,59.6
2019-06-04 00:00:00+05:30,53.0
2019-06-05 00:00:00+05:30,61.9
2019-06-06 00:00:00+05:30,301.0
2019-06-07 00:00:00+05:30,47.9
2019-06-08 00:00:00+05:30,44.7
2019-06-09 00:00:00+05:30,60.2
2019-06-10 00:00:00+05:30,53.2
2019-06-11 00:00:00+05:30,113.0
2019-06-12 00:00:00+05:30,62.5
2019-06-13 00:00:00+05:30,44.1
2019-06-14 00:00:00+05:30,41.8
2019-06-15 00:00:00+05:30,71.1
2019-06-16 00:00:00+05:30,43.2
2019-06-17 00:00:00+05:30,157.0
2019-06-18 00:00:00+05:30,463.0
2019-06-19 00:00:00+05:30,25.0
2019-06-20 00:00:00+05:30,38.3
2019-06-21 00:00:00+05:30,64.1
2019-06-22 00:00:00+05:30,62.5
2019-06-23 00:00:00+05:30,36.5
2019-06-24 00:00:00+05:30,23.9
2019-06-25 00:00:00+05:30,53.3
2019-06-26 00:00:00+05:30,64.3
2019-06-27 00:00:00+05:30,55.7
2019-06-28 00:00:00+05:30,58.2
2019-06-29 00:00:00+05:30,57.0
2019-06-30 00:00:00+05:30,68.6
2019-07-01 00:00:00+05:30,281.0
2019-07-02 00:00:00+05:30,62.7
2019-07-03 00:00:00+05:30,33.6
2019-07-04 00:00:00+05:30,31.8
2019-07-05 00:00:00+05:30,45.5
2019-07-06 00:00:00+05:30,32.1
2019-07-07 00:00:00+05:30,34.3
2019-07-08 00:00:00+05:30,50.0
2019-07-09 00:00:00+05:30,44.7
2019-07-10 00:00:00+05:30,74.5
2019-07-11 00:00:00+05:30,76.1
2019-07-12 00:00:00+05:30,57.0
2019-07-13 00:00:00+05:30,60.9
2019-07-14 00:00:00+05:30,65.5
2019-07-15 00:00:00+05:30,42.7
2019-07-16 00:00:00+05:30,83.0
2019-07-17 00:00:00+05:30,34.5
2019-07-18 00:00:00+05:30,28.7
2019-07-19 00:00:00+05:30,58.0
2019-07-20 00:00:00+05:30,43.7
2019-07-21 00:00:00+05:30,43.6
2019-07-22 00:00:00+05:30,51.5
2019-07-23 00:00:00+05:30,65.0
2019-07-24 00:00:00+05:30,60.0
2019-07-25 00:00:00+05:30,20.8
2019-07-26 00:00:00+05:30,29.5
2019-07-27 00:00:00+05:30,23.3
2019-07-28 00:00:00+05:30,19.3
2019-07-29 00:00:00+05:30,18.3
2019-07-30 00:00:00+05:30,25.0
2019-07-31 00:00:00+05:30,26.1
2019-08-01 00:00:00+05:30,29.5
2019-08-02 00:00:00+05:30,32.8
2019-08-03 00:00:00+05:30,35.3
2019-08-04 00:00:00+05:30,50.5
2019-08-05 00:00:00+05:30,48.6
2019-08-06 00:00:00+05:30,28.0
2019-08-07 00:00:00+05:30,30.8
2019-08-08 00:00:00+05:30,22.0
2019-08-09 00:00:00+05:30,13.0
2019-08-10 00:00:00+05:30,14.4
2019-08-11 00:00:00+05:30,25.7
2019-08-12 00:00:00+05:30,19.5
2019-08-13 00:00:00+05:30,21.3
2019-08-14 00:00:00+05:30,30.2
2019-08-15 00:00:00+05:30,29.9
2019-08-16 00:00:00+05:30,16.7
2019-08-17 00:00:00+05:30,9.91
2019-08-18 00:00:00+05:30,14.0
2019-08-19 00:00:00+05:30,36.1
2019-08-20 00:00:00+05:30,45.6
2019-08-21 00:00:00+05:30,44.7
2019-08-22 00:00:00+05:30,47.9
2019-08-23 00:00:00+05:30,54.2
2019-08-24 00:00:00+05:30,68.0
2019-08-25 00:00:00+05:30,
2019-08-26 00:00:00+05:30,18.4
2019-08-27 00:00:00+05:30,38.2
2019-08-28 00:00:00+05:30,37.0
2019-08-29 00:00:00+05:30,32.0
2019-08-30 00:00:00+05:30,33.3
2019-08-31 00:00:00+05:30,42.3
2019-09-01 00:00:00+05:30,30.2
2019-09-02 00:00:00+05:30,46.3
2019-09-03 00:00:00+05:30,67.1
2019-09-04 00:00:00+05:30,74.6
2019-09-05 00:00:00+05:30,30.5
2019-09-06 00:00:00+05:30,28.5
2019-09-07 00:00:00+05:30,28.3
2019-09-08 00:00:00+05:30,32.7
2019-09-09 00:00:00+05:30,51.4
2019-09-10 00:00:00+05:30,52.8
2019-09-11 00:00:00+05:30,72.6
2019-09-12 00:00:00+05:30,55.4
2019-09-13 00:00:00+05:30,31.0
2019-09-14 00:00:00+05:30,25.7
2019-09-15 00:00:00+05:30,35.8
2019-09-16 00:00:00+05:30,55.2
2019-09-17 00:00:00+05:30,57.0
2019-09-18 00:00:00+05:30,33.1
2019-09-19 00:00:00+05:30,20.0
2019-09-20 00:00:00+05:30,29.8
2019-09-21 00:00:00+05:30,34.6
2019-09-22 00:00:00+05:30,22.9
2019-09-23 00:00:00+05:30,30.9
2019-09-24 00:00:00+05:30,32.7
2019-09-25 00:00:00+05:30,29.8
2019-09-26 00:00:00+05:30,17.0
2019-09-27 00:00:00+05:30,11.6
2019-09-28 00:00:00+05:30,17.1
2019-09-29 00:00:00+05:30,13.6
2019-09-30 00:00:00+05:30,27.7
2019-10-01 00:00:00+05:30,29.4
2019-10-02 00:00:00+05:30,36.4
2019-10-03 00:00:00+05:30,50.2
2019-10-04 00:00:00+05:30,45.7
2019-10-05 00:00:00+05:30,35.6
2019-10-06 00:00:00+05:30,53.9
2019-10-07 00:00:00+05:30,54.7
2019-10-08 00:00:00+05:30,39.4
2019-10-09 00:00:00+05:30,73.2
2019-10-10 00:00:00+05:30,84.4
2019-10-11 00:00:00+05:30,129.0
2019-10-12 00:00:00+05:30,59.0
2019-10-13 00:00:00+05:30,59.0
2019-10-14 00:00:00+05:30,59.0
2019-10-15 00:00:00+05:30,101.0
2019-10-16 00:00:00+05:30,133.0
2019-10-17 00:00:00+05:30,108.0
2019-10-18 00:00:00+05:30,83.0
2019-10-19 00:00:00+05:30,74.5
2019-10-20 00:00:00+05:30,95.1
2019-10-21 00:00:00+05:30,109.0
2019-10-22 00:00:00+05:30,89.3
2019-10-23 00:00:00+05:30,101.0
2019-10-24 00:00:00+05:30,138.0
2019-10-25 00:00:00+05:30,115.0
2019-10-26 00:00:00+05:30,125.0
2019-10-27 00:00:00+05:30,170.0
2019-10-28 00:00:00+05:30,256.0
2019-10-29 00:00:00+05:30,265.0
2019-10-30 00:00:00+05:30,241.0
2019-10-31 00:00:00+05:30,286.0
2019-11-01 00:00:00+05:30,389.0
2019-11-02 00:00:00+05:30,328.0
2019-11-03 00:00:00+05:30,525.0
2019-11-04 00:00:00+05:30,263.0
2019-11-05 00:00:00+05:30,209.0
2019-11-06 00:00:00+05:30,88.2
2019-11-07 00:00:00+05:30,197.0
2019-11-08 00:00:00+05:30,152.0
2019-11-09 00:00:00+05:30,193.0
2019-11-10 00:00:00+05:30,162.0
2019-11-11 00:00:00+05:30,246.0
2019-11-12 00:00:00+05:30,380.0
2019-11-13 00:00:00+05:30,408.0
2019-11-14 00:00:00+05:30,401.0
2019-11-15 00:00:00+05:30,460.0
2019-11-16 00:00:00+05:30,189.0
2019-11-17 00:00:00+05:30,101.0
2019-11-18 00:00:00+05:30,100.0
2019-11-19 00:00:00+05:30,119.0
2019-11-20 00:00:00+05:30,139.0
2019-11-21 00:00:00+05:30,199.0
2019-11-22 00:00:00+05:30,176.0
2019-11-23 00:00:00+05:30,130.0
2019-11-24 00:00:00+05:30,108.0
2019-11-25 00:00:00+05:30,114.0
2019-11-26 00:00:00+05:30,100.0
2019-11-27 00:00:00+05:30,60.9
2019-11-28 00:00:00+05:30,31.5
2019-11-29 00:00:00+05:30,54.8
2019-11-30 00:00:00+05:30,106.0
2019-12-01 00:00:00+05:30,129.0
2019-12-02 00:00:00+05:30,132.0
2019-12-03 00:00:00+05:30,129.0
2019-12-04 00:00:00+05:30,128.0
2019-12-05 00:00:00+05:30,243.0
2019-12-06 00:00:00+05:30,254.0
2019-12-07 00:00:00+05:30,227.0
2019-12-08 00:00:00+05:30,230.0
2019-12-09 00:00:00+05:30,239.0
2019-12-10 00:00:00+05:30,203.0
2019-12-11 00:00:00+05:30,255.0
2019-12-12 00:00:00+05:30,263.0
2019-12-13 00:00:00+05:30,105.0
2019-12-14 00:00:00+05:30,85.1
2019-12-15 00:00:00+05:30,99.6
2019-12-16 00:00:00+05:30,101.0
2019-12-17 00:00:00+05:30,102.0
2019-12-18 00:00:00+05:30,149.0
2019-12-19 00:00:00+05:30,280.0
2019-12-20 00:00:00+05:30,335.0
2019-12-21 00:00:00+05:30,282.0
2019-12-22 00:00:00+05:30,157.0
2019-12-23 00:00:00+05:30,192.0
2019-12-24 00:00:00+05:30,293.0
2019-12-25 00:00:00+05:30,181.0
2019-12-26 00:00:00+05:30,219.0
2019-12-27 00:00:00+05:30,242.0
2019-12-28 00:00:00+05:30,297.0
2019-12-29 00:00:00+05:30,368.0
2019-12-30 00:00:00+05:30,354.0
2019-12-31 00:00:00+05:30,228.0
2020-01-01 00:00:00+05:30,311.0
2020-01-02 00:00:00+05:30,287.0
2020-01-03 00:00:00+05:30,228.0
2020-01-04 00:00:00+05:30,206.0
2020-01-05 00:00:00+05:30,160.0
2020-01-06 00:00:00+05:30,150.0
2020-01-07 00:00:00+05:30,123.0
2020-01-08 00:00:00+05:30,104.0
2020-01-09 00:00:00+05:30,106.0
2020-01-10 00:00:00+05:30,142.0
2020-01-11 00:00:00+05:30,157.0
2020-01-12 00:00:00+05:30,193.0
2020-01-13 00:00:00+05:30,221.0
2020-01-14 00:00:00+05:30,116.0
2020-01-15 00:00:00+05:30,112.0
2020-01-16 00:00:00+05:30,152.0
2020-01-17 00:00:00+05:30,111.0
2020-01-18 00:00:00+05:30,135.0
2020-01-19 00:00:00+05:30,136.0
2020-01-20 00:00:00+05:30,158.0
2020-01-21 00:00:00+05:30,206.0
2020-01-22 00:00:00+05:30,220.0
2020-01-23 00:00:00+05:30,68.3
2020-01-24 00:00:00+05:30,77.2
2020-01-25 00:00:00+05:30,123.0
2020-01-26 00:00:00+05:30,193.0
2020-01-27 00:00:00+05:30,199.0
2020-01-28 00:00:00+05:30,113.0
2020-01-29 00:00:00+05:30,75.8
2020-01-30 00:00:00+05:30,96.0
2020-01-31 00:00:00+05:30,95.3
2020-02-01 00:00:00+05:30,101.0
2020-02-02 00:00:00+05:30,134.0
2020-02-03 00:00:00+05:30,126.0
2020-02-04 00:00:00+05:30,167.0
2020-02-05 00:00:00+05:30,137.0
2020-02-06 00:00:00+05:30,110.0
2020-02-07 00:00:00+05:30,149.0
2020-02-08 00:00:00+05:30,142.0
2020-02-09 00:00:00+05:30,162.0
2020-02-10 00:00:00+05:30,180.0
2020-02-11 00:00:00+05:30,162.0
2020-02-12 00:00:00+05:30,194.0
2020-02-13 00:00:00+05:30,99.7
2020-02-14 00:00:00+05:30,70.3
2020-02-15 00:00:00+05:30,82.2
2020-02-16 00:00:00+05:30,118.0
2020-02-17 00:00:00+05:30,157.0
2020-02-18 00:00:00+05:30,133.0
2020-02-19 00:00:00+05:30,120.0
2020-02-20 00:00:00+05:30,101.0
2020-02-21 00:00:00+05:30,54.2
2020-02-22 00:00:00+05:30,64.5
2020-02-23 00:00:00+05:30,98.4
2020-02-24 00:00:00+05:30,63.9
2020-02-25 00:00:00+05:30,152.0
2020-02-26 00:00:00+05:30,133.0
2020-02-27 00:00:00+05:30,102.0
2020-02-28 00:00:00+05:30,85.2
2020-02-29 00:00:00+05:30,58.0
2020-03-01 00:00:00+05:30,36.6
2020-03-02 00:00:00+05:30,82.5
2020-03-03 00:00:00+05:30,67.7
2020-03-04 00:00:00+05:30,70.6
2020-03-05 00:00:00+05:30,27.6
2020-03-06 00:00:00+05:30,19.7
2020-03-07 00:00:00+05:30,42.0
2020-03-08 00:00:00+05:30,87.5
2020-03-09 00:00:00+05:30,45.2
2020-03-10 00:00:00+05:30,85.2
2020-03-11 00:00:00+05:30,54.7
2020-03-12 00:00:00+05:30,52.1
2020-03-13 00:00:00+05:30,59.3
2020-03-14 00:00:00+05:30,38.1
2020-03-15 00:00:00+05:30,58.9
2020-03-16 00:00:00+05:30,68.6
2020-03-17 00:00:00+05:30,70.0
2020-03-18 00:00:00+05:30,65.3
2020-03-19 00:00:00+05:30,81.2
2020-03-20 00:00:00+05:30,91.9
2020-03-21 00:00:00+05:30,66.7
2020-03-22 00:00:00+05:30,69.4
2020-03-23 00:00:00+05:30,60.0
2020-03-24 00:00:00+05:30,45.9
2020-03-25 00:00:00+05:30,29.6
2020-03-26 00:00:00+05:30,42.2
2020-03-27 00:00:00+05:30,25.2
2020-03-28 00:00:00+05:30,18.1
2020-03-29 00:00:00+05:30,24.5
2020-03-30 00:00:00+05:30,36.6
2020-03-31 00:00:00+05:30,31.5
2020-04-01 00:00:00+05:30,30.4
2020-04-02 00:00:00+05:30,23.9
2020-04-03 00:00:00+05:30,36.6
2020-04-04 00:00:00+05:30,37.4
2020-04-05 00:00:00+05:30,44.0
2020-04-06 00:00:00+05:30,51.0
2020-04-07 00:00:00+05:30,33.1
2020-04-08 00:00:00+05:30,33.2
2020-04-09 00:00:00+05:30,35.8
2020-04-10 00:00:00+05:30,59.9
2020-04-11 00:00:00+05:30,44.8
2020-04-12 00:00:00+05:30,41.8
2020-04-13 00:00:00+05:30,60.6
2020-04-14 00:00:00+05:30,45.0
2020-04-15 00:00:00+05:30,49.6
2020-04-16 00:00:00+05:30,65.1
2020-04-17 00:00:00+05:30,23.7
2020-04-18 00:00:00+05:30,27.8
2020-04-19 00:00:00+05:30,32.6
2020-04-20 00:00:00+05:30,38.1
2020-04-21 00:00:00+05:30,33.7
2020-04-22 00:00:00+05:30,49.7
2020-04-23 00:00:00+05:30,47.7
2020-04-24 00:00:00+05:30,52.5
2020-04-26 00:00:00+05:30,41.3
2020-04-27 00:00:00+05:30,27.3
2020-04-28 00:00:00+05:30,36.9
2020-04-29 00:00:00+05:30,53.2
2020-04-30 00:00:00+05:30,52.0
2020-05-01 00:00:00+05:30,56.6
2020-05-02 00:00:00+05:30,35.8
2020-05-03 00:00:00+05:30,33.7
2020-05-04 00:00:00+05:30,26.5
2020-05-05 00:00:00+05:30,44.1
2020-05-06 00:00:00+05:30,53.6
2020-05-07 00:00:00+05:30,30.2
2020-05-08 00:00:00+05:30,44.3
2020-05-09 00:00:00+05:30,54.7
2020-05-10 00:00:00+05:30,43.9
2020-05-11 00:00:00+05:30,44.4
2020-05-12 00:00:00+05:30,42.6
2020-05-13 00:00:00+05:30,64.4
2020-05-14 00:00:00+05:30,44.6
2020-05-15 00:00:00+05:30,54.1
2020-05-16 00:00:00+05:30,74.8
2020-05-17 00:00:00+05:30,89.9
2020-05-18 00:00:00+05:30,88.8
2020-05-19 00:00:00+05:30,92.6
2020-05-20 00:00:00+05:30,58.0
2020-05-21 00:00:00+05:30,42.8
2020-05-22 00:00:00+05:30,68.6
2020-05-23 00:00:00+05:30,60.1
2020-05-24 00:00:00+05:30,46.5
2020-05-25 00:00:00+05:30,61.0
2020-05-26 00:00:00+05:30,57.5
2020-05-27 00:00:00+05:30,43.8
2020-05-28 00:00:00+05:30,37.1
2020-05-29 00:00:00+05:30,23.5
2020-05-30 00:00:00+05:30,23.3
2020-05-31 00:00:00+05:30,20.9
2020-06-01 00:00:00+05:30,37.2
2020-06-02 00:00:00+05:30,42.1
2020-06-03 00:00:00+05:30,47.3
2020-06-04 00:00:00+05:30,65.8
2020-06-05 00:00:00+05:30,34.4
2020-06-06 00:00:00+05:30,27.2
2020-06-07 00:00:00+05:30,27.0
2020-06-08 00:00:00+05:30,39.0
2020-06-09 00:00:00+05:30,57.2
2020-06-10 00:00:00+05:30,48.3
2020-06-11 00:00:00+05:30,45.0
2020-06-12 00:00:00+05:30,61.1
2020-06-13 00:00:00+05:30,46.2
2020-06-14 00:00:00+05:30,61.8
2020-06-15 00:00:00+05:30,47.0
2020-06-16 00:00:00+05:30,38.3
2020-06-17 00:00:00+05:30,27.2
2020-06-18 00:00:00+05:30,35.8
2020-06-19 00:00:00+05:30,61.2
2020-06-20 00:00:00+05:30,36.0
2020-06-21 00:00:00+05:30,39.5
2020-06-22 00:00:00+05:30,40.4
2020-06-23 00:00:00+05:30,26.4
2020-06-24 00:00:00+05:30,28.4
2020-06-25 00:00:00+05:30,32.2
2020-06-26 00:00:00+05:30,40.5
2020-06-27 00:00:00+05:30,37.0
2020-06-28 00:00:00+05:30,56.1
2020-06-29 00:00:00+05:30,37.2
2020-06-30 00:00:00+05:30,36.7
2020-07-01 00:00:00+05:30,49.0
2020-07-02 00:00:00+05:30,57.4
2020-07-03 00:00:00+05:30,60.3
2020-07-04 00:00:00+05:30,42.4
2020-07-05 00:00:00+05:30,27.5
2020-07-06 00:00:00+05:30,40.2
2020-07-07 00:00:00+05:30,11.1
2020-07-08 00:00:00+05:30,21.1
2020-07-09 00:00:00+05:30,27.5
2020-07-10 00:00:00+05:30,21.8
2020-07-11 00:00:00+05:30,17.2
2020-07-12 00:00:00+05:30,18.5
2020-07-13 00:00:00+05:30,27.7
2020-07-14 00:00:00+05:30,36.4
2020-07-15 00:00:00+05:30,38.4
2020-07-16 00:00:00+05:30,27.7
2020-07-17 00:00:00+05:30,42.2
2020-07-18 00:00:00+05:30,38.6
2020-07-19 00:00:00+05:30,21.2
2020-07-20 00:00:00+05:30,16.8
2020-07-21 00:00:00+05:30,20.1
2020-07-22 00:00:00+05:30,15.4
2020-07-23 00:00:00+05:30,30.3
2020-07-24 00:00:00+05:30,35.7
2020-07-25 00:00:00+05:30,27.7
2020-07-26 00:00:00+05:30,34.0
2020-07-27 00:00:00+05:30,28.7
2020-07-28 00:00:00+05:30,21.6
2020-07-29 00:00:00+05:30,21.4
2020-07-30 00:00:00+05:30,14.4
2020-07-31 00:00:00+05:30,30.5
2020-08-03 00:00:00+05:30,19.8
2020-08-04 00:00:00+05:30,21.4
2020-08-05 00:00:00+05:30,35.8
2020-08-06 00:00:00+05:30,9.11
2020-08-07 00:00:00+05:30,22.2
2020-08-08 00:00:00+05:30,45.8
2020-08-09 00:00:00+05:30,20.6
2020-08-10 00:00:00+05:30,25.0
2020-08-11 00:00:00+05:30,35.7
2020-08-12 00:00:00+05:30,21.1
2020-08-13 00:00:00+05:30,12.1
2020-08-14 00:00:00+05:30,16.9
2020-08-15 00:00:00+05:30,27.0
2020-08-16 00:00:00+05:30,18.1
2020-08-17 00:00:00+05:30,25.3
2020-08-18 00:00:00+05:30,23.0
2020-08-19 00:00:00+05:30,16.9
2020-08-20 00:00:00+05:30,18.4
2020-08-21 00:00:00+05:30,16.1
2020-08-22 00:00:00+05:30,14.9
2020-08-23 00:00:00+05:30,16.5
2020-08-24 00:00:00+05:30,11.4
2020-08-25 00:00:00+05:30,15.2
2020-08-26 00:00:00+05:30,12.5
2020-08-27 00:00:00+05:30,14.3
2020-08-28 00:00:00+05:30,22.1
2020-08-29 00:00:00+05:30,26.8
2020-08-30 00:00:00+05:30,12.7
2020-08-31 00:00:00+05:30,7.44
2020-09-01 00:00:00+05:30,14.8
2020-09-02 00:00:00+05:30,16.7
2020-09-03 00:00:00+05:30,30.3
2020-09-04 00:00:00+05:30,39.6
2020-09-05 00:00:00+05:30,17.0
2020-09-06 00:00:00+05:30,23.8
2020-09-07 00:00:00+05:30,45.0
2020-09-08 00:00:00+05:30,28.2
2020-09-09 00:00:00+05:30,49.6
2020-09-10 00:00:00+05:30,50.8
2020-09-11 00:00:00+05:30,56.8
2020-09-12 00:00:00+05:30,52.2
2020-09-13 00:00:00+05:30,59.9
2020-09-14 00:00:00+05:30,67.9
2020-09-15 00:00:00+05:30,57.2
2020-09-16 00:00:00+05:30,60.3
2020-09-17 00:00:00+05:30,41.1
2020-09-18 00:00:00+05:30,37.3
2020-09-19 00:00:00+05:30,51.7
2020-09-20 00:00:00+05:30,59.5
2020-09-21 00:00:00+05:30,58.8
2020-09-22 00:00:00+05:30,29.3
2020-09-23 00:00:00+05:30,22.9
2020-09-24 00:00:00+05:30,32.4
2020-09-25 00:00:00+05:30,50.7
2020-09-26 00:00:00+05:30,53.3
2020-09-27 00:00:00+05:30,32.1
2020-09-28 00:00:00+05:30,66.3
2020-09-29 00:00:00+05:30,64.9
2020-09-30 00:00:00+05:30,54.6
2020-10-01 00:00:00+05:30,56.1
2020-10-02 00:00:00+05:30,66.3
2020-10-03 00:00:00+05:30,75.8
2020-10-04 00:00:00+05:30,78.8
2020-10-05 00:00:00+05:30,67.0
2020-10-06 00:00:00+05:30,67.9
2020-10-07 00:00:00+05:30,82.4
2020-10-08 00:00:00+05:30,74.2
2020-10-09 00:00:00+05:30,82.2
2020-10-10 00:00:00+05:30,92.4
2020-10-11 00:00:00+05:30,90.0
2020-10-12 00:00:00+05:30,110.0
2020-10-13 00:00:00+05:30,116.0
2020-10-14 00:00:00+05:30,112.0
2020-10-15 00:00:00+05:30,132.0
2020-10-16 00:00:00+05:30,95.3
2020-10-17 00:00:00+05:30,119.0
2020-10-18 00:00:00+05:30,108.0
2020-10-19 00:00:00+05:30,106.0
2020-10-20 00:00:00+05:30,97.8
2020-10-21 00:00:00+05:30,91.7
2020-10-22 00:00:00+05:30,141.0
2020-10-23 00:00:00+05:30,193.0
2020-10-24 00:00:00+05:30,161.0
2020-10-25 00:00:00+05:30,163.0
2020-10-26 00:00:00+05:30,185.0
2020-10-27 00:00:00+05:30,166.0
2020-10-28 00:00:00+05:30,160.0
2020-10-29 00:00:00+05:30,223.0
2020-10-30 00:00:00+05:30,223.0
2020-10-31 00:00:00+05:30,266.0
2020-11-01 00:00:00+05:30,242.0
2020-11-02 00:00:00+05:30,135.0
2020-11-03 00:00:00+05:30,156.0
2020-11-04 00:00:00+05:30,354.0
2020-11-05 00:00:00+05:30,273.0
2020-11-06 00:00:00+05:30,224.0
2020-11-07 00:00:00+05:30,320.0
2020-11-08 00:00:00+05:30,307.0
2020-11-09 00:00:00+05:30,549.0
2020-11-10 00:00:00+05:30,487.0
2020-11-11 00:00:00+05:30,120.0
2020-11-12 00:00:00+05:30,159.0
2020-11-13 00:00:00+05:30,161.0
2020-11-14 00:00:00+05:30,360.0
2020-11-15 00:00:00+05:30,306.0
2020-11-16 00:00:00+05:30,93.9
2020-11-17 00:00:00+05:30,80.2
2020-11-18 00:00:00+05:30,112.0
2020-11-19 00:00:00+05:30,127.0
2020-11-20 00:00:00+05:30,135.0
2020-11-21 00:00:00+05:30,130.0
2020-11-22 00:00:00+05:30,138.0
2020-11-23 00:00:00+05:30,147.0
2020-11-24 00:00:00+05:30,235.0
2020-11-25 00:00:00+05:30,272.0
2020-11-26 00:00:00+05:30,167.0
2020-11-27 00:00:00+05:30,81.2
2020-11-28 00:00:00+05:30,118.0
2020-11-29 00:00:00+05:30,118.0
2020-11-30 00:00:00+05:30,163.0
2020-12-01 00:00:00+05:30,215.0
2020-12-02 00:00:00+05:30,216.0
2020-12-03 00:00:00+05:30,214.0
2020-12-04 00:00:00+05:30,232.0
2020-12-05 00:00:00+05:30,254.0
2020-12-06 00:00:00+05:30,224.0
2020-12-07 00:00:00+05:30,299.0
2020-12-08 00:00:00+05:30,195.0
2020-12-09 00:00:00+05:30,181.0
2020-12-10 00:00:00+05:30,128.0
2020-12-11 00:00:00+05:30,146.0
2020-12-13 00:00:00+05:30,86.5
2020-12-14 00:00:00+05:30,87.0
2020-12-15 00:00:00+05:30,128.0
2020-12-16 00:00:00+05:30,130.0
2020-12-17 00:00:00+05:30,148.0
2020-12-18 00:00:00+05:30,134.0
2020-12-19 00:00:00+05:30,197.0
2020-12-20 00:00:00+05:30,183.0
2020-12-21 00:00:00+05:30,181.0
2020-12-22 00:00:00+05:30,293.0
2020-12-23 00:00:00+05:30,349.0
2020-12-24 00:00:00+05:30,335.0
2020-12-25 00:00:00+05:30,212.0
2020-12-26 00:00:00+05:30,205.0
2020-12-27 00:00:00+05:30,270.0
2020-12-28 00:00:00+05:30,96.5
2020-12-29 00:00:00+05:30,128.0
2020-12-30 00:00:00+05:30,168.0
2020-12-31 00:00:00+05:30,253.0
2021-01-01 00:00:00+05:30,392.0
2021-01-02 00:00:00+05:30,401.0
2021-01-03 00:00:00+05:30,125.0
2021-01-04 00:00:00+05:30,85.8
2021-01-05 00:00:00+05:30,68.2
2021-01-06 00:00:00+05:30,129.0
2021-01-07 00:00:00+05:30,128.0
2021-01-08 00:00:00+05:30,159.0
2021-01-09 00:00:00+05:30,163.0
2021-01-10 00:00:00+05:30,145.0
2021-01-11 00:00:00+05:30,135.0
2021-01-12 00:00:00+05:30,197.0
2021-01-13 00:00:00+05:30,250.0
2021-01-14 00:00:00+05:30,423.0
2021-01-15 00:00:00+05:30,410.0
2021-01-16 00:00:00+05:30,291.0
2021-01-17 00:00:00+05:30,254.0
2021-01-18 00:00:00+05:30,223.0
2021-01-19 00:00:00+05:30,297.0
2021-01-20 00:00:00+05:30,147.0
2021-01-21 00:00:00+05:30,147.0
2021-01-22 00:00:00+05:30,223.0
2021-01-23 00:00:00+05:30,185.0
2021-01-24 00:00:00+05:30,240.0
2021-01-25 00:00:00+05:30,182.0
2021-01-26 00:00:00+05:30,175.0
2021-01-27 00:00:00+05:30,183.0
2021-01-28 00:00:00+05:30,258.0
2021-01-29 00:00:00+05:30,206.0
2021-01-30 00:00:00+05:30,152.0
2021-01-31 00:00:00+05:30,114.0
2021-02-01 00:00:00+05:30,308.0
2021-02-02 00:00:00+05:30,213.0
2021-02-03 00:00:00+05:30,179.0
2021-02-04 00:00:00+05:30,155.0
2021-02-05 00:00:00+05:30,73.7
2021-02-06 00:00:00+05:30,119.0
2021-02-07 00:00:00+05:30,137.0
2021-02-08 00:00:00+05:30,183.0
2021-02-09 00:00:00+05:30,195.0
2021-02-10 00:00:00+05:30,141.0
2021-02-11 00:00:00+05:30,188.0
2021-02-12 00:00:00+05:30,229.0
2021-02-13 00:00:00+05:30,169.0
2021-02-14 00:00:00+05:30,191.0
2021-02-15 00:00:00+05:30,199.0
2021-02-16 00:00:00+05:30,175.0
2021-02-17 00:00:00+05:30,157.0
2021-02-18 00:00:00+05:30,136.0
2021-02-19 00:00:00+05:30,182.0
2021-02-20 00:00:00+05:30,
2021-02-21 00:00:00+05:30,
2021-02-22 00:00:00+05:30,100.0
2021-02-23 00:00:00+05:30,81.1
2021-02-24 00:00:00+05:30,92.6
2021-02-25 00:00:00+05:30,147.0
2021-02-26 00:00:00+05:30,159.0
2021-02-27 00:00:00+05:30,55.0
2021-02-28 00:00:00+05:30,47.7
2021-03-01 00:00:00+05:30,71.1
2021-03-02 00:00:00+05:30,65.9
2021-03-03 00:00:00+05:30,91.3
2021-03-04 00:00:00+05:30,106.0
2021-03-05 00:00:00+05:30,98.2
2021-03-06 00:00:00+05:30,109.0
2021-03-07 00:00:00+05:30,101.0
2021-03-08 00:00:00+05:30,107.0
2021-03-09 00:00:00+05:30,145.0
2021-03-10 00:00:00+05:30,74.8
2021-03-11 00:00:00+05:30,111.0
2021-03-12 00:00:00+05:30,60.9
2021-03-13 00:00:00+05:30,80.7
2021-03-14 00:00:00+05:30,102.0
2021-03-15 00:00:00+05:30,91.1
2021-03-16 00:00:00+05:30,122.0
2021-03-17 00:00:00+05:30,110.0
2021-03-18 00:00:00+05:30,109.0
2021-03-19 00:00:00+05:30,96.6
2021-03-20 00:00:00+05:30,114.0
2021-03-21 00:00:00+05:30,97.5
2021-03-22 00:00:00+05:30,73.1
2021-03-23 00:00:00+05:30,71.1
2021-03-24 00:00:00+05:30,58.6
2021-03-25 00:00:00+05:30,48.3
2021-03-26 00:00:00+05:30,76.2
2021-03-27 00:00:00+05:30,79.4
2021-03-28 00:00:00+05:30,74.6
2021-03-29 00:00:00+05:30,84.3
2021-03-30 00:00:00+05:30,80.0
2021-03-31 00:00:00+05:30,61.2
2021-04-01 00:00:00+05:30,39.2
2021-04-02 00:00:00+05:30,62.3
2021-04-03 00:00:00+05:30,33.9
2021-04-04 00:00:00+05:30,59.2
2021-04-05 00:00:00+05:30,76.9
2021-04-06 00:00:00+05:30,124.0
2021-04-07 00:00:00+05:30,65.0
2021-04-08 00:00:00+05:30,47.4
2021-04-09 00:00:00+05:30,79.4
2021-04-10 00:00:00+05:30,72.5
2021-04-11 00:00:00+05:30,69.3
2021-04-12 00:00:00+05:30,112.0
2021-04-13 00:00:00+05:30,96.8
2021-04-14 00:00:00+05:30,64.9
2021-04-15 00:00:00+05:30,79.5
2021-04-16 00:00:00+05:30,66.8
2021-04-17 00:00:00+05:30,36.2
2021-04-18 00:00:00+05:30,49.7
2021-04-19 00:00:00+05:30,66.7
2021-04-20 00:00:00+05:30,57.3
2021-04-21 00:00:00+05:30,38.3
2021-04-22 00:00:00+05:30,41.1
2021-04-23 00:00:00+05:30,40.6
2021-04-24 00:00:00+05:30,30.2
2021-04-27 00:00:00+05:30,97.1
2021-04-28 00:00:00+05:30,173.0
2021-04-29 00:00:00+05:30,149.0
2021-04-30 00:00:00+05:30,110.0
2021-05-01 00:00:00+05:30,96.8
2021-05-02 00:00:00+05:30,77.3
2021-05-03 00:00:00+05:30,120.0
2021-05-04 00:00:00+05:30,62.8
2021-05-05 00:00:00+05:30,63.5
2021-05-06 00:00:00+05:30,61.4
2021-05-07 00:00:00+05:30,56.2
2021-05-08 00:00:00+05:30,52.0
2021-05-09 00:00:00+05:30,55.5
2021-05-10 00:00:00+05:30,49.8
2021-05-11 00:00:00+05:30,45.6
2021-05-12 00:00:00+05:30,35.4
2021-05-13 00:00:00+05:30,35.2
2021-05-14 00:00:00+05:30,55.5
2021-05-15 00:00:00+05:30,45.0
2021-05-16 00:00:00+05:30,51.9
2021-05-17 00:00:00+05:30,73.4
2021-05-18 00:00:00+05:30,23.0
2021-05-19 00:00:00+05:30,20.6
2021-05-20 00:00:00+05:30,24.5
2021-05-21 00:00:00+05:30,23.7
2021-05-22 00:00:00+05:30,20.4
2021-05-25 00:00:00+05:30,42.6
2021-05-26 00:00:00+05:30,60.3
2021-05-27 00:00:00+05:30,39.6
2021-05-28 00:00:00+05:30,31.0
2021-05-29 00:00:00+05:30,18.1
2021-05-30 00:00:00+05:30,18.7
2021-05-31 00:00:00+05:30,38.8
2021-06-01 00:00:00+05:30,23.0
2021-06-02 00:00:00+05:30,48.1
2021-06-03 00:00:00+05:30,57.3
2021-06-04 00:00:00+05:30,44.5
2021-06-05 00:00:00+05:30,42.5
2021-06-06 00:00:00+05:30,36.0
2021-06-07 00:00:00+05:30,53.6
2021-06-08 00:00:00+05:30,61.6
2021-06-10 00:00:00+05:30,33.0
2021-06-11 00:00:00+05:30,38.6
2021-06-12 00:00:00+05:30,34.8
2021-06-13 00:00:00+05:30,36.7
2021-06-14 00:00:00+05:30,34.0
2021-06-15 00:00:00+05:30,29.1
2021-06-16 00:00:00+05:30,28.3
2021-06-17 00:00:00+05:30,35.8
2021-06-18 00:00:00+05:30,29.3
2021-06-19 00:00:00+05:30,21.8
2021-06-20 00:00:00+05:30,25.2
2021-06-21 00:00:00+05:30,35.5
2021-06-22 00:00:00+05:30,41.8
2021-06-23 00:00:00+05:30,75.2
2021-06-24 00:00:00+05:30,51.2
2021-06-25 00:00:00+05:30,47.1
2021-06-26 00:00:00+05:30,41.3
2021-06-27 00:00:00+05:30,70.0
2021-06-28 00:00:00+05:30,63.4
2021-06-29 00:00:00+05:30,74.2
2021-06-30 00:00:00+05:30,68.0
2021-07-01 00:00:00+05:30,27.0
2021-07-02 00:00:00+05:30,57.4
2021-07-03 00:00:00+05:30,37.1
2021-07-04 00:00:00+05:30,46.9
2021-07-05 00:00:00+05:30,41.4
2021-07-06 00:00:00+05:30,41.5
2021-07-07 00:00:00+05:30,55.1
2021-07-08 00:00:00+05:30,45.2
2021-07-09 00:00:00+05:30,46.1
2021-07-10 00:00:00+05:30,36.7
2021-07-13 00:00:00+05:30,26.4
2021-07-14 00:00:00+05:30,28.6
2021-07-15 00:00:00+05:30,44.5
2021-07-16 00:00:00+05:30,35.3
2021-07-17 00:00:00+05:30,40.7
2021-07-18 00:00:00+05:30,28.2
2021-07-19 00:00:00+05:30,11.4
2021-07-20 00:00:00+05:30,27.6
2021-07-21 00:00:00+05:30,34.0
2021-07-22 00:00:00+05:30,26.4
2021-07-23 00:00:00+05:30,26.4
2021-07-24 00:00:00+05:30,33.8
2021-07-25 00:00:00+05:30,33.7
2021-08-03 00:00:00+05:30,19.5
2021-08-04 00:00:00+05:30,17.3
2021-08-05 00:00:00+05:30,29.4
2021-08-06 00:00:00+05:30,46.0
2021-08-07 00:00:00+05:30,39.0
2021-08-08 00:00:00+05:30,51.4
2021-08-09 00:00:00+05:30,49.2
2021-08-10 00:00:00+05:30,34.4
2021-08-11 00:00:00+05:30,26.3
2021-08-12 00:00:00+05:30,28.1
2021-08-13 00:00:00+05:30,28.4
2021-08-14 00:00:00+05:30,26.8
2021-08-15 00:00:00+05:30,28.1
2021-08-16 00:00:00+05:30,33.7
2021-08-17 00:00:00+05:30,43.1
2021-08-18 00:00:00+05:30,51.2
2021-08-19 00:00:00+05:30,68.6
2021-08-20 00:00:00+05:30,37.9
2021-08-21 00:00:00+05:30,20.1
2021-08-22 00:00:00+05:30,31.6
2021-08-23 00:00:00+05:30,28.4
2021-08-24 00:00:00+05:30,40.2
2021-08-25 00:00:00+05:30,30.5
2021-08-26 00:00:00+05:30,27.1
2021-08-27 00:00:00+05:30,39.4
2021-08-28 00:00:00+05:30,44.4
2021-08-29 00:00:00+05:30,44.5
2021-08-30 00:00:00+05:30,16.0
2021-08-31 00:00:00+05:30,18.4
2021-09-01 00:00:00+05:30,20.0
2021-09-02 00:00:00+05:30,24.5
2021-09-03 00:00:00+05:30,20.4
2021-09-04 00:00:00+05:30,20.2
2021-09-05 00:00:00+05:30,33.7
2021-09-06 00:00:00+05:30,40.7
2021-09-07 00:00:00+05:30,39.8
2021-09-08 00:00:00+05:30,21.1
2021-09-09 00:00:00+05:30,26.1
2021-09-10 00:00:00+05:30,28.9
2021-09-11 00:00:00+05:30,17.7
2021-09-12 00:00:00+05:30,22.5
2021-09-13 00:00:00+05:30,33.2
2021-09-14 00:00:00+05:30,26.1
2021-09-15 00:00:00+05:30,16.0
2021-09-16 00:00:00+05:30,18.7
2021-09-17 00:00:00+05:30,19.6
2021-09-18 00:00:00+05:30,30.3
2021-09-19 00:00:00+05:30,24.9
2021-09-20 00:00:00+05:30,25.5
2021-09-21 00:00:00+05:30,27.9
2021-09-22 00:00:00+05:30,24.4
2021-09-23 00:00:00+05:30,21.6
2021-09-24 00:00:00+05:30,20.8
2021-09-25 00:00:00+05:30,39.0
2021-09-26 00:00:00+05:30,31.3
2021-09-27 00:00:00+05:30,49.1
2021-09-28 00:00:00+05:30,45.0
2021-09-29 00:00:00+05:30,30.2
2021-09-30 00:00:00+05:30,29.1
2021-10-01 00:00:00+05:30,42.1
2021-10-02 00:00:00+05:30,49.7
2021-10-03 00:00:00+05:30,30.0
2021-10-04 00:00:00+05:30,28.5
2021-10-05 00:00:00+05:30,36.9
2021-10-06 00:00:00+05:30,46.2
2021-10-07 00:00:00+05:30,64.0
2021-10-08 00:00:00+05:30,70.9
2021-10-09 00:00:00+05:30,66.8
2021-10-10 00:00:00+05:30,51.3
2021-10-11 00:00:00+05:30,50.4
2021-10-12 00:00:00+05:30,73.6
2021-10-13 00:00:00+05:30,
2021-10-14 00:00:00+05:30,61.9
2021-10-15 00:00:00+05:30,91.8
2021-10-16 00:00:00+05:30,158.0
2021-10-17 00:00:00+05:30,125.0
2021-10-18 00:00:00+05:30,12.3
2021-10-19 00:00:00+05:30,52.3
2021-10-20 00:00:00+05:30,99.0
2021-10-21 00:00:00+05:30,66.0
2021-10-22 00:00:00+05:30,45.3
2021-10-23 00:00:00+05:30,53.4
2021-10-24 00:00:00+05:30,60.0
2021-10-25 00:00:00+05:30,39.5
2021-10-26 00:00:00+05:30,67.6
2021-10-27 00:00:00+05:30,108.0
2021-10-28 00:00:00+05:30,131.0
2021-10-29 00:00:00+05:30,142.0
2021-10-30 00:00:00+05:30,102.0
2021-10-31 00:00:00+05:30,130.0
2021-11-01 00:00:00+05:30,112.0
2021-11-02 00:00:00+05:30,127.0
2021-11-03 00:00:00+05:30,147.0
2021-11-04 00:00:00+05:30,303.0
2021-11-05 00:00:00+05:30,383.0
2021-11-06 00:00:00+05:30,335.0
2021-11-07 00:00:00+05:30,252.0
2021-11-08 00:00:00+05:30,241.0
2021-11-09 00:00:00+05:30,263.0
2021-11-10 00:00:00+05:30,217.0
2021-11-11 00:00:00+05:30,280.0
2021-11-12 00:00:00+05:30,409.0
2021-11-13 00:00:00+05:30,290.0
2021-11-14 00:00:00+05:30,158.0
2021-11-15 00:00:00+05:30,187.0
2021-11-16 00:00:00+05:30,253.0
2021-11-17 00:00:00+05:30,190.0
2021-11-18 00:00:00+05:30,175.0
2021-11-19 00:00:00+05:30,225.0
2021-11-20 00:00:00+05:30,204.0
2021-11-21 00:00:00+05:30,197.0
2021-11-22 00:00:00+05:30,153.0
2021-11-23 00:00:00+05:30,138.0
2021-11-24 00:00:00+05:30,194.0
2021-11-25 00:00:00+05:30,249.0
2021-11-26 00:00:00+05:30,258.0
2021-11-27 00:00:00+05:30,215.0
2021-11-28 00:00:00+05:30,288.0
2021-11-29 00:00:00+05:30,204.0
2021-11-30 00:00:00+05:30,182.0
2021-12-01 00:00:00+05:30,220.0
2021-12-02 00:00:00+05:30,301.0
2021-12-03 00:00:00+05:30,215.0
2021-12-04 00:00:00+05:30,166.0
2021-12-05 00:00:00+05:30,148.0
2021-12-06 00:00:00+05:30,154.0
2021-12-07 00:00:00+05:30,116.0
2021-12-08 00:00:00+05:30,119.0
2021-12-09 00:00:00+05:30,149.0
2021-12-10 00:00:00+05:30,155.0
2021-12-11 00:00:00+05:30,115.0
2021-12-12 00:00:00+05:30,117.0
2021-12-13 00:00:00+05:30,154.0
2021-12-14 00:00:00+05:30,203.0
2021-12-15 00:00:00+05:30,196.0
2021-12-16 00:00:00+05:30,211.0
2021-12-17 00:00:00+05:30,163.0
2021-12-18 00:00:00+05:30,158.0
2021-12-19 00:00:00+05:30,146.0
2021-12-20 00:00:00+05:30,181.0
2021-12-21 00:00:00+05:30,227.0
2021-12-22 00:00:00+05:30,268.0
2021-12-23 00:00:00+05:30,332.0
2021-12-24 00:00:00+05:30,280.0
2021-12-25 00:00:00+05:30,351.0
2021-12-26 00:00:00+05:30,369.0
2021-12-27 00:00:00+05:30,123.0
2021-12-28 00:00:00+05:30,128.0
2021-12-29 00:00:00+05:30,127.0
2021-12-30 00:00:00+05:30,154.0
2021-12-31 00:00:00+05:30,204.0
2022-01-01 00:00:00+05:30,227.0
2022-01-02 00:00:00+05:30,270.0
2022-01-03 00:00:00+05:30,248.0
2022-01-04 00:00:00+05:30,205.0
2022-01-05 00:00:00+05:30,278.0
2022-01-06 00:00:00+05:30,123.0
2022-01-07 00:00:00+05:30,78.6
2022-01-08 00:00:00+05:30,47.4
2022-01-09 00:00:00+05:30,46.1
2022-01-10 00:00:00+05:30,107.0
2022-01-11 00:00:00+05:30,115.0
2022-01-12 00:00:00+05:30,125.0
2022-01-13 00:00:00+05:30,249.0
2022-01-14 00:00:00+05:30,226.0
2022-01-15 00:00:00+05:30,162.0
2022-01-16 00:00:00+05:30,163.0
2022-01-17 00:00:00+05:30,201.0
2022-01-18 00:00:00+05:30,219.0
2022-01-19 00:00:00+05:30,204.0
2022-01-20 00:00:00+05:30,274.0
2022-01-21 00:00:00+05:30,204.0
2022-01-22 00:00:00+05:30,151.0
2022-01-23 00:00:00+05:30,120.0
2022-01-24 00:00:00+05:30,99.5
2022-01-25 00:00:00+05:30,123.0
2022-01-26 00:00:00+05:30,122.0
2022-01-27 00:00:00+05:30,168.0
2022-01-28 00:00:00+05:30,104.0
2022-01-29 00:00:00+05:30,127.0
2022-01-30 00:00:00+05:30,154.0
2022-01-31 00:00:00+05:30,225.0
2022-02-01 00:00:00+05:30,226.0
2022-02-02 00:00:00+05:30,175.0
2022-02-03 00:00:00+05:30,174.0
2022-02-04 00:00:00+05:30,55.5
2022-02-05 00:00:00+05:30,118.0
2022-02-06 00:00:00+05:30,106.0
2022-02-07 00:00:00+05:30,116.0
2022-02-08 00:00:00+05:30,115.0
2022-02-09 00:00:00+05:30,95.7
2022-02-10 00:00:00+05:30,77.8
2022-02-11 00:00:00+05:30,78.3
2022-02-12 00:00:00+05:30,79.5
2022-02-13 00:00:00+05:30,109.0
2022-02-14 00:00:00+05:30,76.5
2022-02-15 00:00:00+05:30,77.9
2022-02-16 00:00:00+05:30,110.0
2022-02-17 00:00:00+05:30,102.0
2022-02-18 00:00:00+05:30,105.0
2022-02-19 00:00:00+05:30,74.8
2022-02-20 00:00:00+05:30,81.5
2022-02-21 00:00:00+05:30,64.9
2022-02-22 00:00:00+05:30,86.1
2022-02-23 00:00:00+05:30,110.0
2022-02-24 00:00:00+05:30,136.0
2022-02-25 00:00:00+05:30,136.0
2022-02-26 00:00:00+05:30,28.7
2022-02-27 00:00:00+05:30,30.0
2022-02-28 00:00:00+05:30,39.4
2022-03-01 00:00:00+05:30,81.8
2022-03-02 00:00:00+05:30,104.0
2022-03-03 00:00:00+05:30,67.3
2022-03-04 00:00:00+05:30,78.3
2022-03-05 00:00:00+05:30,50.9
2022-03-06 00:00:00+05:30,69.1
2022-03-07 00:00:00+05:30,88.0
2022-03-08 00:00:00+05:30,108.0
2022-03-09 00:00:00+05:30,55.2
2022-03-10 00:00:00+05:30,59.5
2022-03-11 00:00:00+05:30,77.8
2022-03-12 00:00:00+05:30,74.7
2022-03-13 00:00:00+05:30,81.2
2022-03-14 00:00:00+05:30,104.0
2022-03-15 00:00:00+05:30,108.0
2022-03-16 00:00:00+05:30,86.4
2022-03-17 00:00:00+05:30,106.0
2022-03-18 00:00:00+05:30,119.0
2022-03-19 00:00:00+05:30,92.7
2022-03-20 00:00:00+05:30,83.2
2022-03-21 00:00:00+05:30,117.0
2022-03-22 00:00:00+05:30,71.9
2022-03-23 00:00:00+05:30,77.0
2022-03-24 00:00:00+05:30,71.8
2022-03-25 00:00:00+05:30,76.9
2022-03-26 00:00:00+05:30,85.0
2022-03-27 00:00:00+05:30,71.4
2022-03-28 00:00:00+05:30,115.0
2022-03-29 00:00:00+05:30,72.9
2022-03-30 00:00:00+05:30,91.7
2022-03-31 00:00:00+05:30,121.0
2022-04-01 00:00:00+05:30,72.7
2022-04-02 00:00:00+05:30,95.6
2022-04-03 00:00:00+05:30,86.9
2022-04-04 00:00:00+05:30,96.7
2022-04-05 00:00:00+05:30,101.0
2022-04-06 00:00:00+05:30,101.0
2022-04-07 00:00:00+05:30,118.0
2022-04-08 00:00:00+05:30,83.0
2022-04-09 00:00:00+05:30,82.8
2022-04-10 00:00:00+05:30,94.7
2022-04-11 00:00:00+05:30,94.4
2022-04-12 00:00:00+05:30,75.2
2022-04-13 00:00:00+05:30,92.8
2022-04-14 00:00:00+05:30,71.3
2022-04-15 00:00:00+05:30,62.1
2022-04-16 00:00:00+05:30,84.8
2022-04-17 00:00:00+05:30,95.3
2022-04-18 00:00:00+05:30,91.5
2022-04-19 00:00:00+05:30,111.0
2022-04-20 00:00:00+05:30,95.5
2022-04-21 00:00:00+05:30,86.3
2022-04-22 00:00:00+05:30,60.1
2022-04-23 00:00:00+05:30,102.0
2022-04-24 00:00:00+05:30,128.0
2022-04-25 00:00:00+05:30,93.6
2022-04-26 00:00:00+05:30,94.8
2022-04-27 00:00:00+05:30,150.0
2022-04-28 00:00:00+05:30,161.0
2022-04-29 00:00:00+05:30,121.0
2022-04-30 00:00:00+05:30,105.0
2022-05-01 00:00:00+05:30,73.0
2022-05-02 00:00:00+05:30,66.1
2022-05-03 00:00:00+05:30,88.3
2022-05-04 00:00:00+05:30,71.7
2022-05-05 00:00:00+05:30,63.6
2022-05-06 00:00:00+05:30,109.0
2022-05-07 00:00:00+05:30,67.8
2022-05-08 00:00:00+05:30,76.8
2022-05-09 00:00:00+05:30,61.9
2022-05-10 00:00:00+05:30,63.9
2022-05-11 00:00:00+05:30,
2022-05-12 00:00:00+05:30,
2022-05-13 00:00:00+05:30,
2022-05-14 00:00:00+05:30,
2022-05-15 00:00:00+05:30,
2022-05-16 00:00:00+05:30,
2022-05-17 00:00:00+05:30,
2022-05-18 00:00:00+05:30,
2022-05-19 00:00:00+05:30,
2022-05-20 00:00:00+05:30,
2022-05-21 00:00:00+05:30,
2022-05-22 00:00:00+05:30,
2022-05-23 00:00:00+05:30,
2022-05-24 00:00:00+05:30,
2022-05-25 00:00:00+05:30,
2022-05-26 00:00:00+05:30,
2022-05-27 00:00:00+05:30,
2022-05-28 00:00:00+05:30,
2022-05-29 00:00:00+05:30,
2022-05-30 00:00:00+05:30,
2022-05-31 00:00:00+05:30,
2022-06-01 00:00:00+05:30,
2022-06-02 00:00:00+05:30,
2022-06-03 00:00:00+05:30,
2022-06-04 00:00:00+05:30,42.2
2022-06-05 00:00:00+05:30,86.0
2022-06-06 00:00:00+05:30,
2022-06-07 00:00:00+05:30,
2022-06-08 00:00:00+05:30,52.0
2022-06-09 00:00:00+05:30,65.3
2022-06-10 00:00:00+05:30,78.8
2022-06-11 00:00:00+05:30,64.1
2022-06-12 00:00:00+05:30,70.0
2022-06-13 00:00:00+05:30,46.0
2022-06-14 00:00:00+05:30,53.4
2022-06-15 00:00:00+05:30,27.8
2022-06-16 00:00:00+05:30,27.3
2022-06-17 00:00:00+05:30,23.5
2022-06-18 00:00:00+05:30,27.9
2022-06-19 00:00:00+05:30,31.5
2022-06-20 00:00:00+05:30,35.2
2022-06-21 00:00:00+05:30,35.2
2022-06-22 00:00:00+05:30,45.5
2022-06-23 00:00:00+05:30,51.3
2022-06-24 00:00:00+05:30,61.6
2022-06-25 00:00:00+05:30,66.7
2022-06-26 00:00:00+05:30,69.1
2022-06-27 00:00:00+05:30,48.6
2022-06-28 00:00:00+05:30,62.8
2022-06-29 00:00:00+05:30,55.3
2022-06-30 00:00:00+05:30,32.1
2022-07-01 00:00:00+05:30,22.9
2022-07-02 00:00:00+05:30,31.6
2022-07-03 00:00:00+05:30,20.4
2022-07-04 00:00:00+05:30,51.6
2022-07-05 00:00:00+05:30,54.1
2022-07-06 00:00:00+05:30,44.0
2022-07-07 00:00:00+05:30,33.6
2022-07-08 00:00:00+05:30,28.5
2022-07-09 00:00:00+05:30,36.7
2022-07-10 00:00:00+05:30,27.0
2022-07-11 00:00:00+05:30,34.1
2022-07-12 00:00:00+05:30,20.3
2022-07-13 00:00:00+05:30,30.0
2022-07-14 00:00:00+05:30,25.3
2022-07-15 00:00:00+05:30,21.7
2022-07-16 00:00:00+05:30,20.5
2022-07-17 00:00:00+05:30,23.0
2022-07-18 00:00:00+05:30,33.0
2022-07-19 00:00:00+05:30,33.5
2022-07-20 00:00:00+05:30,11.1
2022-07-21 00:00:00+05:30,32.4
2022-07-22 00:00:00+05:30,46.5
2022-07-23 00:00:00+05:30,22.3
2022-07-24 00:00:00+05:30,19.4
2022-07-25 00:00:00+05:30,19.5
2022-07-26 00:00:00+05:30,23.4
2022-07-27 00:00:00+05:30,21.8
2022-07-28 00:00:00+05:30,15.9
2022-07-29 00:00:00+05:30,15.0
2022-07-30 00:00:00+05:30,15.5
2022-07-31 00:00:00+05:30,18.4
2022-08-01 00:00:00+05:30,17.3
2022-08-02 00:00:00+05:30,21.9
2022-08-03 00:00:00+05:30,37.6
2022-08-04 00:00:00+05:30,41.1
2022-08-05 00:00:00+05:30,28.3
2022-08-06 00:00:00+05:30,45.3
2022-08-07 00:00:00+05:30,35.6
2022-08-08 00:00:00+05:30,34.2
2022-08-09 00:00:00+05:30,37.2
2022-08-10 00:00:00+05:30,18.8
2022-08-11 00:00:00+05:30,13.4
2022-08-12 00:00:00+05:30,16.6
2022-08-13 00:00:00+05:30,23.6
2022-08-14 00:00:00+05:30,19.4
2022-08-15 00:00:00+05:30,15.1
2022-08-16 00:00:00+05:30,13.4
2022-08-17 00:00:00+05:30,9.23
2022-08-18 00:00:00+05:30,17.2
2022-08-19 00:00:00+05:30,12.8
2022-08-20 00:00:00+05:30,26.3
2022-08-21 00:00:00+05:30,39.8
2022-08-22 00:00:00+05:30,29.5
2022-08-23 00:00:00+05:30,21.1
2022-08-24 00:00:00+05:30,15.8
2022-08-25 00:00:00+05:30,24.0
2022-08-26 00:00:00+05:30,26.1
2022-08-27 00:00:00+05:30,28.4
2022-08-28 00:00:00+05:30,32.1
2022-08-29 00:00:00+05:30,39.7
2022-08-30 00:00:00+05:30,40.5
2022-08-31 00:00:00+05:30,37.8
2022-09-01 00:00:00+05:30,37.3
2022-09-02 00:00:00+05:30,35.5
2022-09-03 00:00:00+05:30,26.5
2022-09-04 00:00:00+05:30,18.0
2022-09-05 00:00:00+05:30,14.4
2022-09-06 00:00:00+05:30,28.9
2022-09-07 00:00:00+05:30,37.1
2022-09-08 00:00:00+05:30,52.1
2022-09-09 00:00:00+05:30,52.1
2022-09-10 00:00:00+05:30,46.7
2022-09-11 00:00:00+05:30,28.1
2022-09-12 00:00:00+05:30,17.4
2022-09-13 00:00:00+05:30,12.9
2022-09-14 00:00:00+05:30,12.6
2022-09-15 00:00:00+05:30,13.3
2022-09-16 00:00:00+05:30,9.63
2022-09-17 00:00:00+05:30,27.9
2022-09-18 00:00:00+05:30,36.5
2022-09-19 00:00:00+05:30,65.2
2022-09-20 00:00:00+05:30,42.2
2022-09-21 00:00:00+05:30,34.9
2022-09-22 00:00:00+05:30,21.6
2022-09-23 00:00:00+05:30,25.0
2022-09-24 00:00:00+05:30,25.1
2022-09-25 00:00:00+05:30,20.9
2022-09-26 00:00:00+05:30,42.4
2022-09-27 00:00:00+05:30,35.2
2022-09-28 00:00:00+05:30,46.4
2022-09-29 00:00:00+05:30,57.8
2022-09-30 00:00:00+05:30,70.0
2022-10-01 00:00:00+05:30,74.4
2022-10-02 00:00:00+05:30,61.9
2022-10-03 00:00:00+05:30,36.2
2022-10-04 00:00:00+05:30,54.4
2022-10-05 00:00:00+05:30,83.7
2022-10-06 00:00:00+05:30,12.1
2022-10-07 00:00:00+05:30,14.5
2022-10-08 00:00:00+05:30,9.65
2022-10-09 00:00:00+05:30,6.23
2022-10-10 00:00:00+05:30,10.9
2022-10-11 00:00:00+05:30,28.6
2022-10-12 00:00:00+05:30,58.6
2022-10-13 00:00:00+05:30,43.7
2022-10-14 00:00:00+05:30,66.6
2022-10-15 00:00:00+05:30,87.4
2022-10-16 00:00:00+05:30,92.2
2022-10-17 00:00:00+05:30,97.4
2022-10-18 00:00:00+05:30,90.3
2022-10-19 00:00:00+05:30,73.0
2022-10-20 00:00:00+05:30,79.8
2022-10-21 00:00:00+05:30,105.0
2022-10-22 00:00:00+05:30,110.0
2022-10-23 00:00:00+05:30,114.0
2022-10-24 00:00:00+05:30,203.0
2022-10-25 00:00:00+05:30,106.0
2022-10-26 00:00:00+05:30,126.0
2022-10-27 00:00:00+05:30,162.0
2022-10-28 00:00:00+05:30,185.0
2022-10-29 00:00:00+05:30,218.0
2022-10-30 00:00:00+05:30,169.0
2022-10-31 00:00:00+05:30,218.0
2022-11-01 00:00:00+05:30,230.0
2022-11-02 00:00:00+05:30,212.0
2022-11-03 00:00:00+05:30,379.0
2022-11-04 00:00:00+05:30,313.0
2022-11-05 00:00:00+05:30,189.0
2022-11-06 00:00:00+05:30,165.0
2022-11-07 00:00:00+05:30,161.0
2022-11-08 00:00:00+05:30,243.0
2022-11-09 00:00:00+05:30,83.7
2022-11-10 00:00:00+05:30,122.0
2022-11-11 00:00:00+05:30,229.0
2022-11-12 00:00:00+05:30,202.0
2022-11-13 00:00:00+05:30,160.0
2022-11-14 00:00:00+05:30,112.0
2022-11-15 00:00:00+05:30,89.6
2022-11-16 00:00:00+05:30,114.0
2022-11-17 00:00:00+05:30,132.0
2022-11-18 00:00:00+05:30,157.0
2022-11-19 00:00:00+05:30,136.0
2022-11-20 00:00:00+05:30,170.0
2022-11-21 00:00:00+05:30,150.0
2022-11-22 00:00:00+05:30,120.0
2022-11-23 00:00:00+05:30,121.0
2022-11-24 00:00:00+05:30,101.0
2022-11-25 00:00:00+05:30,128.0
2022-11-26 00:00:00+05:30,191.0
2022-11-27 00:00:00+05:30,179.0
2022-11-28 00:00:00+05:30,178.0
2022-11-29 00:00:00+05:30,217.0
2022-11-30 00:00:00+05:30,182.0
2022-12-01 00:00:00+05:30,209.0
2022-12-02 00:00:00+05:30,168.0
2022-12-03 00:00:00+05:30,196.0
2022-12-04 00:00:00+05:30,223.0
2022-12-05 00:00:00+05:30,178.0
2022-12-06 00:00:00+05:30,215.0
2022-12-07 00:00:00+05:30,138.0
2022-12-08 00:00:00+05:30,137.0
2022-12-09 00:00:00+05:30,169.0
2022-12-10 00:00:00+05:30,206.0
2022-12-11 00:00:00+05:30,142.0
2022-12-12 00:00:00+05:30,93.0
2022-12-13 00:00:00+05:30,69.3
2022-12-14 00:00:00+05:30,81.9
2022-12-15 00:00:00+05:30,89.5
2022-12-16 00:00:00+05:30,102.0
2022-12-17 00:00:00+05:30,
2022-12-18 00:00:00+05:30,
2022-12-19 00:00:00+05:30,233.0
2022-12-20 00:00:00+05:30,247.0
2022-12-21 00:00:00+05:30,223.0
2022-12-22 00:00:00+05:30,236.0
2022-12-23 00:00:00+05:30,289.0
2022-12-24 00:00:00+05:30,169.0
2022-12-25 00:00:00+05:30,202.0
2022-12-26 00:00:00+05:30,223.0
2022-12-27 00:00:00+05:30,192.0
2022-12-28 00:00:00+05:30,165.0
2022-12-29 00:00:00+05:30,190.0
2022-12-30 00:00:00+05:30,299.0
2022-12-31 00:00:00+05:30,193.0
2023-01-01 00:00:00+05:30,128.0
2023-01-02 00:00:00+05:30,269.0
2023-01-03 00:00:00+05:30,281.0
2023-01-04 00:00:00+05:30,214.0
2023-01-05 00:00:00+05:30,245.0
2023-01-06 00:00:00+05:30,311.0
2023-01-07 00:00:00+05:30,295.0
2023-01-08 00:00:00+05:30,299.0
2023-01-09 00:00:00+05:30,449.0
2023-01-10 00:00:00+05:30,300.0
2023-01-11 00:00:00+05:30,197.0
2023-01-12 00:00:00+05:30,202.0
2023-01-16 00:00:00+05:30,126.0
2023-01-17 00:00:00+05:30,153.0
2023-01-18 00:00:00+05:30,175.0
2023-01-19 00:00:00+05:30,223.0
2023-01-20 00:00:00+05:30,96.5
2023-01-21 00:00:00+05:30,198.0
2023-01-22 00:00:00+05:30,353.0
2023-01-23 00:00:00+05:30,136.0
2023-01-24 00:00:00+05:30,89.1
2023-01-25 00:00:00+05:30,95.1
2023-01-26 00:00:00+05:30,157.0
2023-01-27 00:00:00+05:30,101.0
2023-01-28 00:00:00+05:30,121.0
2023-01-29 00:00:00+05:30,176.0
2023-01-30 00:00:00+05:30,68.2
2023-01-31 00:00:00+05:30,90.2
2023-02-01 00:00:00+05:30,87.4
2023-02-02 00:00:00+05:30,102.0
2023-02-14 00:00:00+05:30,58.4
2023-02-15 00:00:00+05:30,91.0
2023-02-16 00:00:00+05:30,144.0
2023-03-19 00:00:00+05:30,80.9
2023-03-20 00:00:00+05:30,41.1
2023-03-21 00:00:00+05:30,49.3
2023-03-22 00:00:00+05:30,94.6
2023-03-23 00:00:00+05:30,39.7
2023-03-24 00:00:00+05:30,68.8
2023-03-25 00:00:00+05:30,31.4
2023-03-26 00:00:00+05:30,56.5
2023-03-27 00:00:00+05:30,51.2
2023-03-28 00:00:00+05:30,60.6
2023-03-29 00:00:00+05:30,69.8
2023-03-30 00:00:00+05:30,61.1
2023-03-31 00:00:00+05:30,26.9
2023-04-01 00:00:00+05:30,40.0
2023-04-02 00:00:00+05:30,46.0
2023-04-03 00:00:00+05:30,58.1
2023-04-04 00:00:00+05:30,36.0
2023-04-05 00:00:00+05:30,43.8
2023-04-06 00:00:00+05:30,33.6
2023-04-07 00:00:00+05:30,38.5
2023-04-08 00:00:00+05:30,65.7
2023-04-09 00:00:00+05:30,91.6
2023-04-10 00:00:00+05:30,70.2
2023-04-11 00:00:00+05:30,117.0
2023-04-12 00:00:00+05:30,88.9
2023-04-13 00:00:00+05:30,91.9
2023-04-14 00:00:00+05:30,96.9
2023-04-15 00:00:00+05:30,79.1
2023-04-16 00:00:00+05:30,75.6
2023-04-17 00:00:00+05:30,65.2
2023-04-18 00:00:00+05:30,68.0
2023-04-19 00:00:00+05:30,68.4
2023-04-20 00:00:00+05:30,40.9
2023-04-21 00:00:00+05:30,54.5
2023-04-22 00:00:00+05:30,59.7
2023-04-23 00:00:00+05:30,25.0
2023-04-24 00:00:00+05:30,52.6
2023-04-25 00:00:00+05:30,51.0
2023-04-26 00:00:00+05:30,73.2
2023-04-27 00:00:00+05:30,79.5
2023-04-28 00:00:00+05:30,61.9
2023-04-29 00:00:00+05:30,67.9
2023-04-30 00:00:00+05:30,50.2
2023-05-01 00:00:00+05:30,44.2
2023-05-02 00:00:00+05:30,37.8
2023-05-03 00:00:00+05:30,37.7
2023-05-04 00:00:00+05:30,50.5
2023-05-05 00:00:00+05:30,66.8
2023-05-06 00:00:00+05:30,103.0
2023-05-07 00:00:00+05:30,56.9
2023-05-08 00:00:00+05:30,51.9
2023-05-09 00:00:00+05:30,90.2
2023-05-10 00:00:00+05:30,80.8
2023-05-11 00:00:00+05:30,125.0
2023-05-12 00:00:00+05:30,74.3
2023-05-13 00:00:00+05:30,84.6
2023-05-14 00:00:00+05:30,87.8
2023-05-15 00:00:00+05:30,30.9
2023-05-16 00:00:00+05:30,129.0
2023-05-17 00:00:00+05:30,87.2
2023-05-18 00:00:00+05:30,34.5
2023-05-19 00:00:00+05:30,57.4
2023-05-20 00:00:00+05:30,56.8
2023-05-21 00:00:00+05:30,68.0
2023-05-22 00:00:00+05:30,68.3
2023-05-23 00:00:00+05:30,52.9
2023-05-24 00:00:00+05:30,29.3
2023-05-25 00:00:00+05:30,21.6
2023-05-26 00:00:00+05:30,20.3
2023-05-27 00:00:00+05:30,30.2
2023-05-28 00:00:00+05:30,39.7
2023-05-29 00:00:00+05:30,29.0
2023-05-30 00:00:00+05:30,32.0
2023-05-31 00:00:00+05:30,29.6
2023-06-01 00:00:00+05:30,37.4
2023-06-02 00:00:00+05:30,34.0
2023-06-03 00:00:00+05:30,41.3
2023-06-04 00:00:00+05:30,58.0
2023-06-05 00:00:00+05:30,
2023-06-06 00:00:00+05:30,60.9
2023-06-07 00:00:00+05:30,90.6
2023-06-08 00:00:00+05:30,42.0
2023-06-09 00:00:00+05:30,24.8
2023-06-10 00:00:00+05:30,28.4
2023-06-11 00:00:00+05:30,37.0
2023-06-12 00:00:00+05:30,40.4
2023-06-13 00:00:00+05:30,57.7
2023-06-14 00:00:00+05:30,36.7
2023-06-15 00:00:00+05:30,33.8
2023-06-16 00:00:00+05:30,29.2
2023-06-17 00:00:00+05:30,35.0
2023-06-18 00:00:00+05:30,20.9
2023-06-19 00:00:00+05:30,14.0
2023-06-20 00:00:00+05:30,36.9
2023-06-21 00:00:00+05:30,29.6
2023-06-22 00:00:00+05:30,31.8
2023-06-23 00:00:00+05:30,46.5
2023-06-24 00:00:00+05:30,58.4
2023-06-25 00:00:00+05:30,18.8
2023-06-26 00:00:00+05:30,37.3
2023-06-27 00:00:00+05:30,30.5
2023-06-28 00:00:00+05:30,24.9
2023-06-29 00:00:00+05:30,42.8
2023-06-30 00:00:00+05:30,26.9
2023-07-01 00:00:00+05:30,22.3
2023-07-02 00:00:00+05:30,35.7
2023-07-03 00:00:00+05:30,48.6
2023-07-04 00:00:00+05:30,40.1
2023-07-05 00:00:00+05:30,33.1
2023-07-06 00:00:00+05:30,24.7
2023-07-07 00:00:00+05:30,29.0
2023-07-08 00:00:00+05:30,12.2
2023-07-09 00:00:00+05:30,22.0
2023-07-10 00:00:00+05:30,16.7
2023-07-11 00:00:00+05:30,38.4
2023-07-12 00:00:00+05:30,24.9
2023-07-13 00:00:00+05:30,27.9
2023-07-14 00:00:00+05:30,25.0
2023-07-15 00:00:00+05:30,26.3
2023-07-16 00:00:00+05:30,20.4
2023-07-17 00:00:00+05:30,31.0
2023-07-18 00:00:00+05:30,36.4
2023-07-19 00:00:00+05:30,27.7
2023-07-20 00:00:00+05:30,30.1
2023-07-21 00:00:00+05:30,38.9
2023-07-22 00:00:00+05:30,30.6
2023-07-23 00:00:00+05:30,18.9
2023-07-24 00:00:00+05:30,23.2
2023-07-25 00:00:00+05:30,30.4
2023-07-26 00:00:00+05:30,24.6
2023-07-27 00:00:00+05:30,32.4
2023-07-28 00:00:00+05:30,23.3
2023-07-29 00:00:00+05:30,9.13
2023-07-30 00:00:00+05:30,11.1
2023-07-31 00:00:00+05:30,33.5
2023-08-01 00:00:00+05:30,
2023-08-02 00:00:00+05:30,18.2
2023-08-03 00:00:00+05:30,23.9
2023-08-04 00:00:00+05:30,29.2
2023-08-05 00:00:00+05:30,28.0
2023-08-06 00:00:00+05:30,25.9
2023-08-07 00:00:00+05:30,22.8
2023-08-08 00:00:00+05:30,23.5
2023-08-09 00:00:00+05:30,27.8
2023-08-10 00:00:00+05:30,32.0
2023-08-11 00:00:00+05:30,33.6
2023-08-12 00:00:00+05:30,28.7
2023-08-13 00:00:00+05:30,22.7
2023-08-14 00:00:00+05:30,28.7
2023-08-15 00:00:00+05:30,39.3
2023-08-16 00:00:00+05:30,40.4
2023-08-17 00:00:00+05:30,35.4
2023-08-18 00:00:00+05:30,41.2
2023-08-19 00:00:00+05:30,35.8
2023-08-20 00:00:00+05:30,30.6
2023-08-21 00:00:00+05:30,31.5
2023-08-22 00:00:00+05:30,29.0
2023-08-23 00:00:00+05:30,18.8
2023-08-24 00:00:00+05:30,20.1
2023-08-25 00:00:00+05:30,27.8
2023-08-26 00:00:00+05:30,37.7
2023-08-27 00:00:00+05:30,47.2
2023-08-28 00:00:00+05:30,42.2
2023-08-29 00:00:00+05:30,37.8
2023-08-30 00:00:00+05:30,38.7
2023-08-31 00:00:00+05:30,40.7
2023-09-01 00:00:00+05:30,36.2
2023-09-02 00:00:00+05:30,34.6
2023-09-03 00:00:00+05:30,34.7
2023-09-04 00:00:00+05:30,31.7
2023-09-05 00:00:00+05:30,35.2
2023-09-06 00:00:00+05:30,21.5
2023-09-07 00:00:00+05:30,27.2
2023-09-08 00:00:00+05:30,18.5
2023-09-09 00:00:00+05:30,9.58
2023-09-10 00:00:00+05:30,6.98
2023-09-11 00:00:00+05:30,23.4
2023-09-12 00:00:00+05:30,31.8
2023-09-13 00:00:00+05:30,45.4
2023-09-14 00:00:00+05:30,52.1
2023-09-15 00:00:00+05:30,30.0
2023-09-16 00:00:00+05:30,23.3
2023-09-17 00:00:00+05:30,18.9
2023-09-18 00:00:00+05:30,11.2
2023-09-19 00:00:00+05:30,19.7
2023-09-20 00:00:00+05:30,34.2
2023-09-21 00:00:00+05:30,32.3
2023-09-22 00:00:00+05:30,46.3
2023-09-23 00:00:00+05:30,41.2
2023-09-24 00:00:00+05:30,48.6
2023-09-25 00:00:00+05:30,57.0
2023-09-26 00:00:00+05:30,72.2
2023-09-27 00:00:00+05:30,42.9
2023-09-28 00:00:00+05:30,51.0
2023-09-29 00:00:00+05:30,61.6
2023-09-30 00:00:00+05:30,55.6
2023-10-01 00:00:00+05:30,56.8
2023-10-02 00:00:00+05:30,48.7
2023-10-03 00:00:00+05:30,51.2
2023-10-04 00:00:00+05:30,58.9
2023-10-05 00:00:00+05:30,74.5
2023-10-06 00:00:00+05:30,77.7
2023-10-07 00:00:00+05:30,60.0
2023-10-08 00:00:00+05:30,51.4
2023-10-09 00:00:00+05:30,54.3
2023-10-10 00:00:00+05:30,51.3
2023-10-11 00:00:00+05:30,83.8
2023-10-12 00:00:00+05:30,105.0
2023-10-13 00:00:00+05:30,110.0
2023-10-14 00:00:00+05:30,93.7
2023-10-15 00:00:00+05:30,72.3
2023-10-16 00:00:00+05:30,62.7
2023-10-17 00:00:00+05:30,39.2
2023-10-18 00:00:00+05:30,51.5
2023-10-19 00:00:00+05:30,43.9
2023-10-20 00:00:00+05:30,94.0
2023-10-21 00:00:00+05:30,133.0
2023-10-22 00:00:00+05:30,137.0
2023-10-23 00:00:00+05:30,127.0
2023-10-24 00:00:00+05:30,97.1
2023-10-25 00:00:00+05:30,126.0
2023-10-26 00:00:00+05:30,119.0
2023-10-27 00:00:00+05:30,129.0
2023-10-28 00:00:00+05:30,136.0
2023-10-29 00:00:00+05:30,146.0
2023-10-30 00:00:00+05:30,151.0
2023-10-31 00:00:00+05:30,189.0
2023-11-01 00:00:00+05:30,187.0
2023-11-02 00:00:00+05:30,294.0
2023-11-03 00:00:00+05:30,319.0
2023-11-04 00:00:00+05:30,358.0
2023-11-05 00:00:00+05:30,314.0
2023-11-06 00:00:00+05:30,260.0
2023-11-07 00:00:00+05:30,249.0
2023-11-08 00:00:00+05:30,300.0
2023-11-09 00:00:00+05:30,297.0
2023-11-10 00:00:00+05:30,122.0
2023-11-11 00:00:00+05:30,94.4
2023-11-12 00:00:00+05:30,132.0
2023-11-13 00:00:00+05:30,286.0
2023-11-14 00:00:00+05:30,257.0
2023-11-15 00:00:00+05:30,269.0
2023-11-16 00:00:00+05:30,345.0
2023-11-17 00:00:00+05:30,236.0
2023-11-18 00:00:00+05:30,153.0
2023-11-19 00:00:00+05:30,136.0
2023-11-20 00:00:00+05:30,187.0
2023-11-21 00:00:00+05:30,259.0
2023-11-22 00:00:00+05:30,257.0
2023-11-23 00:00:00+05:30,242.0
2023-11-24 00:00:00+05:30,269.0
2023-11-25 00:00:00+05:30,243.0
2023-11-26 00:00:00+05:30,216.0
2023-11-27 00:00:00+05:30,211.0
2023-11-28 00:00:00+05:30,132.0
2023-11-29 00:00:00+05:30,183.0
2023-11-30 00:00:00+05:30,231.0
2023-12-01 00:00:00+05:30,233.0
2023-12-02 00:00:00+05:30,174.0
2023-12-03 00:00:00+05:30,129.0
2023-12-04 00:00:00+05:30,151.0
2023-12-05 00:00:00+05:30,134.0
2023-12-06 00:00:00+05:30,140.0
2023-12-07 00:00:00+05:30,164.0
2023-12-08 00:00:00+05:30,150.0
2023-12-09 00:00:00+05:30,167.0
2023-12-10 00:00:00+05:30,168.0
2023-12-11 00:00:00+05:30,164.0
2023-12-12 00:00:00+05:30,206.0
2023-12-13 00:00:00+05:30,223.0
2023-12-14 00:00:00+05:30,172.0
2023-12-15 00:00:00+05:30,184.0
2023-12-16 00:00:00+05:30,195.0
2023-12-17 00:00:00+05:30,203.0
2023-12-18 00:00:00+05:30,178.0
2023-12-19 00:00:00+05:30,137.0
2023-12-20 00:00:00+05:30,146.0
2023-12-21 00:00:00+05:30,255.0
2023-12-22 00:00:00+05:30,343.0
2023-12-23 00:00:00+05:30,307.0
2023-12-24 00:00:00+05:30,278.0
2023-12-25 00:00:00+05:30,230.0
2023-12-26 00:00:00+05:30,247.0
2023-12-27 00:00:00+05:30,273.0
2023-12-28 00:00:00+05:30,230.0
2023-12-29 00:00:00+05:30,279.0
2023-12-30 00:00:00+05:30,303.0
2023-12-31 00:00:00+05:30,262.0
2024-01-01 00:00:00+05:30,211.0
2024-01-02 00:00:00+05:30,207.0
2024-01-03 00:00:00+05:30,222.0
2024-01-04 00:00:00+05:30,257.0
2024-01-05 00:00:00+05:30,204.0
2024-01-06 00:00:00+05:30,196.0
2024-01-07 00:00:00+05:30,193.0
2024-01-08 00:00:00+05:30,277.0
2024-01-09 00:00:00+05:30,165.0
2024-01-10 00:00:00+05:30,189.0
2024-01-11 00:00:00+05:30,221.0
2024-01-12 00:00:00+05:30,203.0
2024-01-13 00:00:00+05:30,460.0
2024-01-14 00:00:00+05:30,396.0
2024-01-15 00:00:00+05:30,208.0
2024-01-16 00:00:00+05:30,261.0
2024-01-17 00:00:00+05:30,240.0
2024-01-18 00:00:00+05:30,185.0
2024-01-19 00:00:00+05:30,202.0
2024-01-20 00:00:00+05:30,212.0
2024-01-21 00:00:00+05:30,205.0
2024-01-22 00:00:00+05:30,225.0
2024-01-23 00:00:00+05:30,253.0
2024-01-24 00:00:00+05:30,316.0
2024-01-25 00:00:00+05:30,232.0
2024-01-26 00:00:00+05:30,375.0
2024-01-27 00:00:00+05:30,194.0
2024-01-28 00:00:00+05:30,272.0
2024-01-29 00:00:00+05:30,233.0
2024-01-30 00:00:00+05:30,279.0
2024-01-31 00:00:00+05:30,253.0
2024-02-01 00:00:00+05:30,41.3
2024-02-02 00:00:00+05:30,115.0
2024-02-03 00:00:00+05:30,91.1
2024-02-04 00:00:00+05:30,142.0
2024-02-05 00:00:00+05:30,80.6
2024-02-06 00:00:00+05:30,74.9
2024-02-07 00:00:00+05:30,82.4
2024-02-08 00:00:00+05:30,71.5
2024-02-09 00:00:00+05:30,66.6
2024-02-10 00:00:00+05:30,179.0
2024-02-11 00:00:00+05:30,169.0
2024-02-12 00:00:00+05:30,179.0
2024-02-13 00:00:00+05:30,227.0
2024-02-14 00:00:00+05:30,196.0
2024-02-15 00:00:00+05:30,137.0
2024-02-16 00:00:00+05:30,127.0
2024-02-17 00:00:00+05:30,123.0
2024-02-18 00:00:00+05:30,109.0
2024-02-19 00:00:00+05:30,99.4
2024-02-20 00:00:00+05:30,136.0
2024-02-21 00:00:00+05:30,94.1
2024-02-22 00:00:00+05:30,58.4
2024-02-23 00:00:00+05:30,62.3
2024-02-24 00:00:00+05:30,81.2
2024-02-25 00:00:00+05:30,76.5
2024-02-26 00:00:00+05:30,72.0
2024-02-27 00:00:00+05:30,65.0
2024-02-28 00:00:00+05:30,63.7
2024-02-29 00:00:00+05:30,70.5
2024-03-01 00:00:00+05:30,90.7
2024-03-02 00:00:00+05:30,32.3
2024-03-03 00:00:00+05:30,51.2
2024-03-04 00:00:00+05:30,42.9
2024-03-05 00:00:00+05:30,54.3
2024-03-06 00:00:00+05:30,65.8
2024-03-07 00:00:00+05:30,79.3
2024-03-08 00:00:00+05:30,60.5
2024-03-09 00:00:00+05:30,57.5
2024-03-10 00:00:00+05:30,96.7
2024-03-11 00:00:00+05:30,77.5
2024-03-12 00:00:00+05:30,79.4
2024-03-13 00:00:00+05:30,71.3
2024-03-14 00:00:00+05:30,80.0
2024-03-15 00:00:00+05:30,39.4
2024-03-16 00:00:00+05:30,72.7
2024-03-17 00:00:00+05:30,96.3
2024-03-18 00:00:00+05:30,103.0
2024-03-19 00:00:00+05:30,96.5
2024-03-20 00:00:00+05:30,117.0
2024-03-21 00:00:00+05:30,73.7
2024-03-22 00:00:00+05:30,69.5
2024-03-23 00:00:00+05:30,89.6
2024-03-24 00:00:00+05:30,80.1
2024-03-25 00:00:00+05:30,217.0
2024-03-26 00:00:00+05:30,61.9
2024-03-27 00:00:00+05:30,53.7
2024-03-28 00:00:00+05:30,59.8
2024-03-29 00:00:00+05:30,61.1
2024-03-30 00:00:00+05:30,78.1
2024-03-31 00:00:00+05:30,75.7
2024-04-01 00:00:00+05:30,64.3
2024-04-02 00:00:00+05:30,59.0
2024-04-03 00:00:00+05:30,54.7
2024-04-04 00:00:00+05:30,42.5
2024-04-05 00:00:00+05:30,
2024-04-06 00:00:00+05:30,
2024-04-07 00:00:00+05:30,
2024-04-08 00:00:00+05:30,
2024-04-09 00:00:00+05:30,58.2
2024-04-10 00:00:00+05:30,82.1
2024-04-11 00:00:00+05:30,71.7
2024-04-12 00:00:00+05:30,86.6
2024-04-13 00:00:00+05:30,57.6
2024-04-14 00:00:00+05:30,44.6
2024-04-15 00:00:00+05:30,85.5
2024-04-16 00:00:00+05:30,40.0
2024-04-17 00:00:00+05:30,36.5
2024-04-18 00:00:00+05:30,60.9
2024-04-19 00:00:00+05:30,46.6
2024-04-20 00:00:00+05:30,
2024-04-21 00:00:00+05:30,17.0
2024-04-22 00:00:00+05:30,38.0
2024-04-23 00:00:00+05:30,47.6
2024-04-24 00:00:00+05:30,51.1
2024-04-25 00:00:00+05:30,77.2
2024-04-26 00:00:00+05:30,53.7
2024-04-27 00:00:00+05:30,50.9
2024-04-28 00:00:00+05:30,48.5
2024-04-29 00:00:00+05:30,69.9
2024-04-30 00:00:00+05:30,51.9
2024-05-01 00:00:00+05:30,59.9
2024-05-02 00:00:00+05:30,69.9
2024-05-03 00:00:00+05:30,155.0
2024-05-04 00:00:00+05:30,130.0
2024-05-05 00:00:00+05:30,130.0
2024-05-06 00:00:00+05:30,132.0
2024-05-07 00:00:00+05:30,146.0
2024-05-08 00:00:00+05:30,84.5
2024-05-09 00:00:00+05:30,57.7
2024-05-10 00:00:00+05:30,70.8
2024-05-11 00:00:00+05:30,65.5
2024-05-12 00:00:00+05:30,74.7
2024-05-13 00:00:00+05:30,77.4
2024-05-14 00:00:00+05:30,98.9
2024-05-15 00:00:00+05:30,108.0
2024-05-16 00:00:00+05:30,99.4
2024-05-17 00:00:00+05:30,83.1
2024-05-18 00:00:00+05:30,88.7
2024-05-19 00:00:00+05:30,74.7
2024-05-20 00:00:00+05:30,74.3
2024-05-21 00:00:00+05:30,78.9
2024-05-22 00:00:00+05:30,75.9
2024-05-23 00:00:00+05:30,53.6
2024-05-24 00:00:00+05:30,50.5
2024-05-25 00:00:00+05:30,55.0
2024-05-26 00:00:00+05:30,67.0
2024-05-27 00:00:00+05:30,80.5
2024-05-28 00:00:00+05:30,82.0
2024-05-29 00:00:00+05:30,72.2
2024-05-30 00:00:00+05:30,54.2
2024-05-31 00:00:00+05:30,49.6
2024-06-01 00:00:00+05:30,70.9
2024-06-02 00:00:00+05:30,37.7
2024-06-03 00:00:00+05:30,48.5
2024-06-04 00:00:00+05:30,71.1
2024-06-05 00:00:00+05:30,66.2
2024-06-06 00:00:00+05:30,57.2
2024-06-07 00:00:00+05:30,109.0
2024-06-08 00:00:00+05:30,59.8
2024-06-09 00:00:00+05:30,46.2
2024-06-10 00:00:00+05:30,40.4
2024-06-11 00:00:00+05:30,83.3
2024-06-12 00:00:00+05:30,87.5
2024-06-13 00:00:00+05:30,79.2
2024-06-14 00:00:00+05:30,67.4
2024-06-15 00:00:00+05:30,42.8
2024-06-16 00:00:00+05:30,75.4
2024-06-17 00:00:00+05:30,69.6
2024-06-18 00:00:00+05:30,116.0
2024-06-19 00:00:00+05:30,76.3
2024-06-20 00:00:00+05:30,46.0
2024-06-21 00:00:00+05:30,61.2
2024-06-22 00:00:00+05:30,80.0
2024-06-23 00:00:00+05:30,55.7
2024-06-24 00:00:00+05:30,52.0
2024-06-25 00:00:00+05:30,60.7
2024-06-26 00:00:00+05:30,47.4
2024-06-27 00:00:00+05:30,27.1
2024-06-28 00:00:00+05:30,29.5
2024-06-29 00:00:00+05:30,39.1
2024-06-30 00:00:00+05:30,47.8
2024-07-01 00:00:00+05:30,29.9
2024-07-02 00:00:00+05:30,32.3
2024-07-03 00:00:00+05:30,30.3
2024-07-04 00:00:00+05:30,18.5
2024-07-05 00:00:00+05:30,25.0
2024-07-06 00:00:00+05:30,22.9
2024-07-07 00:00:00+05:30,7.19
2024-07-08 00:00:00+05:30,20.8
2024-07-09 00:00:00+05:30,38.1
2024-07-10 00:00:00+05:30,51.0
2024-07-11 00:00:00+05:30,45.4
2024-07-12 00:00:00+05:30,24.6
2024-07-13 00:00:00+05:30,34.9
2024-07-14 00:00:00+05:30,44.1
2024-07-15 00:00:00+05:30,40.9
2024-07-16 00:00:00+05:30,39.5
2024-07-17 00:00:00+05:30,32.0
2024-07-18 00:00:00+05:30,39.8
2024-07-19 00:00:00+05:30,58.0
2024-07-20 00:00:00+05:30,47.2
2024-07-21 00:00:00+05:30,36.9
2024-07-22 00:00:00+05:30,34.6
2024-07-23 00:00:00+05:30,44.7
2024-07-24 00:00:00+05:30,47.7
2024-07-25 00:00:00+05:30,33.4
2024-07-26 00:00:00+05:30,50.3
2024-07-27 00:00:00+05:30,37.9
2024-07-28 00:00:00+05:30,23.4
2024-07-29 00:00:00+05:30,27.4
2024-07-30 00:00:00+05:30,31.3
2024-07-31 00:00:00+05:30,23.7
2024-08-01 00:00:00+05:30,9.64
2024-08-02 00:00:00+05:30,21.7
2024-08-03 00:00:00+05:30,14.8
2024-08-04 00:00:00+05:30,11.4
2024-08-05 00:00:00+05:30,14.8
2024-08-06 00:00:00+05:30,12.2
2024-08-07 00:00:00+05:30,11.3
2024-08-08 00:00:00+05:30,12.8
2024-08-09 00:00:00+05:30,18.5
2024-08-10 00:00:00+05:30,24.5
2024-08-11 00:00:00+05:30,16.5
2024-08-12 00:00:00+05:30,23.7
2024-08-13 00:00:00+05:30,12.8
2024-08-14 00:00:00+05:30,24.6
2024-08-15 00:00:00+05:30,15.4
2024-08-16 00:00:00+05:30,12.7
2024-08-17 00:00:00+05:30,24.1
2024-08-18 00:00:00+05:30,21.9
2024-08-19 00:00:00+05:30,18.7
2024-08-20 00:00:00+05:30,16.9
2024-08-21 00:00:00+05:30,22.4
2024-08-22 00:00:00+05:30,20.9
2024-08-23 00:00:00+05:30,24.9
2024-08-24 00:00:00+05:30,49.6
2024-08-25 00:00:00+05:30,17.1
2024-08-26 00:00:00+05:30,21.2
2024-08-27 00:00:00+05:30,16.1
2024-08-28 00:00:00+05:30,15.3
2024-08-29 00:00:00+05:30,17.9
2024-08-30 00:00:00+05:30,33.7
2024-08-31 00:00:00+05:30,32.2
2024-09-01 00:00:00+05:30,33.7
2024-09-02 00:00:00+05:30,26.1
2024-09-03 00:00:00+05:30,22.0
2024-09-04 00:00:00+05:30,16.5
2024-09-05 00:00:00+05:30,25.0
2024-09-06 00:00:00+05:30,16.9
2024-09-07 00:00:00+05:30,23.4
2024-09-08 00:00:00+05:30,43.4
2024-09-09 00:00:00+05:30,41.6
2024-09-10 00:00:00+05:30,36.2
2024-09-11 00:00:00+05:30,26.9
2024-09-12 00:00:00+05:30,9.91
2024-09-13 00:00:00+05:30,11.4
2024-09-14 00:00:00+05:30,21.6
2024-09-15 00:00:00+05:30,30.8
2024-09-16 00:00:00+05:30,39.0
2024-09-17 00:00:00+05:30,46.6
2024-09-18 00:00:00+05:30,29.6
2024-09-19 00:00:00+05:30,26.0
2024-09-20 00:00:00+05:30,26.7
2024-09-21 00:00:00+05:30,32.7
2024-09-22 00:00:00+05:30,61.5
2024-09-23 00:00:00+05:30,70.8
2024-09-24 00:00:00+05:30,81.0
2024-09-25 00:00:00+05:30,71.0
2024-09-26 00:00:00+05:30,23.2
2024-09-27 00:00:00+05:30,11.3
2024-09-28 00:00:00+05:30,16.1
2024-09-29 00:00:00+05:30,23.1
2024-09-30 00:00:00+05:30,52.9
2024-10-01 00:00:00+05:30,58.9
2024-10-02 00:00:00+05:30,59.0
2024-10-03 00:00:00+05:30,45.0
2024-10-04 00:00:00+05:30,50.8
2024-10-05 00:00:00+05:30,36.8
2024-10-06 00:00:00+05:30,39.1
2024-10-07 00:00:00+05:30,43.7
2024-10-08 00:00:00+05:30,62.7
2024-10-09 00:00:00+05:30,60.0
2024-10-10 00:00:00+05:30,43.3
2024-10-11 00:00:00+05:30,55.9
2024-10-12 00:00:00+05:30,60.0
2024-10-13 00:00:00+05:30,84.3
2024-10-14 00:00:00+05:30,85.9
2024-10-15 00:00:00+05:30,76.2
2024-10-16 00:00:00+05:30,92.2
2024-10-17 00:00:00+05:30,112.0
2024-10-18 00:00:00+05:30,97.8
2024-10-19 00:00:00+05:30,101.0
2024-10-20 00:00:00+05:30,120.0
2024-10-21 00:00:00+05:30,131.0
2024-10-22 00:00:00+05:30,136.0
2024-10-23 00:00:00+05:30,194.0
2024-10-24 00:00:00+05:30,130.0
2024-10-25 00:00:00+05:30,111.0
2024-10-26 00:00:00+05:30,137.0
2024-10-27 00:00:00+05:30,157.0
2024-10-28 00:00:00+05:30,115.0
2024-10-29 00:00:00+05:30,97.7
2024-10-30 00:00:00+05:30,131.0
2024-10-31 00:00:00+05:30,176.0
2024-11-01 00:00:00+05:30,117.0
2024-11-02 00:00:00+05:30,184.0
2024-11-03 00:00:00+05:30,207.0
2024-11-04 00:00:00+05:30,218.0
2024-11-05 00:00:00+05:30,171.0
2024-11-06 00:00:00+05:30,168.0
2024-11-07 00:00:00+05:30,206.0
2024-11-08 00:00:00+05:30,180.0
2024-11-09 00:00:00+05:30,164.0
2024-11-10 00:00:00+05:30,156.0
2024-11-11 00:00:00+05:30,167.0
2024-11-12 00:00:00+05:30,177.0
2024-11-13 00:00:00+05:30,385.0
2024-11-14 00:00:00+05:30,292.0
2024-11-15 00:00:00+05:30,251.0
2024-11-16 00:00:00+05:30,321.0
2024-11-17 00:00:00+05:30,470.0
2024-11-18 00:00:00+05:30,665.0
2024-11-19 00:00:00+05:30,310.0
2024-11-20 00:00:00+05:30,253.0
2024-11-21 00:00:00+05:30,190.0
2024-11-22 00:00:00+05:30,264.0
2024-11-23 00:00:00+05:30,208.0
2024-11-24 00:00:00+05:30,134.0
2024-11-25 00:00:00+05:30,259.0
2024-11-26 00:00:00+05:30,154.0
2024-11-27 00:00:00+05:30,149.0
2024-11-28 00:00:00+05:30,167.0
2024-11-29 00:00:00+05:30,195.0
2024-11-30 00:00:00+05:30,186.0
2024-12-01 00:00:00+05:30,152.0
2024-12-02 00:00:00+05:30,134.0
2024-12-03 00:00:00+05:30,120.0
2024-12-04 00:00:00+05:30,82.3
2024-12-05 00:00:00+05:30,82.6
2024-12-06 00:00:00+05:30,93.9
2024-12-07 00:00:00+05:30,108.0
2024-12-08 00:00:00+05:30,148.0
2024-12-09 00:00:00+05:30,96.1
2024-12-10 00:00:00+05:30,109.0
2024-12-11 00:00:00+05:30,119.0
2024-12-12 00:00:00+05:30,164.0
2024-12-13 00:00:00+05:30,120.0
2024-12-14 00:00:00+05:30,106.0
2024-12-15 00:00:00+05:30,177.0
2024-12-16 00:00:00+05:30,267.0
2024-12-17 00:00:00+05:30,298.0
2024-12-18 00:00:00+05:30,373.0
2024-12-19 00:00:00+05:30,299.0
2024-12-20 00:00:00+05:30,332.0
2024-12-21 00:00:00+05:30,226.0
2024-12-22 00:00:00+05:30,286.0
2024-12-23 00:00:00+05:30,275.0
2024-12-24 00:00:00+05:30,191.0
2024-12-25 00:00:00+05:30,212.0
2024-12-26 00:00:00+05:30,210.0
2024-12-27 00:00:00+05:30,149.0
2024-12-28 00:00:00+05:30,91.8
2024-12-29 00:00:00+05:30,109.0
2024-12-30 00:00:00+05:30,116.0
2024-12-31 00:00:00+05:30,183.0
2025-01-01 00:00:00+05:30,210.0
2025-01-02 00:00:00+05:30,199.0
2025-01-03 00:00:00+05:30,268.0
2025-01-04 00:00:00+05:30,275.0
2025-01-05 00:00:00+05:30,237.0
2025-01-06 00:00:00+05:30,
2025-01-07 00:00:00+05:30,
2025-01-08 00:00:00+05:30,137.0
2025-01-09 00:00:00+05:30,262.0
2025-01-10 00:00:00+05:30,255.0
2025-01-11 00:00:00+05:30,164.0
2025-01-12 00:00:00+05:30,155.0
2025-01-13 00:00:00+05:30,125.0
2025-01-14 00:00:00+05:30,159.0
2025-01-15 00:00:00+05:30,264.0
2025-01-16 00:00:00+05:30,160.0
2025-01-17 00:00:00+05:30,147.0
2025-01-18 00:00:00+05:30,166.0
2025-01-19 00:00:00+05:30,219.0
2025-01-20 00:00:00+05:30,169.0
2025-01-21 00:00:00+05:30,136.0
2025-01-22 00:00:00+05:30,124.0
2025-01-23 00:00:00+05:30,111.0
2025-01-24 00:00:00+05:30,90.8
2025-01-25 00:00:00+05:30,71.7
2025-01-26 00:00:00+05:30,86.1
2025-01-27 00:00:00+05:30,113.0
2025-01-28 00:00:00+05:30,116.0
2025-01-29 00:00:00+05:30,231.0
2025-01-30 00:00:00+05:30,180.0
2025-01-31 00:00:00+05:30,183.0
2025-02-01 00:00:00+05:30,221.0
2025-02-02 00:00:00+05:30,183.0
2025-02-03 00:00:00+05:30,111.0
2025-02-04 00:00:00+05:30,157.0
2025-02-05 00:00:00+05:30,109.0
2025-02-06 00:00:00+05:30,90.5
2025-02-07 00:00:00+05:30,68.4
2025-02-08 00:00:00+05:30,75.9
2025-02-09 00:00:00+05:30,108.0
2025-02-10 00:00:00+05:30,127.0
2025-02-11 00:00:00+05:30,120.0
2025-02-12 00:00:00+05:30,78.3
2025-02-13 00:00:00+05:30,57.5
2025-02-14 00:00:00+05:30,62.4
2025-02-15 00:00:00+05:30,87.0
2025-02-16 00:00:00+05:30,146.0
2025-02-17 00:00:00+05:30,92.4
2025-02-18 00:00:00+05:30,81.9
2025-02-19 00:00:00+05:30,76.6
2025-02-20 00:00:00+05:30,53.5
2025-02-21 00:00:00+05:30,83.9
2025-02-22 00:00:00+05:30,63.2
2025-02-23 00:00:00+05:30,66.6
2025-02-24 00:00:00+05:30,84.0
2025-02-25 00:00:00+05:30,87.7
2025-02-26 00:00:00+05:30,108.0
2025-02-27 00:00:00+05:30,63.0
2025-02-28 00:00:00+05:30,52.8
2025-03-01 00:00:00+05:30,58.1
2025-03-02 00:00:00+05:30,44.5
2025-03-03 00:00:00+05:30,60.0
2025-03-04 00:00:00+05:30,49.3
2025-03-05 00:00:00+05:30,30.5
2025-03-06 00:00:00+05:30,47.1
2025-03-07 00:00:00+05:30,91.4
2025-03-08 00:00:00+05:30,67.6
2025-03-09 00:00:00+05:30,81.9
2025-03-10 00:00:00+05:30,88.6
2025-03-11 00:00:00+05:30,100.0
2025-03-12 00:00:00+05:30,96.0
2025-03-13 00:00:00+05:30,78.8
2025-03-14 00:00:00+05:30,71.8
2025-03-15 00:00:00+05:30,26.5
2025-03-16 00:00:00+05:30,45.7
2025-03-17 00:00:00+05:30,53.9
2025-03-18 00:00:00+05:30,59.9
2025-03-19 00:00:00+05:30,73.0
2025-03-20 00:00:00+05:30,51.6
2025-03-21 00:00:00+05:30,69.2
2025-03-22 00:00:00+05:30,61.5
2025-03-23 00:00:00+05:30,63.5
2025-03-24 00:00:00+05:30,71.4
2025-03-25 00:00:00+05:30,89.0
2025-03-26 00:00:00+05:30,81.7
2025-03-27 00:00:00+05:30,73.4
2025-03-28 00:00:00+05:30,54.0
2025-03-29 00:00:00+05:30,37.8
2025-03-30 00:00:00+05:30,41.9
2025-03-31 00:00:00+05:30,76.3
2025-04-01 00:00:00+05:30,73.0
2025-04-02 00:00:00+05:30,95.0
2025-04-03 00:00:00+05:30,60.5
2025-04-04 00:00:00+05:30,65.6
2025-04-05 00:00:00+05:30,63.7
2025-04-06 00:00:00+05:30,75.1
2025-04-07 00:00:00+05:30,87.8
2025-04-08 00:00:00+05:30,92.6
2025-04-09 00:00:00+05:30,96.3
2025-04-10 00:00:00+05:30,67.5
2025-04-11 00:00:00+05:30,46.8
2025-04-12 00:00:00+05:30,48.6
2025-04-13 00:00:00+05:30,52.6
2025-04-14 00:00:00+05:30,67.0
2025-04-15 00:00:00+05:30,63.8
2025-04-16 00:00:00+05:30,82.1
2025-04-17 00:00:00+05:30,68.5
2025-04-18 00:00:00+05:30,87.4
2025-04-19 00:00:00+05:30,52.5
2025-04-20 00:00:00+05:30,53.0
2025-04-21 00:00:00+05:30,69.3
2025-04-22 00:00:00+05:30,81.7
2025-04-23 00:00:00+05:30,71.2
2025-04-24 00:00:00+05:30,90.8
2025-04-25 00:00:00+05:30,86.3
2025-04-26 00:00:00+05:30,117.0
2025-04-27 00:00:00+05:30,92.0
2025-04-28 00:00:00+05:30,153.0
2025-04-29 00:00:00+05:30,86.3
2025-04-30 00:00:00+05:30,86.2
2025-05-01 00:00:00+05:30,78.1
2025-05-02 00:00:00+05:30,40.0
2025-05-03 00:00:00+05:30,68.7
2025-05-04 00:00:00+05:30,81.8
2025-05-05 00:00:00+05:30,37.2
2025-05-06 00:00:00+05:30,50.2
2025-05-07 00:00:00+05:30,52.0
2025-05-08 00:00:00+05:30,70.7
2025-05-09 00:00:00+05:30,72.3
2025-05-11 00:00:00+05:30,40.9
2025-05-12 00:00:00+05:30,43.9
2025-05-13 00:00:00+05:30,27.5
2025-05-14 00:00:00+05:30,66.0
2025-05-15 00:00:00+05:30,211.0
2025-05-16 00:00:00+05:30,80.9
2025-05-17 00:00:00+05:30,36.3
2025-05-18 00:00:00+05:30,57.2
2025-05-19 00:00:00+05:30,74.0
2025-05-20 00:00:00+05:30,70.8
2025-05-21 00:00:00+05:30,59.5
2025-05-22 00:00:00+05:30,25.5
2025-05-23 00:00:00+05:30,41.4
2025-05-24 00:00:00+05:30,53.1
2025-05-25 00:00:00+05:30,24.1
2025-05-26 00:00:00+05:30,46.7
2025-05-27 00:00:00+05:30,44.0
2025-05-28 00:00:00+05:30,53.1
2025-05-29 00:00:00+05:30,51.1
2025-05-30 00:00:00+05:30,58.5
2025-05-31 00:00:00+05:30,63.4
2025-06-01 00:00:00+05:30,46.1
2025-06-02 00:00:00+05:30,40.6
2025-06-03 00:00:00+05:30,38.2
2025-06-04 00:00:00+05:30,48.5
2025-06-05 00:00:00+05:30,42.1
2025-06-06 00:00:00+05:30,41.2
2025-06-07 00:00:00+05:30,60.2
2025-06-08 00:00:00+05:30,60.2
2025-06-09 00:00:00+05:30,64.5
2025-06-10 00:00:00+05:30,55.1
2025-06-11 00:00:00+05:30,70.4
2025-06-12 00:00:00+05:30,69.1
2025-06-13 00:00:00+05:30,54.5
2025-06-14 00:00:00+05:30,59.0
2025-06-15 00:00:00+05:30,38.3
2025-06-16 00:00:00+05:30,41.0
2025-06-17 00:00:00+05:30,32.7
2025-06-18 00:00:00+05:30,39.9
2025-06-19 00:00:00+05:30,32.2
2025-06-20 00:00:00+05:30,26.0
2025-06-21 00:00:00+05:30,29.3
2025-06-22 00:00:00+05:30,33.0
2025-06-23 00:00:00+05:30,39.6
2025-06-24 00:00:00+05:30,42.0
2025-06-25 00:00:00+05:30,54.3
2025-06-26 00:00:00+05:30,29.0
2025-06-27 00:00:00+05:30,21.1
2025-06-28 00:00:00+05:30,25.8
2025-06-29 00:00:00+05:30,35.5
2025-06-30 00:00:00+05:30,28.1
2025-07-01 00:00:00+05:30,26.5
2025-07-02 00:00:00+05:30,25.0
2025-07-03 00:00:00+05:30,27.6
2025-07-04 00:00:00+05:30,25.9
2025-07-05 00:00:00+05:30,30.4
2025-07-06 00:00:00+05:30,30.4
2025-07-07 00:00:00+05:30,15.1
2025-07-08 00:00:00+05:30,28.4
2025-07-09 00:00:00+05:30,12.2
2025-07-10 00:00:00+05:30,13.6
2025-07-11 00:00:00+05:30,29.9
2025-07-12 00:00:00+05:30,30.0
2025-07-13 00:00:00+05:30,27.9
2025-07-14 00:00:00+05:30,18.1
2025-07-15 00:00:00+05:30,15.5
2025-07-16 00:00:00+05:30,25.0
2025-07-17 00:00:00+05:30,18.8
2025-07-18 00:00:00+05:30,22.2
2025-07-19 00:00:00+05:30,18.0
2025-07-20 00:00:00+05:30,21.0
2025-07-21 00:00:00+05:30,30.9
2025-07-22 00:00:00+05:30,31.0
2025-07-23 00:00:00+05:30,16.9
2025-07-24 00:00:00+05:30,28.3
2025-07-25 00:00:00+05:30,33.0
2025-07-26 00:00:00+05:30,22.9
2025-07-27 00:00:00+05:30,24.4
2025-07-28 00:00:00+05:30,32.1
2025-07-29 00:00:00+05:30,17.8
2025-07-30 00:00:00+05:30,18.9
2025-07-31 00:00:00+05:30,15.0
2025-08-01 00:00:00+05:30,16.2
2025-08-02 00:00:00+05:30,22.8
2025-08-03 00:00:00+05:30,24.9
2025-08-04 00:00:00+05:30,25.5
2025-08-05 00:00:00+05:30,23.5
2025-08-06 00:00:00+05:30,27.3
2025-08-07 00:00:00+05:30,22.7
2025-08-08 00:00:00+05:30,24.8
2025-08-09 00:00:00+05:30,17.8
2025-08-10 00:00:00+05:30,29.4
2025-08-11 00:00:00+05:30,27.1
2025-08-12 00:00:00+05:30,28.5
2025-08-13 00:00:00+05:30,31.5
2025-08-14 00:00:00+05:30,17.8
2025-08-15 00:00:00+05:30,41.4
2025-08-16 00:00:00+05:30,41.7
2025-08-17 00:00:00+05:30,29.4
2025-08-18 00:00:00+05:30,29.5
2025-08-19 00:00:00+05:30,24.9
2025-08-20 00:00:00+05:30,20.0
2025-08-21 00:00:00+05:30,24.1
2025-08-22 00:00:00+05:30,41.7
2025-08-23 00:00:00+05:30,25.7
2025-08-24 00:00:00+05:30,21.8
2025-08-25 00:00:00+05:30,19.0
2025-08-26 00:00:00+05:30,11.7
2025-08-27 00:00:00+05:30,26.2
2025-08-28 00:00:00+05:30,44.9
2025-08-29 00:00:00+05:30,33.9
2025-08-30 00:00:00+05:30,22.7
2025-08-31 00:00:00+05:30,20.1
2025-09-01 00:00:00+05:30,9.13
2025-09-02 00:00:00+05:30,9.29
2025-09-03 00:00:00+05:30,15.1
2025-09-04 00:00:00+05:30,19.0
2025-09-05 00:00:00+05:30,22.0
2025-09-06 00:00:00+05:30,25.5
2025-09-07 00:00:00+05:30,24.1
2025-09-08 00:00:00+05:30,18.6
2025-09-09 00:00:00+05:30,19.6
2025-09-10 00:00:00+05:30,19.4
2025-09-11 00:00:00+05:30,21.6
2025-09-12 00:00:00+05:30,21.8
2025-09-13 00:00:00+05:30,21.6
2025-09-14 00:00:00+05:30,29.0
2025-09-15 00:00:00+05:30,26.0
2025-09-16 00:00:00+05:30,31.3
2025-09-17 00:00:00+05:30,42.0
2025-09-18 00:00:00+05:30,43.6
2025-09-19 00:00:00+05:30,42.8
2025-09-20 00:00:00+05:30,34.7
2025-09-21 00:00:00+05:30,32.7
2025-09-22 00:00:00+05:30,32.0
2025-09-23 00:00:00+05:30,28.0
2025-09-24 00:00:00+05:30,27.4
2025-09-25 00:00:00+05:30,28.1
2025-09-26 00:00:00+05:30,30.1
2025-09-27 00:00:00+05:30,58.3
2025-09-28 00:00:00+05:30,29.1
2025-09-29 00:00:00+05:30,34.6
2025-09-30 00:00:00+05:30,33.7
2025-10-01 00:00:00+05:30,40.6
2025-10-02 00:00:00+05:30,37.2
2025-10-03 00:00:00+05:30,26.6
2025-10-04 00:00:00+05:30,57.9
2025-10-05 00:00:00+05:30,57.0
2025-10-06 00:00:00+05:30,23.9
2025-10-07 00:00:00+05:30,19.5
2025-10-08 00:00:00+05:30,36.9
2025-10-09 00:00:00+05:30,43.2
2025-10-10 00:00:00+05:30,65.2
2025-10-11 00:00:00+05:30,68.8
2025-10-12 00:00:00+05:30,63.9
2025-10-13 00:00:00+05:30,72.3
2025-10-14 00:00:00+05:30,74.6
2025-10-15 00:00:00+05:30,76.2
2025-10-16 00:00:00+05:30,88.6
2025-10-17 00:00:00+05:30,101.0
2025-10-18 00:00:00+05:30,111.0
2025-10-19 00:00:00+05:30,129.0
2025-10-20 00:00:00+05:30,182.0
2025-10-21 00:00:00+05:30,129.0
2025-10-22 00:00:00+05:30,202.0
2025-10-23 00:00:00+05:30,123.0
2025-10-24 00:00:00+05:30,103.0
2025-10-25 00:00:00+05:30,118.0
2025-10-26 00:00:00+05:30,120.0
2025-10-27 00:00:00+05:30,137.0
2025-10-28 00:00:00+05:30,127.0
2025-10-29 00:00:00+05:30,151.0
2025-10-30 00:00:00+05:30,187.0
2025-10-31 00:00:00+05:30,93.2
2025-11-01 00:00:00+05:30,213.0
2025-11-02 00:00:00+05:30,177.0
2025-11-03 00:00:00+05:30,124.0
2025-11-04 00:00:00+05:30,99.2
2025-11-05 00:00:00+05:30,107.0
2025-11-06 00:00:00+05:30,186.0
2025-11-07 00:00:00+05:30,215.0
2025-11-08 00:00:00+05:30,251.0
2025-11-09 00:00:00+05:30,213.0
2025-11-10 00:00:00+05:30,279.0
2025-11-11 00:00:00+05:30,297.0
2025-11-12 00:00:00+05:30,326.0
2025-11-13 00:00:00+05:30,287.0
2025-11-14 00:00:00+05:30,228.0
2025-11-16 00:00:00+05:30,170.0
2025-11-17 00:00:00+05:30,156.0
2025-11-18 00:00:00+05:30,208.0
2025-11-19 00:00:00+05:30,239.0
2025-11-20 00:00:00+05:30,220.0
2025-11-21 00:00:00+05:30,163.0
2025-11-22 00:00:00+05:30,180.0
2025-11-23 00:00:00+05:30,223.0
2025-11-24 00:00:00+05:30,221.0
2025-11-25 00:00:00+05:30,192.0
2025-11-26 00:00:00+05:30,164.0
2025-11-27 00:00:00+05:30,221.0
2025-11-28 00:00:00+05:30,221.0
2025-11-29 00:00:00+05:30,146.0
2025-11-30 00:00:00+05:30,155.0
2025-12-01 00:00:00+05:30,152.0
2025-12-02 00:00:00+05:30,236.0
2025-12-03 00:00:00+05:30,174.0
2025-12-04 00:00:00+05:30,173.0
2025-12-05 00:00:00+05:30,178.0
2025-12-06 00:00:00+05:30,169.0
2025-12-07 00:00:00+05:30,161.0
2025-12-08 00:00:00+05:30,152.0
2025-12-09 00:00:00+05:30,130.0
2025-12-10 00:00:00+05:30,129.0
2025-12-11 00:00:00+05:30,143.0
2025-12-12 00:00:00+05:30,191.0
2025-12-13 00:00:00+05:30,357.0
2025-12-14 00:00:00+05:30,384.0
2025-12-15 00:00:00+05:30,270.0
2025-12-16 00:00:00+05:30,184.0
2025-12-17 00:00:00+05:30,184.0
2025-12-18 00:00:00+05:30,301.0
2025-12-19 00:00:00+05:30,232.0
2025-12-20 00:00:00+05:30,275.0
2025-12-21 00:00:00+05:30,239.0
2025-12-22 00:00:00+05:30,290.0
2025-12-23 00:00:00+05:30,283.0
2025-12-24 00:00:00+05:30,108.0
2025-12-25 00:00:00+05:30,104.0
2025-12-26 00:00:00+05:30,173.0
2025-12-27 00:00:00+05:30,264.0
2025-12-28 00:00:00+05:30,247.0
2025-12-29 00:00:00+05:30,285.0
2025-12-30 00:00:00+05:30,247.0
2025-12-31 00:00:00+05:30,275.0
2026-01-01 00:00:00+05:30,234.0
2026-01-02 00:00:00+05:30,96.1
2026-01-03 00:00:00+05:30,146.0
2026-01-04 00:00:00+05:30,139.0
2026-01-05 00:00:00+05:30,132.0
2026-01-06 00:00:00+05:30,186.0
2026-01-07 00:00:00+05:30,155.0
2026-01-08 00:00:00+05:30,168.0
2026-01-09 00:00:00+05:30,215.0
2026-01-10 00:00:00+05:30,171.0
2026-01-11 00:00:00+05:30,158.0
2026-01-12 00:00:00+05:30,167.0
2026-01-13 00:00:00+05:30,260.0
2026-01-14 00:00:00+05:30,237.0
2026-01-15 00:00:00+05:30,217.0
2026-01-16 00:00:00+05:30,220.0
2026-01-17 00:00:00+05:30,368.0
2026-01-18 00:00:00+05:30,291.0
2026-01-19 00:00:00+05:30,274.0
2026-01-20 00:00:00+05:30,213.0
2026-01-21 00:00:00+05:30,175.0
2026-01-22 00:00:00+05:30,178.0
2026-01-23 00:00:00+05:30,137.0
2026-01-24 00:00:00+05:30,72.4
2026-01-25 00:00:00+05:30,89.3
2026-01-26 00:00:00+05:30,112.0
2026-01-27 00:00:00+05:30,154.0
2026-01-28 00:00:00+05:30,130.0
2026-01-29 00:00:00+05:30,117.0
2026-01-30 00:00:00+05:30,125.0
2026-01-31 00:00:00+05:30,189.0
2026-02-01 00:00:00+05:30,96.0
2026-02-02 00:00:00+05:30,137.0
2026-02-03 00:00:00+05:30,134.0
2026-02-04 00:00:00+05:30,189.0
2026-02-05 00:00:00+05:30,123.0
2026-02-06 00:00:00+05:30,112.0
2026-02-07 00:00:00+05:30,107.0
2026-02-08 00:00:00+05:30,88.7
2026-02-09 00:00:00+05:30,116.0
2026-02-10 00:00:00+05:30,121.0
2026-02-11 00:00:00+05:30,140.0
2026-02-12 00:00:00+05:30,75.0
2026-02-13 00:00:00+05:30,84.6
2026-02-14 00:00:00+05:30,118.0
2026-02-15 00:00:00+05:30,90.3
2026-02-16 00:00:00+05:30,109.0
2026-02-17 00:00:00+05:30,78.4
2026-02-18 00:00:00+05:30,84.3
2026-02-19 00:00:00+05:30,90.3
2026-02-20 00:00:00+05:30,93.8
2026-02-21 00:00:00+05:30,107.0
2026-02-22 00:00:00+05:30,101.0
2026-02-23 00:00:00+05:30,89.2
2026-02-24 00:00:00+05:30,108.0
2026-02-25 00:00:00+05:30,90.0
2026-02-26 00:00:00+05:30,76.0
2026-02-27 00:00:00+05:30,69.8
2026-02-28 00:00:00+05:30,83.1
2026-03-01 00:00:00+05:30,78.8
2026-03-02 00:00:00+05:30,91.2
2026-03-03 00:00:00+05:30,83.3
2026-03-04 00:00:00+05:30,67.1
2026-03-05 00:00:00+05:30,63.1
2026-03-06 00:00:00+05:30,76.6
2026-03-07 00:00:00+05:30,97.4
2026-03-08 00:00:00+05:30,96.8
2026-03-09 00:00:00+05:30,101.0
2026-03-10 00:00:00+05:30,100.0
2026-03-11 00:00:00+05:30,86.5
2026-03-12 00:00:00+05:30,77.5
2026-03-13 00:00:00+05:30,69.2
2026-03-14 00:00:00+05:30,66.7
2026-03-15 00:00:00+05:30,44.5
2026-03-16 00:00:00+05:30,39.7
2026-03-17 00:00:00+05:30,71.2
2026-03-18 00:00:00+05:30,80.0
2026-03-19 00:00:00+05:30,50.3
2026-03-20 00:00:00+05:30,42.8
2026-03-21 00:00:00+05:30,52.9
2026-03-22 00:00:00+05:30,58.3
2026-03-23 00:00:00+05:30,49.6
2026-03-24 00:00:00+05:30,64.7
2026-03-25 00:00:00+05:30,79.3
2026-03-26 00:00:00+05:30,58.7
2026-03-27 00:00:00+05:30,46.7
2026-03-28 00:00:00+05:30,66.9
2026-03-29 00:00:00+05:30,73.3
2026-03-30 00:00:00+05:30,54.8
2026-03-31 00:00:00+05:30,49.0
2026-04-01 00:00:00+05:30,42.0
2026-04-02 00:00:00+05:30,71.5
2026-04-03 00:00:00+05:30,81.3
2026-04-04 00:00:00+05:30,48.7
2026-04-05 00:00:00+05:30,44.3
2026-04-06 00:00:00+05:30,37.0
2026-04-07 00:00:00+05:30,39.8
2026-04-08 00:00:00+05:30,29.9
2026-04-09 00:00:00+05:30,39.2
2026-04-10 00:00:00+05:30,46.0
2026-04-11 00:00:00+05:30,40.5
2026-04-12 00:00:00+05:30,49.8
2026-04-13 00:00:00+05:30,50.0
2026-04-14 00:00:00+05:30,50.8
2026-04-15 00:00:00+05:30,70.9
2026-04-16 00:00:00+05:30,87.9
2026-04-17 00:00:00+05:30,82.7
2026-04-18 00:00:00+05:30,63.0
2026-04-19 00:00:00+05:30,108.0
2026-04-20 00:00:00+05:30,58.8
2026-04-21 00:00:00+05:30,62.6
2026-04-22 00:00:00+05:30,78.2
2026-04-23 00:00:00+05:30,59.7
2026-04-24 00:00:00+05:30,91.9
2026-04-25 00:00:00+05:30,79.6
2026-04-26 00:00:00+05:30,84.7
2026-04-27 00:00:00+05:30,75.4
2026-04-28 00:00:00+05:30,59.6
2026-05-04 00:00:00+05:30,17.0
2026-05-05 00:00:00+05:30,33.8
2026-05-06 00:00:00+05:30,52.5
2026-05-07 00:00:00+05:30,34.0
2026-05-08 00:00:00+05:30,36.5
2026-05-09 00:00:00+05:30,48.0
2026-05-10 00:00:00+05:30,51.3
2026-05-11 00:00:00+05:30,59.8
2026-05-12 00:00:00+05:30,62.0
2026-05-13 00:00:00+05:30,57.3
2026-05-14 00:00:00+05:30,46.1
2026-05-15 00:00:00+05:30,46.5
2026-05-16 00:00:00+05:30,64.2
2026-05-17 00:00:00+05:30,62.4
2026-05-18 00:00:00+05:30,57.2
2026-05-19 00:00:00+05:30,55.5
2026-05-20 00:00:00+05:30,41.6
2026-05-21 00:00:00+05:30,51.8
2026-05-22 00:00:00+05:30,74.1
2026-05-23 00:00:00+05:30,59.2
2026-05-24 00:00:00+05:30,58.6
2026-05-25 00:00:00+05:30,79.9
2026-05-26 00:00:00+05:30,65.4
2026-05-27 00:00:00+05:30,68.5
2026-05-28 00:00:00+05:30,68.3
2026-05-29 00:00:00+05:30,29.5
2026-05-30 00:00:00+05:30,27.5
2026-05-31 00:00:00+05:30,25.1
2026-06-01 00:00:00+05:30,33.9
2026-06-02 00:00:00+05:30,39.0
2026-06-03 00:00:00+05:30,59.7
2026-06-04 00:00:00+05:30,50.3
2026-06-05 00:00:00+05:30,47.7
2026-06-06 00:00:00+05:30,57.7
2026-06-07 00:00:00+05:30,36.0
2026-06-08 00:00:00+05:30,39.1
2026-06-09 00:00:00+05:30,42.0
2026-06-10 00:00:00+05:30,47.3
2026-06-11 00:00:00+05:30,38.9
2026-06-12 00:00:00+05:30,25.7
2026-06-13 00:00:00+05:30,38.3
2026-06-14 00:00:00+05:30,54.2
2026-06-15 00:00:00+05:30,34.4
2026-06-16 00:00:00+05:30,37.8
2026-06-17 00:00:00+05:30,44.7
2026-06-18 00:00:00+05:30,54.0
2026-06-19 00:00:00+05:30,40.9
2026-06-20 00:00:00+05:30,47.9
2026-06-21 00:00:00+05:30,39.2
2026-06-22 00:00:00+05:30,35.0
2026-06-23 00:00:00+05:30,47.8
2026-06-24 00:00:00+05:30,32.3
2026-06-25 00:00:00+05:30,40.2
2026-06-26 00:00:00+05:30,30.1
2026-06-27 00:00:00+05:30,49.3
2026-06-28 00:00:00+05:30,53.9
2026-06-29 00:00:00+05:30,42.6
2026-06-30 00:00:00+05:30,53.4
2026-07-01 00:00:00+05:30,39.1
2026-07-02 00:00:00+05:30,33.1
2026-07-03 00:00:00+05:30,47.6
2026-07-04 00:00:00+05:30,58.8
2026-07-05 00:00:00+05:30,54.4
2026-07-06 00:00:00+05:30,36.0
2026-07-07 00:00:00+05:30,32.5
2026-07-08 00:00:00+05:30,30.0
2026-07-09 00:00:00+05:30,6.42
2026-07-10 00:00:00+05:30,22.0
2026-07-11 00:00:00+05:30,43.5
2026-07-12 00:00:00+05:30,64.2
2026-07-13 00:00:00+05:30,39.0
2026-07-14 00:00:00+05:30,40.8
2026-07-15 00:00:00+05:30,38.5
2026-07-16 00:00:00+05:30,45.9
2026-07-17 00:00:00+05:30,50.3
2026-07-18 00:00:00+05:30,46.0
2026-07-19 00:00:00+05:30,48.8
2026-07-20 00:00:00+05:30,43.3
2026-07-21 00:00:00+05:30,26.5
2026-07-22 00:00:00+05:30,21.9
2026-07-23 00:00:00+05:30,22.7
2026-07-24 00:00:00+05:30,28.6
2026-07-25 00:00:00+05:30,30.2
2026-07-26 00:00:00+05:30,33.0
2026-07-27 00:00:00+05:30,29.6
2026-07-28 00:00:00+05:30,20.6
2026-07-29 00:00:00+05:30,36.8
2026-07-30 00:00:00+05:30,40.4
2026-07-31 00:00:00+05:30,21.9
2026-08-01 00:00:00+05:30,38.6
2026-08-02 00:00:00+05:30,26.7
2026-08-03 00:00:00+05:30,26.9
2026-08-04 00:00:00+05:30,17.7
2026-08-05 00:00:00+05:30,35.7
2026-08-06 00:00:00+05:30,26.1
2026-08-07 00:00:00+05:30,25.0
2026-08-08 00:00:00+05:30,30.6
2026-08-09 00:00:00+05:30,32.7
2026-08-10 00:00:00+05:30,35.9
2026-08-11 00:00:00+05:30,46.2
2026-08-12 00:00:00+05:30,47.9
2026-08-13 00:00:00+05:30,32.7
2026-08-14 00:00:00+05:30,31.2
2026-08-15 00:00:00+05:30,40.4
2026-08-16 00:00:00+05:30,27.0
2026-08-17 00:00:00+05:30,26.7
2026-08-18 00:00:00+05:30,29.8
2026-08-19 00:00:00+05:30,33.2
2026-08-20 00:00:00+05:30,37.1
2026-08-21 00:00:00+05:30,28.1
2026-08-22 00:00:00+05:30,29.0
2026-08-23 00:00:00+05:30,33.5
2026-08-24 00:00:00+05:30,42.0
2026-08-25 00:00:00+05:30,37.0
2026-08-26 00:00:00+05:30,50.3
2026-08-27 00:00:00+05:30,50.7
2026-08-28 00:00:00+05:30,41.0
2026-08-29 00:00:00+05:30,30.7
2026-08-30 00:00:00+05:30,29.5
2026-08-31 00:00:00+05:30,36.9
2026-09-01 00:00:00+05:30,30.0
2026-09-02 00:00:00+05:30,30.8
2026-09-03 00:00:00+05:30,23.9
2026-09-04 00:00:00+05:30,22.7
2026-09-05 00:00:00+05:30,26.2
2026-09-06 00:00:00+05:30,24.9
2026-09-07 00:00:00+05:30,44.2
2026-09-08 00:00:00+05:30,30.3
2026-09-09 00:00:00+05:30,36.8
2026-09-10 00:00:00+05:30,34.1
2026-09-11 00:00:00+05:30,45.6
2026-09-12 00:00:00+05:30,25.4
2026-09-13 00:00:00+05:30,30.5
2026-09-14 00:00:00+05:30,39.3
2026-09-15 00:00:00+05:30,47.7
2026-09-16 00:00:00+05:30,33.0
2026-09-17 00:00:00+05:30,41.8
2026-09-18 00:00:00+05:30,30.1
2026-09-19 00:00:00+05:30,58.6
2026-09-20 00:00:00+05:30,78.7
