date,pm25,pm25_7day_avg,year,month,target_pm25,day_of_week,day_of_year,week_of_year,lag_1,lag_2,lag_3,lag_7,rolling_3,rolling_7,rolling_14
2016-11-22 00:00:00+05:30,113.0,197.57142857142858,2016,11,144.0,1,327,47,198.0,211.0,201.0,202.0,174.0,197.57142857142858,212.0
2016-11-23 00:00:00+05:30,144.0,182.42857142857142,2016,11,231.0,2,328,47,113.0,198.0,211.0,250.0,151.66666666666666,182.42857142857142,203.0
2016-11-24 00:00:00+05:30,231.0,184.71428571428572,2016,11,90.5,3,329,47,144.0,113.0,198.0,215.0,162.66666666666666,184.71428571428572,201.0
2016-11-25 00:00:00+05:30,90.5,169.78571428571428,2016,11,80.1,4,330,47,231.0,144.0,113.0,195.0,155.16666666666666,169.78571428571428,187.89285714285714
2016-11-26 00:00:00+05:30,80.1,152.5142857142857,2016,11,99.7,5,331,47,90.5,231.0,144.0,201.0,133.86666666666667,152.5142857142857,176.6142857142857
2016-11-27 00:00:00+05:30,99.7,136.6142857142857,2016,11,78.1,6,332,47,80.1,90.5,231.0,211.0,90.10000000000001,136.6142857142857,171.2357142857143
2016-11-28 00:00:00+05:30,78.1,119.48571428571428,2016,11,169.0,0,333,48,99.7,80.1,90.5,198.0,85.96666666666665,119.48571428571428,164.8857142857143
2016-11-29 00:00:00+05:30,169.0,127.48571428571428,2016,11,248.0,1,334,48,78.1,99.7,80.1,113.0,115.59999999999998,127.48571428571428,162.52857142857144
2016-11-30 00:00:00+05:30,248.0,142.34285714285713,2016,11,276.0,2,335,48,169.0,78.1,99.7,144.0,165.03333333333333,142.34285714285713,162.3857142857143
2016-12-01 00:00:00+05:30,276.0,148.77142857142857,2016,12,283.0,3,336,48,248.0,169.0,78.1,231.0,231.0,148.77142857142857,166.74285714285716
2016-12-02 00:00:00+05:30,283.0,176.27142857142857,2016,12,188.0,4,337,48,276.0,248.0,169.0,90.5,269.0,176.27142857142857,173.02857142857144
2016-12-03 00:00:00+05:30,188.0,191.6857142857143,2016,12,149.0,5,338,48,283.0,276.0,248.0,80.1,249.0,191.6857142857143,172.1
2016-12-04 00:00:00+05:30,149.0,198.72857142857143,2016,12,168.0,6,339,48,188.0,283.0,276.0,99.7,206.66666666666666,198.72857142857143,167.67142857142858
2016-12-05 00:00:00+05:30,168.0,211.57142857142858,2016,12,278.0,0,340,49,149.0,188.0,283.0,78.1,168.33333333333334,211.57142857142858,165.52857142857144
2016-12-06 00:00:00+05:30,278.0,227.14285714285714,2016,12,271.0,1,341,49,168.0,149.0,188.0,169.0,198.33333333333334,227.14285714285714,177.31428571428572
2016-12-07 00:00:00+05:30,271.0,230.42857142857142,2016,12,261.0,2,342,49,278.0,168.0,149.0,248.0,239.0,230.42857142857142,186.3857142857143
2016-12-08 00:00:00+05:30,261.0,228.28571428571428,2016,12,230.0,3,343,49,271.0,278.0,168.0,276.0,270.0,228.28571428571428,188.52857142857144
2016-12-09 00:00:00+05:30,230.0,220.71428571428572,2016,12,219.0,4,344,49,261.0,271.0,278.0,283.0,254.0,220.71428571428572,198.49285714285716
2016-12-10 00:00:00+05:30,219.0,225.14285714285714,2016,12,188.0,5,345,49,230.0,261.0,271.0,188.0,236.66666666666666,225.14285714285714,208.41428571428574
2016-12-11 00:00:00+05:30,188.0,230.71428571428572,2016,12,164.0,6,346,49,219.0,230.0,261.0,149.0,212.33333333333334,230.71428571428572,214.72142857142856
2016-12-12 00:00:00+05:30,164.0,230.14285714285714,2016,12,173.0,0,347,50,188.0,219.0,230.0,168.0,190.33333333333334,230.14285714285714,220.85714285714286
2016-12-13 00:00:00+05:30,173.0,215.14285714285714,2016,12,142.0,1,348,50,164.0,188.0,219.0,278.0,175.0,215.14285714285714,221.14285714285714
2016-12-14 00:00:00+05:30,142.0,196.71428571428572,2016,12,146.0,2,349,50,173.0,164.0,188.0,271.0,159.66666666666666,196.71428571428572,213.57142857142858
2016-12-15 00:00:00+05:30,146.0,180.28571428571428,2016,12,152.0,3,350,50,142.0,173.0,164.0,261.0,153.66666666666666,180.28571428571428,204.28571428571428
2016-12-16 00:00:00+05:30,152.0,169.14285714285714,2016,12,228.0,4,351,50,146.0,142.0,173.0,230.0,146.66666666666666,169.14285714285714,194.92857142857142
2016-12-17 00:00:00+05:30,228.0,170.42857142857142,2016,12,225.0,5,352,50,152.0,146.0,142.0,219.0,175.33333333333334,170.42857142857142,197.78571428571428
2016-12-18 00:00:00+05:30,225.0,175.71428571428572,2016,12,245.0,6,353,50,228.0,152.0,146.0,188.0,201.66666666666666,175.71428571428572,203.21428571428572
2016-12-19 00:00:00+05:30,245.0,187.28571428571428,2016,12,157.0,0,354,51,225.0,228.0,152.0,164.0,232.66666666666666,187.28571428571428,208.71428571428572
2016-12-20 00:00:00+05:30,157.0,185.0,2016,12,119.0,1,355,51,245.0,225.0,228.0,173.0,209.0,185.0,200.07142857142858
2016-12-21 00:00:00+05:30,119.0,181.71428571428572,2016,12,165.0,2,356,51,157.0,245.0,225.0,142.0,173.66666666666666,181.71428571428572,189.21428571428572
2016-12-22 00:00:00+05:30,165.0,184.42857142857142,2016,12,342.0,3,357,51,119.0,157.0,245.0,146.0,147.0,184.42857142857142,182.35714285714286
2016-12-23 00:00:00+05:30,342.0,211.57142857142858,2016,12,443.0,4,358,51,165.0,119.0,157.0,152.0,208.66666666666666,211.57142857142858,190.35714285714286
2016-12-24 00:00:00+05:30,443.0,242.28571428571428,2016,12,279.0,5,359,51,342.0,165.0,119.0,228.0,316.6666666666667,242.28571428571428,206.35714285714286
2016-12-25 00:00:00+05:30,279.0,250.0,2016,12,186.0,6,360,51,443.0,342.0,165.0,225.0,354.6666666666667,250.0,212.85714285714286
2016-12-26 00:00:00+05:30,186.0,241.57142857142858,2016,12,185.0,0,361,52,279.0,443.0,342.0,245.0,302.6666666666667,241.57142857142858,214.42857142857142
2016-12-27 00:00:00+05:30,185.0,245.57142857142858,2016,12,201.0,1,362,52,186.0,279.0,443.0,157.0,216.66666666666666,245.57142857142858,215.28571428571428
2016-12-28 00:00:00+05:30,201.0,257.2857142857143,2016,12,262.0,2,363,52,185.0,186.0,279.0,119.0,190.66666666666666,257.2857142857143,219.5
2016-12-29 00:00:00+05:30,262.0,271.14285714285717,2016,12,208.0,3,364,52,201.0,185.0,186.0,165.0,216.0,271.14285714285717,227.78571428571428
2016-12-30 00:00:00+05:30,208.0,252.0,2016,12,210.0,4,365,52,262.0,201.0,185.0,342.0,223.66666666666666,252.0,231.78571428571428
2016-12-31 00:00:00+05:30,210.0,218.71428571428572,2016,12,162.0,5,366,52,208.0,262.0,201.0,443.0,226.66666666666666,218.71428571428572,230.5
2017-01-01 00:00:00+05:30,162.0,202.0,2017,1,162.0,6,1,52,210.0,208.0,262.0,279.0,193.33333333333334,202.0,226.0
2017-01-02 00:00:00+05:30,162.0,198.57142857142858,2017,1,216.0,0,2,1,162.0,210.0,208.0,186.0,178.0,198.57142857142858,220.07142857142858
2017-01-03 00:00:00+05:30,216.0,203.0,2017,1,174.0,1,3,1,162.0,162.0,210.0,185.0,180.0,203.0,224.28571428571428
2017-01-04 00:00:00+05:30,174.0,199.14285714285714,2017,1,156.0,2,4,1,216.0,162.0,162.0,201.0,184.0,199.14285714285714,228.21428571428572
2017-01-05 00:00:00+05:30,156.0,184.0,2017,1,154.0,3,5,1,174.0,216.0,162.0,262.0,182.0,184.0,227.57142857142858
2017-01-06 00:00:00+05:30,154.0,176.28571428571428,2017,1,134.0,4,6,1,156.0,174.0,216.0,208.0,161.33333333333334,176.28571428571428,214.14285714285714
2017-01-07 00:00:00+05:30,134.0,165.42857142857142,2017,1,125.0,5,7,1,154.0,156.0,174.0,210.0,148.0,165.42857142857142,192.07142857142858
2017-01-08 00:00:00+05:30,125.0,160.14285714285714,2017,1,145.0,6,8,1,134.0,154.0,156.0,162.0,137.66666666666666,160.14285714285714,181.07142857142858
2017-01-09 00:00:00+05:30,145.0,157.71428571428572,2017,1,102.0,0,9,2,125.0,134.0,154.0,162.0,134.66666666666666,157.71428571428572,178.14285714285714
2017-01-10 00:00:00+05:30,102.0,141.42857142857142,2017,1,137.0,1,10,2,145.0,125.0,134.0,216.0,124.0,141.42857142857142,172.21428571428572
2017-01-11 00:00:00+05:30,137.0,136.14285714285714,2017,1,217.0,2,11,2,102.0,145.0,125.0,174.0,128.0,136.14285714285714,167.64285714285714
2017-01-12 00:00:00+05:30,217.0,144.85714285714286,2017,1,229.0,3,12,2,137.0,102.0,145.0,156.0,152.0,144.85714285714286,164.42857142857142
2017-01-13 00:00:00+05:30,229.0,155.57142857142858,2017,1,297.0,4,13,2,217.0,137.0,102.0,154.0,194.33333333333334,155.57142857142858,165.92857142857142
2017-01-14 00:00:00+05:30,297.0,178.85714285714286,2017,1,178.0,5,14,2,229.0,217.0,137.0,134.0,247.66666666666666,178.85714285714286,172.14285714285714
2017-01-15 00:00:00+05:30,178.0,186.42857142857142,2017,1,165.0,6,15,2,297.0,229.0,217.0,125.0,234.66666666666666,186.42857142857142,173.28571428571428
2017-01-16 00:00:00+05:30,165.0,189.28571428571428,2017,1,129.0,0,16,3,178.0,297.0,229.0,145.0,213.33333333333334,189.28571428571428,173.5
2017-01-17 00:00:00+05:30,129.0,193.14285714285714,2017,1,169.0,1,17,3,165.0,178.0,297.0,102.0,157.33333333333334,193.14285714285714,167.28571428571428
2017-01-18 00:00:00+05:30,169.0,197.71428571428572,2017,1,160.0,2,18,3,129.0,165.0,178.0,137.0,154.33333333333334,197.71428571428572,166.92857142857142
2017-01-19 00:00:00+05:30,160.0,189.57142857142858,2017,1,106.0,3,19,3,169.0,129.0,165.0,217.0,152.66666666666666,189.57142857142858,167.21428571428572
2017-01-20 00:00:00+05:30,106.0,172.0,2017,1,224.0,4,20,3,160.0,169.0,129.0,229.0,145.0,172.0,163.78571428571428
2017-01-21 00:00:00+05:30,224.0,161.57142857142858,2017,1,269.0,5,21,3,106.0,160.0,169.0,297.0,163.33333333333334,161.57142857142858,170.21428571428572
2017-01-22 00:00:00+05:30,269.0,174.57142857142858,2017,1,219.0,6,22,3,224.0,106.0,160.0,178.0,199.66666666666666,174.57142857142858,180.5
2017-01-23 00:00:00+05:30,219.0,182.28571428571428,2017,1,190.0,0,23,4,269.0,224.0,106.0,165.0,237.33333333333334,182.28571428571428,185.78571428571428
2017-01-24 00:00:00+05:30,190.0,191.0,2017,1,218.0,1,24,4,219.0,269.0,224.0,129.0,226.0,191.0,192.07142857142858
2017-01-25 00:00:00+05:30,218.0,198.0,2017,1,134.0,2,25,4,190.0,219.0,269.0,169.0,209.0,198.0,197.85714285714286
2017-01-26 00:00:00+05:30,134.0,194.28571428571428,2017,1,54.3,3,26,4,218.0,190.0,219.0,160.0,180.66666666666666,194.28571428571428,191.92857142857142
2017-01-27 00:00:00+05:30,54.3,186.9,2017,1,116.0,4,27,4,134.0,218.0,190.0,106.0,135.43333333333334,186.9,179.45
2017-01-28 00:00:00+05:30,116.0,171.47142857142856,2017,1,110.0,5,28,4,54.3,134.0,218.0,224.0,101.43333333333334,171.47142857142856,166.52142857142854
2017-01-29 00:00:00+05:30,110.0,148.75714285714284,2017,1,153.0,6,29,4,116.0,54.3,134.0,269.0,93.43333333333334,148.75714285714284,161.66428571428568
2017-01-30 00:00:00+05:30,153.0,139.32857142857142,2017,1,149.0,0,30,5,110.0,116.0,54.3,219.0,126.33333333333333,139.32857142857142,160.80714285714285
2017-01-31 00:00:00+05:30,149.0,133.47142857142856,2017,1,116.0,1,31,5,153.0,110.0,116.0,190.0,137.33333333333334,133.47142857142856,162.23571428571427
2017-02-01 00:00:00+05:30,116.0,118.89999999999999,2017,2,180.0,2,32,5,149.0,153.0,110.0,218.0,139.33333333333334,118.89999999999999,158.45
2017-02-02 00:00:00+05:30,180.0,125.47142857142856,2017,2,191.0,3,33,5,116.0,149.0,153.0,134.0,148.33333333333334,125.47142857142856,159.8785714285714
2017-02-03 00:00:00+05:30,191.0,145.0,2017,2,149.0,4,34,5,180.0,116.0,149.0,54.3,162.33333333333334,145.0,165.95
2017-02-04 00:00:00+05:30,149.0,149.71428571428572,2017,2,136.0,5,35,5,191.0,180.0,116.0,116.0,173.33333333333334,149.71428571428572,160.59285714285713
2017-02-05 00:00:00+05:30,136.0,153.42857142857142,2017,2,165.0,6,36,5,149.0,191.0,180.0,110.0,158.66666666666666,153.42857142857142,151.09285714285713
2017-02-06 00:00:00+05:30,165.0,155.14285714285714,2017,2,70.2,0,37,6,136.0,149.0,191.0,153.0,150.0,155.14285714285714,147.23571428571427
2017-02-07 00:00:00+05:30,70.2,143.8857142857143,2017,2,118.0,1,38,6,165.0,136.0,149.0,149.0,123.73333333333333,143.8857142857143,138.67857142857142
2017-02-08 00:00:00+05:30,118.0,144.17142857142858,2017,2,110.0,2,39,6,70.2,165.0,136.0,116.0,117.73333333333333,144.17142857142858,131.53571428571428
2017-02-09 00:00:00+05:30,110.0,134.17142857142858,2017,2,105.0,3,40,6,118.0,70.2,165.0,180.0,99.39999999999999,134.17142857142858,129.82142857142858
2017-02-10 00:00:00+05:30,105.0,121.88571428571429,2017,2,111.0,4,41,6,110.0,118.0,70.2,191.0,111.0,121.88571428571429,133.44285714285715
2017-02-11 00:00:00+05:30,111.0,116.45714285714287,2017,2,123.0,5,42,6,105.0,110.0,118.0,149.0,108.66666666666667,116.45714285714287,133.0857142857143
2017-02-12 00:00:00+05:30,123.0,114.60000000000001,2017,2,104.0,6,43,6,111.0,105.0,110.0,136.0,113.0,114.60000000000001,134.0142857142857
2017-02-13 00:00:00+05:30,104.0,105.88571428571429,2017,2,121.0,0,44,7,123.0,111.0,105.0,165.0,112.66666666666667,105.88571428571429,130.5142857142857
2017-02-14 00:00:00+05:30,121.0,113.14285714285714,2017,2,126.0,1,45,7,104.0,123.0,111.0,70.2,116.0,113.14285714285714,128.5142857142857
2017-02-15 00:00:00+05:30,126.0,114.28571428571429,2017,2,121.0,2,46,7,121.0,104.0,123.0,118.0,117.0,114.28571428571429,129.22857142857143
2017-02-16 00:00:00+05:30,121.0,115.85714285714286,2017,2,99.3,3,47,7,126.0,121.0,104.0,110.0,122.66666666666667,115.85714285714286,125.01428571428572
2017-02-17 00:00:00+05:30,99.3,115.04285714285713,2017,2,97.0,4,48,7,121.0,126.0,121.0,105.0,115.43333333333334,115.04285714285713,118.46428571428571
2017-02-18 00:00:00+05:30,97.0,113.04285714285713,2017,2,103.0,5,49,7,99.3,121.0,126.0,111.0,105.76666666666667,113.04285714285713,114.75
2017-02-19 00:00:00+05:30,103.0,110.18571428571428,2017,2,98.7,6,50,7,97.0,99.3,121.0,123.0,99.76666666666667,110.18571428571428,112.39285714285714
2017-02-20 00:00:00+05:30,98.7,109.42857142857143,2017,2,89.2,0,51,8,103.0,97.0,99.3,104.0,99.56666666666666,109.42857142857143,107.65714285714286
2017-02-21 00:00:00+05:30,89.2,104.88571428571429,2017,2,91.3,1,52,8,98.7,103.0,97.0,121.0,96.96666666666665,104.88571428571429,109.0142857142857
2017-02-22 00:00:00+05:30,91.3,99.92857142857143,2017,2,40.8,2,53,8,89.2,98.7,103.0,126.0,93.06666666666666,99.92857142857143,107.10714285714286
2017-02-23 00:00:00+05:30,40.8,88.47142857142856,2017,2,44.3,3,54,8,91.3,89.2,98.7,121.0,73.76666666666667,88.47142857142856,102.16428571428571
2017-02-24 00:00:00+05:30,44.3,80.61428571428573,2017,2,53.4,4,55,8,40.8,91.3,89.2,99.3,58.79999999999999,80.61428571428573,97.82857142857142
2017-02-25 00:00:00+05:30,53.4,74.38571428571429,2017,2,98.5,5,56,8,44.3,40.8,91.3,97.0,46.166666666666664,74.38571428571429,93.71428571428571
2017-02-26 00:00:00+05:30,98.5,73.74285714285715,2017,2,70.4,6,57,8,53.4,44.3,40.8,103.0,65.39999999999999,73.74285714285715,91.96428571428571
2017-02-27 00:00:00+05:30,70.4,69.7,2017,2,60.6,0,58,9,98.5,53.4,44.3,98.7,74.10000000000001,69.7,89.5642857142857
2017-02-28 00:00:00+05:30,60.6,65.61428571428571,2017,2,89.1,1,59,9,70.4,98.5,53.4,89.2,76.50000000000001,65.61428571428571,85.25
2017-03-01 00:00:00+05:30,89.1,65.3,2017,3,95.2,2,60,9,60.6,70.4,98.5,91.3,73.36666666666667,65.3,82.61428571428571
2017-03-02 00:00:00+05:30,95.2,73.07142857142857,2017,3,43.8,3,61,9,89.1,60.6,70.4,40.8,81.63333333333334,73.07142857142857,80.77142857142857
2017-03-03 00:00:00+05:30,43.8,73.0,2017,3,65.6,4,62,9,95.2,89.1,60.6,44.3,76.03333333333335,73.0,76.80714285714285
2017-03-04 00:00:00+05:30,65.6,74.74285714285715,2017,3,68.5,5,63,9,43.8,95.2,89.1,53.4,68.2,74.74285714285715,74.5642857142857
2017-03-05 00:00:00+05:30,68.5,70.45714285714286,2017,3,86.7,6,64,9,65.6,43.8,95.2,98.5,59.30000000000001,70.45714285714286,72.1
2017-03-06 00:00:00+05:30,86.7,72.78571428571428,2017,3,79.9,0,65,10,68.5,65.6,43.8,70.4,73.60000000000001,72.78571428571428,71.24285714285715
2017-03-07 00:00:00+05:30,79.9,75.54285714285713,2017,3,44.5,1,66,10,86.7,68.5,65.6,60.6,78.36666666666669,75.54285714285713,70.57857142857142
2017-03-08 00:00:00+05:30,44.5,69.17142857142856,2017,3,47.2,2,67,10,79.9,86.7,68.5,89.1,70.36666666666667,69.17142857142856,67.23571428571428
2017-03-09 00:00:00+05:30,47.2,62.31428571428571,2017,3,33.5,3,68,10,44.5,79.9,86.7,95.2,57.20000000000001,62.31428571428571,67.69285714285715
2017-03-10 00:00:00+05:30,33.5,60.84285714285714,2017,3,22.1,4,69,10,47.2,44.5,79.9,43.8,41.73333333333334,60.84285714285714,66.92142857142856
2017-03-11 00:00:00+05:30,22.1,54.62857142857143,2017,3,32.3,5,70,10,33.5,47.2,44.5,65.6,34.26666666666668,54.62857142857143,64.68571428571428
2017-03-12 00:00:00+05:30,32.3,49.457142857142856,2017,3,60.5,6,71,10,22.1,33.5,47.2,68.5,29.30000000000001,49.457142857142856,59.957142857142856
2017-03-13 00:00:00+05:30,60.5,45.714285714285715,2017,3,52.5,0,72,11,32.3,22.1,33.5,86.7,38.30000000000001,45.714285714285715,59.25
2017-03-14 00:00:00+05:30,52.5,41.8,2017,3,110.0,1,73,11,60.5,32.3,22.1,79.9,48.433333333333344,41.8,58.67142857142857
2017-03-15 00:00:00+05:30,110.0,51.15714285714286,2017,3,87.0,2,74,11,52.5,60.5,32.3,44.5,74.33333333333334,51.15714285714286,60.16428571428571
2017-03-16 00:00:00+05:30,87.0,56.84285714285714,2017,3,83.2,3,75,11,110.0,52.5,60.5,47.2,83.16666666666667,56.84285714285714,59.57857142857143
2017-03-17 00:00:00+05:30,83.2,63.94285714285714,2017,3,74.9,4,76,11,87.0,110.0,52.5,33.5,93.40000000000002,63.94285714285714,62.392857142857146
2017-03-18 00:00:00+05:30,74.9,71.48571428571428,2017,3,70.7,5,77,11,83.2,87.0,110.0,22.1,81.7,71.48571428571428,63.057142857142864
2017-03-19 00:00:00+05:30,70.7,76.97142857142858,2017,3,109.0,6,78,11,74.9,83.2,87.0,32.3,76.26666666666668,76.97142857142858,63.214285714285715
2017-03-20 00:00:00+05:30,109.0,83.9,2017,3,169.0,0,79,12,70.7,74.9,83.2,60.5,84.86666666666667,83.9,64.80714285714286
2017-03-21 00:00:00+05:30,169.0,100.54285714285716,2017,3,87.1,1,80,12,109.0,70.7,74.9,52.5,116.23333333333335,100.54285714285716,71.17142857142858
2017-03-22 00:00:00+05:30,87.1,97.27142857142859,2017,3,132.0,2,81,12,169.0,109.0,70.7,110.0,121.7,97.27142857142859,74.21428571428571
2017-03-23 00:00:00+05:30,132.0,103.70000000000002,2017,3,103.0,3,82,12,87.1,169.0,109.0,87.0,129.36666666666667,103.70000000000002,80.27142857142857
2017-03-24 00:00:00+05:30,103.0,106.52857142857144,2017,3,49.1,4,83,12,132.0,87.1,169.0,83.2,107.36666666666667,106.52857142857144,85.23571428571428
2017-03-25 00:00:00+05:30,49.1,102.84285714285714,2017,3,82.2,5,84,12,103.0,132.0,87.1,74.9,94.7,102.84285714285714,87.16428571428573
2017-03-26 00:00:00+05:30,82.2,104.48571428571428,2017,3,61.0,6,85,12,49.1,103.0,132.0,70.7,78.10000000000001,104.48571428571428,90.72857142857141
2017-03-27 00:00:00+05:30,61.0,97.62857142857142,2017,3,110.0,0,86,13,82.2,49.1,103.0,109.0,64.10000000000001,97.62857142857142,90.7642857142857
2017-03-28 00:00:00+05:30,110.0,89.2,2017,3,96.1,1,87,13,61.0,82.2,49.1,169.0,84.40000000000002,89.2,94.87142857142855
2017-03-29 00:00:00+05:30,96.1,90.48571428571428,2017,3,48.2,2,88,13,110.0,61.0,82.2,87.1,89.03333333333335,90.48571428571428,93.87857142857142
2017-03-30 00:00:00+05:30,48.2,78.51428571428572,2017,3,66.0,3,89,13,96.1,110.0,61.0,132.0,84.76666666666667,78.51428571428572,91.10714285714286
2017-03-31 00:00:00+05:30,66.0,73.22857142857143,2017,3,78.6,4,90,13,48.2,96.1,110.0,103.0,70.10000000000001,73.22857142857143,89.87857142857145
2017-04-01 00:00:00+05:30,78.6,77.44285714285715,2017,4,72.1,5,91,13,66.0,48.2,96.1,49.1,64.26666666666667,77.44285714285715,90.14285714285714
2017-04-02 00:00:00+05:30,72.1,76.0,2017,4,52.7,6,92,13,78.6,66.0,48.2,82.2,72.23333333333335,76.0,90.24285714285713
2017-04-03 00:00:00+05:30,52.7,74.81428571428572,2017,4,43.2,0,93,14,72.1,78.6,66.0,61.0,67.80000000000001,74.81428571428572,86.22142857142856
2017-04-04 00:00:00+05:30,43.2,65.27142857142857,2017,4,27.5,1,94,14,52.7,72.1,78.6,110.0,56.00000000000001,65.27142857142857,77.23571428571428
2017-04-05 00:00:00+05:30,27.5,55.47142857142857,2017,4,49.3,2,95,14,43.2,52.7,72.1,96.1,41.13333333333335,55.47142857142857,72.97857142857143
2017-04-06 00:00:00+05:30,49.3,55.628571428571426,2017,4,161.0,3,96,14,27.5,43.2,52.7,48.2,40.00000000000001,55.628571428571426,67.07142857142857
2017-04-07 00:00:00+05:30,161.0,69.2,2017,4,107.0,4,97,14,49.3,27.5,43.2,66.0,79.26666666666667,69.2,71.21428571428571
2017-04-08 00:00:00+05:30,107.0,73.25714285714285,2017,4,26.9,5,98,14,161.0,49.3,27.5,78.6,105.76666666666667,73.25714285714285,75.35000000000001
2017-04-09 00:00:00+05:30,26.9,66.8,2017,4,35.9,6,99,14,107.0,161.0,49.3,72.1,98.3,66.8,71.4
2017-04-10 00:00:00+05:30,35.9,64.4,2017,4,58.2,0,100,15,26.9,107.0,161.0,52.7,56.6,64.4,69.60714285714286
2017-04-11 00:00:00+05:30,58.2,66.54285714285714,2017,4,77.9,1,101,15,35.9,26.9,107.0,43.2,40.333333333333336,66.54285714285714,65.90714285714286
2017-04-12 00:00:00+05:30,77.9,73.74285714285715,2017,4,85.0,2,102,15,58.2,35.9,26.9,27.5,57.333333333333336,73.74285714285715,64.60714285714286
2017-04-13 00:00:00+05:30,85.0,78.84285714285714,2017,4,121.0,3,103,15,77.9,58.2,35.9,49.3,73.7,78.84285714285714,67.2357142857143
2017-04-14 00:00:00+05:30,121.0,73.12857142857142,2017,4,108.0,4,104,15,85.0,77.9,58.2,161.0,94.63333333333333,73.12857142857142,71.16428571428573
2017-04-15 00:00:00+05:30,108.0,73.27142857142857,2017,4,559.0,5,105,15,121.0,85.0,77.9,107.0,104.66666666666667,73.27142857142857,73.26428571428572
2017-04-16 00:00:00+05:30,559.0,149.28571428571428,2017,4,700.0,6,106,15,108.0,121.0,85.0,26.9,262.6666666666667,149.28571428571428,108.04285714285713
2017-04-17 00:00:00+05:30,700.0,244.15714285714284,2017,4,174.0,0,107,16,559.0,108.0,121.0,35.9,455.6666666666667,244.15714285714284,154.27857142857144
2017-04-18 00:00:00+05:30,174.0,260.7,2017,4,75.9,1,108,16,700.0,559.0,108.0,58.2,477.6666666666667,260.7,163.6214285714286
2017-04-19 00:00:00+05:30,75.9,260.4142857142857,2017,4,78.4,2,109,16,174.0,700.0,559.0,77.9,316.6333333333333,260.4142857142857,167.07857142857145
2017-04-20 00:00:00+05:30,78.4,259.4714285714286,2017,4,98.4,3,110,16,75.9,174.0,700.0,85.0,109.43333333333334,259.4714285714286,169.15714285714284
2017-04-21 00:00:00+05:30,98.4,256.24285714285713,2017,4,102.0,4,111,16,78.4,75.9,174.0,121.0,84.23333333333333,256.24285714285713,164.68571428571428
2017-04-22 00:00:00+05:30,102.0,255.38571428571427,2017,4,94.3,5,112,16,98.4,78.4,75.9,108.0,92.93333333333334,255.38571428571427,164.32857142857142
2017-04-23 00:00:00+05:30,94.3,189.0,2017,4,243.0,6,113,16,102.0,98.4,78.4,559.0,98.23333333333333,189.0,169.14285714285714
2017-04-24 00:00:00+05:30,243.0,123.71428571428571,2017,4,63.6,0,114,17,94.3,102.0,98.4,700.0,146.4333333333333,123.71428571428571,183.9357142857143
2017-04-25 00:00:00+05:30,63.6,107.94285714285715,2017,4,32.7,1,115,17,243.0,94.3,102.0,174.0,133.63333333333333,107.94285714285715,184.32142857142858
2017-04-26 00:00:00+05:30,32.7,101.77142857142857,2017,4,54.7,2,116,17,63.6,243.0,94.3,75.9,113.09999999999998,101.77142857142857,181.09285714285713
2017-04-27 00:00:00+05:30,54.7,98.38571428571429,2017,4,64.4,3,117,17,32.7,63.6,243.0,78.4,50.33333333333332,98.38571428571429,178.92857142857142
2017-04-28 00:00:00+05:30,64.4,93.52857142857142,2017,4,34.6,4,118,17,54.7,32.7,63.6,98.4,50.599999999999994,93.52857142857142,174.8857142857143
2017-05-14 00:00:00+05:30,86.8,105.60000000000001,2017,5,64.5,6,134,19,98.6,146.0,167.0,128.0,110.46666666666665,105.60000000000001,105.27857142857144
2017-05-15 00:00:00+05:30,64.5,97.67142857142858,2017,5,92.0,0,135,20,86.8,98.6,146.0,120.0,83.3,97.67142857142858,107.13571428571429
2017-05-16 00:00:00+05:30,92.0,101.07142857142857,2017,5,58.5,1,136,20,64.5,86.8,98.6,68.2,81.09999999999998,101.07142857142857,107.35714285714286
2017-05-17 00:00:00+05:30,58.5,101.91428571428571,2017,5,71.6,2,137,20,92.0,64.5,86.8,52.6,71.66666666666664,101.91428571428571,103.53571428571429
2017-05-18 00:00:00+05:30,71.6,88.28571428571429,2017,5,52.6,3,138,20,58.5,92.0,64.5,167.0,74.03333333333332,88.28571428571429,103.34285714285714
2017-05-19 00:00:00+05:30,52.6,74.94285714285715,2017,5,66.6,4,139,20,71.6,58.5,92.0,146.0,60.899999999999984,74.94285714285715,96.95714285714284
2017-05-20 00:00:00+05:30,66.6,70.37142857142857,2017,5,110.0,5,140,20,52.6,71.6,58.5,98.6,63.59999999999999,70.37142857142857,90.92857142857143
2017-05-21 00:00:00+05:30,110.0,73.68571428571428,2017,5,124.0,6,141,20,66.6,52.6,71.6,86.8,76.39999999999999,73.68571428571428,89.64285714285714
2017-05-22 00:00:00+05:30,124.0,82.18571428571428,2017,5,117.0,0,142,21,110.0,66.6,52.6,64.5,100.19999999999999,82.18571428571428,89.92857142857143
2017-05-23 00:00:00+05:30,117.0,85.75714285714285,2017,5,71.8,1,143,21,124.0,110.0,66.6,92.0,117.0,85.75714285714285,93.41428571428571
2017-05-24 00:00:00+05:30,71.8,87.65714285714286,2017,5,59.8,2,144,21,117.0,124.0,110.0,58.5,104.26666666666665,87.65714285714286,94.78571428571429
2017-05-25 00:00:00+05:30,59.8,85.97142857142856,2017,5,76.0,3,145,21,71.8,117.0,124.0,71.6,82.86666666666666,85.97142857142856,87.12857142857142
2017-05-26 00:00:00+05:30,76.0,89.3142857142857,2017,5,48.8,4,146,21,59.8,71.8,117.0,52.6,69.19999999999999,89.3142857142857,82.12857142857142
2017-05-27 00:00:00+05:30,48.8,86.77142857142857,2017,5,29.5,5,147,21,76.0,59.8,71.8,66.6,61.533333333333324,86.77142857142857,78.57142857142857
2017-05-28 00:00:00+05:30,29.5,75.27142857142857,2017,5,39.6,6,148,21,48.8,76.0,59.8,110.0,51.43333333333333,75.27142857142857,74.47857142857143
2017-05-29 00:00:00+05:30,39.6,63.214285714285715,2017,5,49.9,0,149,22,29.5,48.8,76.0,124.0,39.29999999999999,63.214285714285715,72.7
2017-05-30 00:00:00+05:30,49.9,53.628571428571426,2017,5,43.1,1,150,22,39.6,29.5,48.8,117.0,39.666666666666664,53.628571428571426,69.69285714285715
2017-05-31 00:00:00+05:30,43.1,49.528571428571425,2017,5,72.7,2,151,22,49.9,39.6,29.5,71.8,44.199999999999996,49.528571428571425,68.59285714285714
2017-06-01 00:00:00+05:30,72.7,51.37142857142857,2017,6,97.8,3,152,22,43.1,49.9,39.6,59.8,55.23333333333333,51.37142857142857,68.67142857142856
2017-06-02 00:00:00+05:30,97.8,54.48571428571429,2017,6,74.6,4,153,22,72.7,43.1,49.9,76.0,71.19999999999999,54.48571428571429,71.89999999999999
2017-06-03 00:00:00+05:30,74.6,58.17142857142857,2017,6,80.5,5,154,22,97.8,72.7,43.1,48.8,81.69999999999999,58.17142857142857,72.47142857142858
2017-06-04 00:00:00+05:30,80.5,65.45714285714286,2017,6,41.4,6,155,22,74.6,97.8,72.7,29.5,84.3,65.45714285714286,70.36428571428571
2017-06-05 00:00:00+05:30,41.4,65.71428571428571,2017,6,45.0,0,156,23,80.5,74.6,97.8,39.6,65.49999999999999,65.71428571428571,64.46428571428571
2017-06-06 00:00:00+05:30,45.0,65.01428571428572,2017,6,27.8,1,157,23,41.4,80.5,74.6,49.9,55.633333333333326,65.01428571428572,59.32142857142857
2017-06-07 00:00:00+05:30,27.8,62.82857142857142,2017,6,35.6,2,158,23,45.0,41.4,80.5,43.1,38.066666666666656,62.82857142857142,56.17857142857143
2017-06-08 00:00:00+05:30,35.6,57.528571428571425,2017,6,57.0,3,159,23,27.8,45.0,41.4,72.7,36.133333333333326,57.528571428571425,54.449999999999996
2017-06-09 00:00:00+05:30,57.0,51.699999999999996,2017,6,61.5,4,160,23,35.6,27.8,45.0,97.8,40.133333333333326,51.699999999999996,53.09285714285714
2017-06-10 00:00:00+05:30,61.5,49.82857142857143,2017,6,34.3,5,161,23,57.0,35.6,27.8,74.6,51.36666666666665,49.82857142857143,54.0
2017-06-11 00:00:00+05:30,34.3,43.228571428571435,2017,6,46.5,6,162,23,61.5,57.0,35.6,80.5,50.933333333333316,43.228571428571435,54.34285714285714
2017-06-12 00:00:00+05:30,46.5,43.957142857142856,2017,6,39.4,0,163,24,34.3,61.5,57.0,41.4,47.433333333333316,43.957142857142856,54.83571428571429
2017-06-13 00:00:00+05:30,39.4,43.15714285714285,2017,6,42.6,1,164,24,46.5,34.3,61.5,45.0,40.066666666666656,43.15714285714285,54.08571428571428
2017-06-14 00:00:00+05:30,42.6,45.27142857142858,2017,6,57.9,2,165,24,39.4,46.5,34.3,27.8,42.83333333333332,45.27142857142858,54.050000000000004
2017-06-15 00:00:00+05:30,57.9,48.457142857142856,2017,6,44.0,3,166,24,42.6,39.4,46.5,35.6,46.633333333333326,48.457142857142856,52.99285714285714
2017-06-16 00:00:00+05:30,44.0,46.6,2017,6,94.7,4,167,24,57.9,42.6,39.4,57.0,48.16666666666665,46.6,49.15
2017-06-17 00:00:00+05:30,94.7,51.34285714285714,2017,6,50.9,5,168,24,44.0,57.9,42.6,61.5,65.53333333333332,51.34285714285714,50.58571428571429
2017-06-18 00:00:00+05:30,50.9,53.714285714285715,2017,6,53.6,6,169,24,94.7,44.0,57.9,34.3,63.19999999999999,53.714285714285715,48.471428571428575
2017-06-19 00:00:00+05:30,53.6,54.728571428571435,2017,6,28.1,0,170,25,50.9,94.7,44.0,46.5,66.39999999999999,54.728571428571435,49.34285714285715
2017-06-20 00:00:00+05:30,28.1,53.114285714285714,2017,6,106.0,1,171,25,53.6,50.9,94.7,39.4,44.19999999999999,53.114285714285714,48.13571428571429
2017-06-21 00:00:00+05:30,106.0,62.17142857142857,2017,6,59.4,2,172,25,28.1,53.6,50.9,42.6,62.566666666666656,62.17142857142857,53.72142857142857
2017-06-22 00:00:00+05:30,59.4,62.385714285714286,2017,6,38.8,3,173,25,106.0,28.1,53.6,57.9,64.49999999999999,62.385714285714286,55.42142857142858
2017-06-23 00:00:00+05:30,38.8,61.642857142857146,2017,6,51.3,4,174,25,59.4,106.0,28.1,44.0,68.06666666666665,61.642857142857146,54.121428571428574
2017-06-24 00:00:00+05:30,51.3,55.442857142857136,2017,6,65.6,5,175,25,38.8,59.4,106.0,94.7,49.83333333333332,55.442857142857136,53.392857142857146
2017-06-25 00:00:00+05:30,65.6,57.54285714285714,2017,6,45.6,6,176,25,51.3,38.8,59.4,50.9,51.899999999999984,57.54285714285714,55.628571428571426
2017-06-26 00:00:00+05:30,45.6,56.39999999999999,2017,6,34.5,0,177,26,65.6,51.3,38.8,53.6,54.16666666666666,56.39999999999999,55.56428571428571
2017-06-27 00:00:00+05:30,34.5,57.31428571428571,2017,6,24.0,1,178,26,45.6,65.6,51.3,28.1,48.566666666666656,57.31428571428571,55.214285714285715
2017-06-28 00:00:00+05:30,24.0,45.6,2017,6,20.7,2,179,26,34.5,45.6,65.6,106.0,34.69999999999999,45.6,53.885714285714286
2017-06-29 00:00:00+05:30,20.7,40.07142857142857,2017,6,19.1,3,180,26,24.0,34.5,45.6,59.4,26.39999999999999,40.07142857142857,51.228571428571435
2017-06-30 00:00:00+05:30,19.1,37.25714285714286,2017,6,36.2,4,181,26,20.7,24.0,34.5,38.8,21.266666666666655,37.25714285714286,49.449999999999996
2017-07-01 00:00:00+05:30,36.2,35.1,2017,7,20.5,5,182,26,19.1,20.7,24.0,51.3,25.333333333333325,35.1,45.271428571428565
2017-07-02 00:00:00+05:30,20.5,28.657142857142862,2017,7,39.4,6,183,26,36.2,19.1,20.7,65.6,25.266666666666655,28.657142857142862,43.1
2017-07-03 00:00:00+05:30,39.4,27.771428571428572,2017,7,43.6,0,184,27,20.5,36.2,19.1,45.6,32.033333333333324,27.771428571428572,42.08571428571428
2017-07-04 00:00:00+05:30,43.6,29.071428571428573,2017,7,48.3,1,185,27,39.4,20.5,36.2,34.5,34.49999999999999,29.071428571428573,43.192857142857136
2017-07-05 00:00:00+05:30,48.3,32.542857142857144,2017,7,46.3,2,186,27,43.6,39.4,20.5,24.0,43.76666666666665,32.542857142857144,39.07142857142857
2017-07-06 00:00:00+05:30,46.3,36.199999999999996,2017,7,42.0,3,187,27,48.3,43.6,39.4,20.7,46.066666666666656,36.199999999999996,38.135714285714286
2017-07-07 00:00:00+05:30,42.0,39.471428571428575,2017,7,41.1,4,188,27,46.3,48.3,43.6,19.1,45.533333333333324,39.471428571428575,38.364285714285714
2017-07-08 00:00:00+05:30,41.1,40.17142857142857,2017,7,52.5,5,189,27,42.0,46.3,48.3,36.2,43.133333333333326,40.17142857142857,37.635714285714286
2017-07-09 00:00:00+05:30,52.5,44.74285714285714,2017,7,39.3,6,190,27,41.1,42.0,46.3,20.5,45.19999999999999,44.74285714285714,36.699999999999996
2017-07-10 00:00:00+05:30,39.3,44.72857142857142,2017,7,33.1,0,191,28,52.5,41.1,42.0,39.4,44.29999999999999,44.72857142857142,36.25
2017-07-11 00:00:00+05:30,33.1,43.228571428571435,2017,7,21.0,1,192,28,39.3,52.5,41.1,43.6,41.633333333333326,43.228571428571435,36.15
2017-07-12 00:00:00+05:30,21.0,39.32857142857143,2017,7,21.1,2,193,28,33.1,39.3,52.5,48.3,31.133333333333326,39.32857142857143,35.93571428571429
2017-07-13 00:00:00+05:30,21.1,35.72857142857143,2017,7,24.2,3,194,28,21.0,33.1,39.3,46.3,25.06666666666666,35.72857142857143,35.964285714285715
2017-07-14 00:00:00+05:30,24.2,33.18571428571429,2017,7,26.1,4,195,28,21.1,21.0,33.1,42.0,22.09999999999999,33.18571428571429,36.32857142857143
2017-08-20 00:00:00+05:30,23.8,30.67142857142857,2017,8,27.8,6,232,33,34.6,38.4,34.9,17.8,32.26666666666666,30.67142857142857,28.7
2017-08-21 00:00:00+05:30,27.8,31.271428571428572,2017,8,-5.41,0,233,34,23.8,34.6,38.4,23.6,28.733333333333324,31.271428571428572,28.7
2017-08-22 00:00:00+05:30,-5.41,26.35571428571429,2017,8,-6.27,1,234,34,27.8,23.8,34.6,29.0,15.396666666666656,26.35571428571429,24.935
2017-08-23 00:00:00+05:30,-6.27,21.117142857142856,2017,8,104.0,2,235,34,-5.41,27.8,23.8,30.4,5.373333333333324,21.117142857142856,22.330000000000002
2017-08-24 00:00:00+05:30,104.0,30.988571428571426,2017,8,56.7,3,236,34,-6.27,-5.41,27.8,34.9,30.773333333333323,30.988571428571426,27.78
2017-09-20 00:00:00+05:30,50.9,51.98571428571429,2017,9,39.6,2,263,38,54.0,43.8,44.4,50.9,49.566666666666656,51.98571428571429,55.15
2017-09-21 00:00:00+05:30,39.6,48.41428571428571,2017,9,9.78,3,264,38,50.9,54.0,43.8,64.6,48.16666666666666,48.41428571428571,55.19285714285714
2017-09-22 00:00:00+05:30,9.78,41.82571428571429,2017,9,8.83,4,265,38,39.6,50.9,54.0,55.9,33.426666666666655,41.82571428571429,51.769999999999996
2017-09-23 00:00:00+05:30,8.83,35.901428571428575,2017,9,30.3,5,266,38,9.78,39.6,50.9,50.3,19.403333333333325,35.901428571428575,48.79357142857142
2017-09-24 00:00:00+05:30,30.3,33.887142857142855,2017,9,48.5,6,267,38,8.83,9.78,39.6,44.4,16.303333333333324,33.887142857142855,46.964999999999996
2017-09-25 00:00:00+05:30,48.5,34.55857142857143,2017,9,64.7,0,268,39,30.3,8.83,9.78,43.8,29.20999999999999,34.55857142857143,46.28642857142857
2017-09-26 00:00:00+05:30,64.7,36.08714285714286,2017,9,79.0,1,269,39,48.5,30.3,8.83,54.0,47.83333333333332,36.08714285714286,44.03642857142857
2017-09-27 00:00:00+05:30,79.0,40.10142857142858,2017,9,71.4,2,270,39,64.7,48.5,30.3,50.9,64.06666666666666,40.10142857142858,46.04357142857142
2017-09-28 00:00:00+05:30,71.4,44.644285714285715,2017,9,138.0,3,271,39,79.0,64.7,48.5,39.6,71.69999999999999,44.644285714285715,46.52928571428572
2017-09-29 00:00:00+05:30,138.0,62.96142857142858,2017,9,80.4,4,272,39,71.4,79.0,64.7,9.78,96.13333333333333,62.96142857142858,52.39357142857143
2017-09-30 00:00:00+05:30,80.4,73.18571428571428,2017,9,86.8,5,273,39,138.0,71.4,79.0,8.83,96.59999999999998,73.18571428571428,54.54357142857143
2017-10-01 00:00:00+05:30,86.8,81.25714285714287,2017,10,54.8,6,274,39,80.4,138.0,71.4,30.3,101.7333333333333,81.25714285714287,57.57214285714286
2017-10-02 00:00:00+05:30,54.8,82.15714285714286,2017,10,54.4,0,275,40,86.8,80.4,138.0,48.5,73.99999999999999,82.15714285714286,58.35785714285714
2017-10-03 00:00:00+05:30,54.4,80.68571428571428,2017,10,76.3,1,276,40,54.8,86.8,80.4,64.7,65.33333333333331,80.68571428571428,58.38642857142857
2017-10-04 00:00:00+05:30,76.3,80.29999999999998,2017,10,63.7,2,277,40,54.4,54.8,86.8,79.0,61.833333333333314,80.29999999999998,60.200714285714284
2017-10-05 00:00:00+05:30,63.7,79.2,2017,10,57.1,3,278,40,76.3,54.4,54.8,71.4,64.79999999999997,79.2,61.92214285714285
2017-10-06 00:00:00+05:30,57.1,67.64285714285714,2017,10,66.1,4,279,40,63.7,76.3,54.4,138.0,65.69999999999997,67.64285714285714,65.30214285714285
2017-10-07 00:00:00+05:30,66.1,65.60000000000001,2017,10,108.0,5,280,40,57.1,63.7,76.3,80.4,62.299999999999976,65.60000000000001,69.39285714285714
2017-10-08 00:00:00+05:30,108.0,68.62857142857142,2017,10,94.5,6,281,40,66.1,57.1,63.7,86.8,77.06666666666665,68.62857142857142,74.94285714285715
2017-10-09 00:00:00+05:30,94.5,74.3,2017,10,99.7,0,282,41,108.0,66.1,57.1,54.8,89.5333333333333,74.3,78.22857142857143
2017-10-10 00:00:00+05:30,99.7,80.77142857142857,2017,10,104.0,1,283,41,94.5,108.0,66.1,54.4,100.7333333333333,80.77142857142857,80.72857142857143
2017-10-11 00:00:00+05:30,104.0,84.72857142857143,2017,10,128.0,2,284,41,99.7,94.5,108.0,76.3,99.39999999999998,84.72857142857143,82.51428571428572
2017-10-12 00:00:00+05:30,128.0,93.91428571428571,2017,10,113.0,3,285,41,104.0,99.7,94.5,63.7,110.56666666666665,93.91428571428571,86.55714285714286
2017-10-13 00:00:00+05:30,113.0,101.9,2017,10,114.0,4,286,41,128.0,104.0,99.7,57.1,114.99999999999999,101.9,84.77142857142859
2017-10-14 00:00:00+05:30,114.0,108.74285714285715,2017,10,1120.0,5,287,41,113.0,128.0,104.0,66.1,118.33333333333331,108.74285714285715,87.17142857142858
2017-10-15 00:00:00+05:30,1120.0,253.31428571428572,2017,10,695.0,6,288,41,114.0,113.0,128.0,108.0,449.0,253.31428571428572,160.9714285714286
2017-10-16 00:00:00+05:30,695.0,339.09999999999997,2017,10,138.0,0,289,42,1120.0,114.0,113.0,94.5,643.0,339.09999999999997,206.70000000000002
2017-10-17 00:00:00+05:30,138.0,344.57142857142856,2017,10,146.0,1,290,42,695.0,1120.0,114.0,99.7,651.0,344.57142857142856,212.6714285714286
2017-10-18 00:00:00+05:30,146.0,350.57142857142856,2017,10,158.0,2,291,42,138.0,695.0,1120.0,104.0,326.3333333333333,350.57142857142856,217.65000000000003
2017-10-19 00:00:00+05:30,158.0,354.85714285714283,2017,10,612.0,3,292,42,146.0,138.0,695.0,128.0,147.33333333333334,354.85714285714283,224.38571428571433
2017-10-20 00:00:00+05:30,612.0,426.14285714285717,2017,10,226.0,4,293,42,158.0,146.0,138.0,113.0,305.3333333333333,426.14285714285717,264.0214285714286
2017-10-21 00:00:00+05:30,226.0,442.14285714285717,2017,10,150.0,5,294,42,612.0,158.0,146.0,114.0,332.0,442.14285714285717,275.4428571428571
2017-10-22 00:00:00+05:30,150.0,303.57142857142856,2017,10,132.0,6,295,42,226.0,612.0,158.0,1120.0,329.3333333333333,303.57142857142856,278.4428571428571
2017-10-23 00:00:00+05:30,132.0,223.14285714285714,2017,10,162.0,0,296,43,150.0,226.0,612.0,695.0,169.33333333333334,223.14285714285714,281.12142857142857
2017-10-24 00:00:00+05:30,162.0,226.57142857142858,2017,10,291.0,1,297,43,132.0,150.0,226.0,138.0,148.0,226.57142857142858,285.57142857142856
2017-10-25 00:00:00+05:30,291.0,247.28571428571428,2017,10,158.0,2,298,43,162.0,132.0,150.0,146.0,195.0,247.28571428571428,298.92857142857144
2017-10-26 00:00:00+05:30,158.0,247.28571428571428,2017,10,162.0,3,299,43,291.0,162.0,132.0,158.0,203.66666666666666,247.28571428571428,301.07142857142856
2017-10-27 00:00:00+05:30,162.0,183.0,2017,10,178.0,4,300,43,158.0,291.0,162.0,612.0,203.66666666666666,183.0,304.57142857142856
2017-10-28 00:00:00+05:30,178.0,176.14285714285714,2017,10,188.0,5,301,43,162.0,158.0,291.0,226.0,166.0,176.14285714285714,309.14285714285717
2017-10-29 00:00:00+05:30,188.0,181.57142857142858,2017,10,191.0,6,302,43,178.0,162.0,158.0,150.0,176.0,181.57142857142858,242.57142857142858
2017-10-30 00:00:00+05:30,191.0,190.0,2017,10,231.0,0,303,44,188.0,178.0,162.0,132.0,185.66666666666666,190.0,206.57142857142858
2017-10-31 00:00:00+05:30,231.0,199.85714285714286,2017,10,209.0,1,304,44,191.0,188.0,178.0,162.0,203.33333333333334,199.85714285714286,213.21428571428572
2017-11-01 00:00:00+05:30,209.0,188.14285714285714,2017,11,171.0,2,305,44,231.0,191.0,188.0,291.0,210.33333333333334,188.14285714285714,217.71428571428572
2017-11-02 00:00:00+05:30,171.0,190.0,2017,11,194.0,3,306,44,209.0,231.0,191.0,158.0,203.66666666666666,190.0,218.64285714285714
2017-11-03 00:00:00+05:30,194.0,194.57142857142858,2017,11,188.0,4,307,44,171.0,209.0,231.0,162.0,191.33333333333334,194.57142857142858,188.78571428571428
2017-11-04 00:00:00+05:30,188.0,196.0,2017,11,190.0,5,308,44,194.0,171.0,209.0,178.0,184.33333333333334,196.0,186.07142857142858
2017-11-05 00:00:00+05:30,190.0,196.28571428571428,2017,11,171.0,6,309,44,188.0,194.0,171.0,188.0,190.66666666666666,196.28571428571428,188.92857142857142
2017-11-06 00:00:00+05:30,171.0,193.42857142857142,2017,11,566.0,0,310,45,190.0,188.0,194.0,191.0,183.0,193.42857142857142,191.71428571428572
2017-11-07 00:00:00+05:30,566.0,241.28571428571428,2017,11,896.0,1,311,45,171.0,190.0,188.0,231.0,309.0,241.28571428571428,220.57142857142858
2017-11-08 00:00:00+05:30,896.0,339.42857142857144,2017,11,534.0,2,312,45,566.0,171.0,190.0,209.0,544.3333333333334,339.42857142857144,263.7857142857143
2017-11-09 00:00:00+05:30,534.0,391.2857142857143,2017,11,408.0,3,313,45,896.0,566.0,171.0,171.0,665.3333333333334,391.2857142857143,290.64285714285717
2017-11-10 00:00:00+05:30,408.0,421.85714285714283,2017,11,354.0,4,314,45,534.0,896.0,566.0,194.0,612.6666666666666,421.85714285714283,308.2142857142857
2017-11-11 00:00:00+05:30,354.0,445.57142857142856,2017,11,505.0,5,315,45,408.0,534.0,896.0,188.0,432.0,445.57142857142856,320.7857142857143
2017-11-12 00:00:00+05:30,505.0,490.57142857142856,2017,11,446.0,6,316,45,354.0,408.0,534.0,190.0,422.3333333333333,490.57142857142856,343.42857142857144
2017-11-13 00:00:00+05:30,446.0,529.8571428571429,2017,11,298.0,0,317,46,505.0,354.0,408.0,171.0,435.0,529.8571428571429,361.64285714285717
2017-11-14 00:00:00+05:30,298.0,491.57142857142856,2017,11,213.0,1,318,46,446.0,505.0,354.0,566.0,416.3333333333333,491.57142857142856,366.42857142857144
2017-11-15 00:00:00+05:30,213.0,394.0,2017,11,205.0,2,319,46,298.0,446.0,505.0,896.0,319.0,394.0,366.7142857142857
2017-11-16 00:00:00+05:30,205.0,347.0,2017,11,164.0,3,320,46,213.0,298.0,446.0,534.0,238.66666666666666,347.0,369.14285714285717
2017-11-17 00:00:00+05:30,164.0,312.14285714285717,2017,11,179.0,4,321,46,205.0,213.0,298.0,408.0,194.0,312.14285714285717,367.0
2017-11-18 00:00:00+05:30,179.0,287.14285714285717,2017,11,166.0,5,322,46,164.0,205.0,213.0,354.0,182.66666666666666,287.14285714285717,366.35714285714283
2017-11-19 00:00:00+05:30,166.0,238.71428571428572,2017,11,182.0,6,323,46,179.0,164.0,205.0,505.0,169.66666666666666,238.71428571428572,364.64285714285717
2017-11-20 00:00:00+05:30,182.0,201.0,2017,11,186.0,0,324,47,166.0,179.0,164.0,446.0,175.66666666666666,201.0,365.42857142857144
2017-11-21 00:00:00+05:30,186.0,185.0,2017,11,190.0,1,325,47,182.0,166.0,179.0,298.0,178.0,185.0,338.2857142857143
2017-11-22 00:00:00+05:30,190.0,181.71428571428572,2017,11,182.0,2,326,47,186.0,182.0,166.0,213.0,186.0,181.71428571428572,287.85714285714283
2017-11-23 00:00:00+05:30,182.0,178.42857142857142,2017,11,176.0,3,327,47,190.0,186.0,182.0,205.0,186.0,178.42857142857142,262.7142857142857
2017-11-24 00:00:00+05:30,176.0,180.14285714285714,2017,11,185.0,4,328,47,182.0,190.0,186.0,164.0,182.66666666666666,180.14285714285714,246.14285714285714
2017-11-25 00:00:00+05:30,185.0,181.0,2017,11,218.0,5,329,47,176.0,182.0,190.0,179.0,181.0,181.0,234.07142857142858
2017-11-26 00:00:00+05:30,218.0,188.42857142857142,2017,11,240.0,6,330,47,185.0,176.0,182.0,166.0,193.0,188.42857142857142,213.57142857142858
2017-11-27 00:00:00+05:30,240.0,196.71428571428572,2017,11,141.0,0,331,48,218.0,185.0,176.0,182.0,214.33333333333334,196.71428571428572,198.85714285714286
2017-11-28 00:00:00+05:30,141.0,190.28571428571428,2017,11,169.0,1,332,48,240.0,218.0,185.0,186.0,199.66666666666666,190.28571428571428,187.64285714285714
2017-11-29 00:00:00+05:30,169.0,187.28571428571428,2017,11,245.0,2,333,48,141.0,240.0,218.0,190.0,183.33333333333334,187.28571428571428,184.5
2017-11-30 00:00:00+05:30,245.0,196.28571428571428,2017,11,205.0,3,334,48,169.0,141.0,240.0,182.0,185.0,196.28571428571428,187.35714285714286
2017-12-01 00:00:00+05:30,205.0,200.42857142857142,2017,12,172.0,4,335,48,245.0,169.0,141.0,176.0,206.33333333333334,200.42857142857142,190.28571428571428
2017-12-02 00:00:00+05:30,172.0,198.57142857142858,2017,12,240.0,5,336,48,205.0,245.0,169.0,185.0,207.33333333333334,198.57142857142858,189.78571428571428
2017-12-03 00:00:00+05:30,240.0,201.71428571428572,2017,12,270.0,6,337,48,172.0,205.0,245.0,218.0,205.66666666666666,201.71428571428572,195.07142857142858
2017-12-04 00:00:00+05:30,270.0,206.0,2017,12,280.0,0,338,49,240.0,172.0,205.0,240.0,227.33333333333334,206.0,201.35714285714286
2017-12-05 00:00:00+05:30,280.0,225.85714285714286,2017,12,157.0,1,339,49,270.0,240.0,172.0,141.0,263.3333333333333,225.85714285714286,208.07142857142858
2017-12-06 00:00:00+05:30,157.0,224.14285714285714,2017,12,202.0,2,340,49,280.0,270.0,240.0,169.0,235.66666666666666,224.14285714285714,205.71428571428572
2017-12-27 00:00:00+05:30,202.0,218.0,2017,12,277.0,2,361,52,157.0,280.0,270.0,245.0,213.0,218.0,207.14285714285714
2017-12-28 00:00:00+05:30,277.0,228.28571428571428,2017,12,252.0,3,362,52,202.0,157.0,280.0,205.0,212.0,228.28571428571428,214.35714285714286
2017-12-29 00:00:00+05:30,252.0,239.71428571428572,2017,12,305.0,4,363,52,277.0,202.0,157.0,172.0,243.66666666666666,239.71428571428572,219.14285714285714
2017-12-30 00:00:00+05:30,305.0,249.0,2017,12,273.0,5,364,52,252.0,277.0,202.0,240.0,278.0,249.0,225.35714285714286
2017-12-31 00:00:00+05:30,273.0,249.42857142857142,2017,12,370.0,6,365,52,305.0,252.0,277.0,270.0,276.6666666666667,249.42857142857142,227.71428571428572
2018-01-01 00:00:00+05:30,370.0,262.2857142857143,2018,1,383.0,0,1,1,273.0,305.0,252.0,280.0,316.0,262.2857142857143,244.07142857142858
2018-01-02 00:00:00+05:30,383.0,294.57142857142856,2018,1,306.0,1,2,1,370.0,273.0,305.0,157.0,342.0,294.57142857142856,259.35714285714283
2018-01-03 00:00:00+05:30,306.0,309.42857142857144,2018,1,243.0,2,3,1,383.0,370.0,273.0,202.0,353.0,309.42857142857144,263.7142857142857
2018-01-04 00:00:00+05:30,243.0,304.57142857142856,2018,1,289.0,3,4,1,306.0,383.0,370.0,277.0,310.6666666666667,304.57142857142856,266.42857142857144
2018-01-05 00:00:00+05:30,289.0,309.85714285714283,2018,1,274.0,4,5,1,243.0,306.0,383.0,252.0,279.3333333333333,309.85714285714283,274.7857142857143
2018-01-06 00:00:00+05:30,274.0,305.42857142857144,2018,1,235.0,5,6,1,289.0,243.0,306.0,305.0,268.6666666666667,305.42857142857144,277.2142857142857
2018-01-07 00:00:00+05:30,235.0,300.0,2018,1,169.0,6,7,1,274.0,289.0,243.0,273.0,266.0,300.0,274.7142857142857
2018-01-08 00:00:00+05:30,169.0,271.2857142857143,2018,1,329.0,0,8,2,235.0,274.0,289.0,370.0,226.0,271.2857142857143,266.7857142857143
2018-01-09 00:00:00+05:30,329.0,263.57142857142856,2018,1,189.0,1,9,2,169.0,235.0,274.0,383.0,244.33333333333334,263.57142857142856,279.07142857142856
2018-01-10 00:00:00+05:30,189.0,246.85714285714286,2018,1,180.0,2,10,2,329.0,169.0,235.0,306.0,229.0,246.85714285714286,278.14285714285717
2018-01-11 00:00:00+05:30,180.0,237.85714285714286,2018,1,196.0,3,11,2,189.0,329.0,169.0,243.0,232.66666666666666,237.85714285714286,271.2142857142857
2018-01-12 00:00:00+05:30,196.0,224.57142857142858,2018,1,209.0,4,12,2,180.0,189.0,329.0,289.0,188.33333333333334,224.57142857142858,267.2142857142857
2018-01-13 00:00:00+05:30,209.0,215.28571428571428,2018,1,195.0,5,13,2,196.0,180.0,189.0,274.0,195.0,215.28571428571428,260.35714285714283
2018-01-14 00:00:00+05:30,195.0,209.57142857142858,2018,1,238.0,6,14,2,209.0,196.0,180.0,235.0,200.0,209.57142857142858,254.78571428571428
2018-01-15 00:00:00+05:30,238.0,219.42857142857142,2018,1,141.0,0,15,3,195.0,209.0,196.0,169.0,214.0,219.42857142857142,245.35714285714286
2018-01-16 00:00:00+05:30,141.0,192.57142857142858,2018,1,242.0,1,16,3,238.0,195.0,209.0,329.0,191.33333333333334,192.57142857142858,228.07142857142858
2018-01-17 00:00:00+05:30,242.0,200.14285714285714,2018,1,364.0,2,17,3,141.0,238.0,195.0,189.0,207.0,200.14285714285714,223.5
2018-01-18 00:00:00+05:30,364.0,226.42857142857142,2018,1,298.0,3,18,3,242.0,141.0,238.0,180.0,249.0,226.42857142857142,232.14285714285714
2018-01-19 00:00:00+05:30,298.0,241.0,2018,1,169.0,4,19,3,364.0,242.0,141.0,196.0,301.3333333333333,241.0,232.78571428571428
2018-01-20 00:00:00+05:30,169.0,235.28571428571428,2018,1,152.0,5,20,3,298.0,364.0,242.0,209.0,277.0,235.28571428571428,225.28571428571428
2018-01-21 00:00:00+05:30,152.0,229.14285714285714,2018,1,206.0,6,21,3,169.0,298.0,364.0,195.0,206.33333333333334,229.14285714285714,219.35714285714286
2018-01-22 00:00:00+05:30,206.0,224.57142857142858,2018,1,203.0,0,22,4,152.0,169.0,298.0,238.0,175.66666666666666,224.57142857142858,222.0
2018-01-23 00:00:00+05:30,203.0,233.42857142857142,2018,1,180.0,1,23,4,206.0,152.0,169.0,141.0,187.0,233.42857142857142,213.0
2018-01-24 00:00:00+05:30,180.0,224.57142857142858,2018,1,137.0,2,24,4,203.0,206.0,152.0,242.0,196.33333333333334,224.57142857142858,212.35714285714286
2018-01-25 00:00:00+05:30,137.0,192.14285714285714,2018,1,201.0,3,25,4,180.0,203.0,206.0,364.0,173.33333333333334,192.14285714285714,209.28571428571428
2018-01-26 00:00:00+05:30,201.0,178.28571428571428,2018,1,200.0,4,26,4,137.0,180.0,203.0,298.0,172.66666666666666,178.28571428571428,209.64285714285714
2018-01-27 00:00:00+05:30,200.0,182.71428571428572,2018,1,208.0,5,27,4,201.0,137.0,180.0,169.0,179.33333333333334,182.71428571428572,209.0
2018-01-28 00:00:00+05:30,208.0,190.71428571428572,2018,1,198.0,6,28,4,200.0,201.0,137.0,152.0,203.0,190.71428571428572,209.92857142857142
2018-01-29 00:00:00+05:30,198.0,189.57142857142858,2018,1,155.0,0,29,5,208.0,200.0,201.0,206.0,202.0,189.57142857142858,207.07142857142858
2018-01-30 00:00:00+05:30,155.0,182.71428571428572,2018,1,145.0,1,30,5,198.0,208.0,200.0,203.0,187.0,182.71428571428572,208.07142857142858
2018-01-31 00:00:00+05:30,145.0,177.71428571428572,2018,1,137.0,2,31,5,155.0,198.0,208.0,180.0,166.0,177.71428571428572,201.14285714285714
2018-02-01 00:00:00+05:30,137.0,177.71428571428572,2018,2,167.0,3,32,5,145.0,155.0,198.0,137.0,145.66666666666666,177.71428571428572,184.92857142857142
2018-02-02 00:00:00+05:30,167.0,172.85714285714286,2018,2,89.8,4,33,5,137.0,145.0,155.0,201.0,149.66666666666666,172.85714285714286,175.57142857142858
2018-02-03 00:00:00+05:30,89.8,157.1142857142857,2018,2,150.0,5,34,5,167.0,137.0,145.0,200.0,131.26666666666668,157.1142857142857,169.91428571428574
2018-02-04 00:00:00+05:30,150.0,148.82857142857142,2018,2,166.0,6,35,5,89.8,167.0,137.0,208.0,135.6,148.82857142857142,169.77142857142857
2018-02-05 00:00:00+05:30,166.0,144.25714285714284,2018,2,161.0,0,36,6,150.0,89.8,167.0,198.0,135.26666666666668,144.25714285714284,166.91428571428574
2018-02-06 00:00:00+05:30,161.0,145.1142857142857,2018,2,126.0,1,37,6,166.0,150.0,89.8,155.0,159.0,145.1142857142857,163.91428571428574
2018-02-07 00:00:00+05:30,126.0,142.4,2018,2,146.0,2,38,6,161.0,166.0,150.0,145.0,151.0,142.4,160.05714285714288
2018-02-08 00:00:00+05:30,146.0,143.68571428571428,2018,2,167.0,3,39,6,126.0,161.0,166.0,137.0,144.33333333333334,143.68571428571428,160.70000000000002
2018-02-09 00:00:00+05:30,167.0,143.68571428571428,2018,2,141.0,4,40,6,146.0,126.0,161.0,167.0,146.33333333333334,143.68571428571428,158.27142857142857
2018-02-10 00:00:00+05:30,141.0,151.0,2018,2,111.0,5,41,6,167.0,146.0,126.0,89.8,151.33333333333334,151.0,154.05714285714288
2018-02-11 00:00:00+05:30,111.0,145.42857142857142,2018,2,81.3,6,42,6,141.0,167.0,146.0,150.0,139.66666666666666,145.42857142857142,147.12857142857143
2018-02-12 00:00:00+05:30,81.3,133.32857142857145,2018,2,84.3,0,43,7,111.0,141.0,167.0,166.0,111.10000000000001,133.32857142857145,138.79285714285714
2018-02-13 00:00:00+05:30,84.3,122.37142857142855,2018,2,65.8,1,44,7,81.3,111.0,141.0,161.0,92.2,122.37142857142855,133.74285714285716
2018-02-14 00:00:00+05:30,65.8,113.77142857142857,2018,2,67.0,2,45,7,84.3,81.3,111.0,126.0,77.13333333333333,113.77142857142857,128.08571428571432
2018-02-15 00:00:00+05:30,67.0,102.4857142857143,2018,2,871.0,3,46,7,65.8,84.3,81.3,146.0,72.36666666666666,102.4857142857143,123.0857142857143
2018-02-16 00:00:00+05:30,871.0,203.05714285714288,2018,2,1990.0,4,47,7,67.0,65.8,84.3,167.0,334.59999999999997,203.05714285714288,173.3714285714286
2018-02-17 00:00:00+05:30,1990.0,467.2,2018,2,1990.0,5,48,7,871.0,67.0,65.8,141.0,976.0,467.2,309.09999999999997
2018-02-18 00:00:00+05:30,1990.0,735.6285714285714,2018,2,1990.0,6,49,7,1990.0,871.0,67.0,111.0,1617.0,735.6285714285714,440.5285714285714
2018-02-19 00:00:00+05:30,1990.0,1008.3000000000001,2018,2,1080.0,0,50,8,1990.0,1990.0,871.0,81.3,1990.0,1008.3000000000001,570.8142857142857
2018-02-20 00:00:00+05:30,1080.0,1150.542857142857,2018,2,513.0,1,51,8,1990.0,1990.0,1990.0,84.3,1686.6666666666667,1150.542857142857,636.4571428571428
2018-02-21 00:00:00+05:30,513.0,1214.4285714285713,2018,2,144.0,2,52,8,1080.0,1990.0,1990.0,65.8,1194.3333333333333,1214.4285714285713,664.1
2018-02-22 00:00:00+05:30,144.0,1225.4285714285713,2018,2,124.0,3,53,8,513.0,1080.0,1990.0,67.0,579.0,1225.4285714285713,663.9571428571428
2018-02-23 00:00:00+05:30,124.0,1118.7142857142858,2018,2,138.0,4,54,8,144.0,513.0,1080.0,871.0,260.3333333333333,1118.7142857142858,660.8857142857142
2018-02-24 00:00:00+05:30,138.0,854.1428571428571,2018,2,99.4,5,55,8,124.0,144.0,513.0,1990.0,135.33333333333334,854.1428571428571,660.6714285714286
2018-02-25 00:00:00+05:30,99.4,584.0571428571428,2018,2,68.8,6,56,8,138.0,124.0,144.0,1990.0,120.46666666666665,584.0571428571428,659.842857142857
2018-02-26 00:00:00+05:30,68.8,309.59999999999997,2018,2,66.6,0,57,9,99.4,138.0,124.0,1990.0,102.06666666666666,309.59999999999997,658.95
2018-02-27 00:00:00+05:30,66.6,164.82857142857142,2018,2,150.0,1,58,9,68.8,99.4,138.0,1080.0,78.26666666666667,164.82857142857142,657.6857142857143
2018-02-28 00:00:00+05:30,150.0,112.97142857142856,2018,2,107.0,2,59,9,66.6,68.8,99.4,513.0,95.13333333333333,112.97142857142856,663.7
2018-03-01 00:00:00+05:30,107.0,107.68571428571428,2018,3,118.0,3,60,9,150.0,66.6,68.8,144.0,107.86666666666667,107.68571428571428,666.5571428571429
2018-03-02 00:00:00+05:30,118.0,106.82857142857142,2018,3,106.0,4,61,9,107.0,150.0,66.6,124.0,125.0,106.82857142857142,612.7714285714286
2018-03-03 00:00:00+05:30,106.0,102.25714285714285,2018,3,66.3,5,62,9,118.0,107.0,150.0,138.0,110.33333333333333,102.25714285714285,478.2
2018-03-04 00:00:00+05:30,66.3,97.52857142857144,2018,3,80.6,6,63,9,106.0,118.0,107.0,99.4,96.76666666666667,97.52857142857144,340.79285714285714
2018-03-05 00:00:00+05:30,80.6,99.21428571428571,2018,3,78.2,0,64,10,66.3,106.0,118.0,68.8,84.30000000000001,99.21428571428571,204.40714285714287
2018-03-06 00:00:00+05:30,78.2,100.87142857142858,2018,3,80.8,1,65,10,80.6,66.3,106.0,66.6,75.03333333333335,100.87142857142858,132.85000000000002
2018-03-07 00:00:00+05:30,80.8,90.98571428571428,2018,3,71.5,2,66,10,78.2,80.6,66.3,150.0,79.86666666666667,90.98571428571428,101.97857142857144
2018-03-08 00:00:00+05:30,71.5,85.91428571428573,2018,3,141.0,3,67,10,80.8,78.2,80.6,107.0,76.83333333333336,85.91428571428573,96.80000000000003
2018-03-09 00:00:00+05:30,141.0,89.2,2018,3,85.4,4,68,10,71.5,80.8,78.2,118.0,97.7666666666667,89.2,98.01428571428573
2018-03-10 00:00:00+05:30,85.4,86.25714285714285,2018,3,104.0,5,69,10,141.0,71.5,80.8,106.0,99.30000000000001,86.25714285714285,94.25714285714287
2018-03-11 00:00:00+05:30,104.0,91.64285714285714,2018,3,118.0,6,70,10,85.4,141.0,71.5,66.3,110.13333333333334,91.64285714285714,94.58571428571429
2018-03-12 00:00:00+05:30,118.0,96.98571428571428,2018,3,90.5,0,71,11,104.0,85.4,141.0,80.6,102.46666666666668,96.98571428571428,98.10000000000001
2018-03-13 00:00:00+05:30,90.5,98.74285714285713,2018,3,81.4,1,72,11,118.0,104.0,85.4,78.2,104.16666666666667,98.74285714285713,99.80714285714286
2018-03-14 00:00:00+05:30,81.4,98.82857142857142,2018,3,76.3,2,73,11,90.5,118.0,104.0,80.8,96.63333333333334,98.82857142857142,94.90714285714287
2018-03-15 00:00:00+05:30,76.3,99.51428571428572,2018,3,80.3,3,74,11,81.4,90.5,118.0,71.5,82.73333333333335,99.51428571428572,92.71428571428574
2018-03-16 00:00:00+05:30,80.3,90.84285714285714,2018,3,58.1,4,75,11,76.3,81.4,90.5,141.0,79.33333333333334,90.84285714285714,90.02142857142859
2018-03-17 00:00:00+05:30,58.1,86.94285714285715,2018,3,106.0,5,76,11,80.3,76.3,81.4,85.4,71.56666666666668,86.94285714285715,86.60000000000002
2018-03-18 00:00:00+05:30,106.0,87.22857142857143,2018,3,62.9,6,77,11,58.1,80.3,76.3,104.0,81.46666666666668,87.22857142857143,89.43571428571431
2018-03-19 00:00:00+05:30,62.9,79.35714285714286,2018,3,176.0,0,78,12,106.0,58.1,80.3,118.0,75.66666666666667,79.35714285714286,88.17142857142858
2018-03-20 00:00:00+05:30,176.0,91.57142857142857,2018,3,127.0,1,79,12,62.9,106.0,58.1,90.5,114.96666666666668,91.57142857142857,95.15714285714286
2018-03-21 00:00:00+05:30,127.0,98.08571428571427,2018,3,70.4,2,80,12,176.0,62.9,106.0,81.4,121.96666666666668,98.08571428571427,98.45714285714287
2018-03-22 00:00:00+05:30,70.4,97.24285714285715,2018,3,54.3,3,81,12,127.0,176.0,62.9,76.3,124.4666666666667,97.24285714285715,98.37857142857145
2018-03-23 00:00:00+05:30,54.3,93.52857142857144,2018,3,75.0,4,82,12,70.4,127.0,176.0,80.3,83.90000000000002,93.52857142857144,92.1857142857143
2018-03-24 00:00:00+05:30,75.0,95.94285714285715,2018,3,98.0,5,83,12,54.3,70.4,127.0,58.1,66.56666666666668,95.94285714285715,91.44285714285716
2018-03-25 00:00:00+05:30,98.0,94.8,2018,3,99.3,6,84,12,75.0,54.3,70.4,106.0,75.76666666666667,94.8,91.01428571428573
2018-03-26 00:00:00+05:30,99.3,100.0,2018,3,92.8,0,85,13,98.0,75.0,54.3,62.9,90.76666666666667,100.0,89.67857142857144
2018-03-27 00:00:00+05:30,92.8,88.11428571428573,2018,3,85.7,1,86,13,99.3,98.0,75.0,176.0,96.7,88.11428571428573,89.84285714285717
2018-03-28 00:00:00+05:30,85.7,82.21428571428571,2018,3,73.2,2,87,13,92.8,99.3,98.0,127.0,92.60000000000001,82.21428571428571,90.15
2018-03-29 00:00:00+05:30,73.2,82.61428571428571,2018,3,73.7,3,88,13,85.7,92.8,99.3,70.4,83.90000000000002,82.61428571428571,89.92857142857144
2018-03-30 00:00:00+05:30,73.7,85.38571428571429,2018,3,92.5,4,89,13,73.2,85.7,92.8,54.3,77.53333333333335,85.38571428571429,89.45714285714288
2018-03-31 00:00:00+05:30,92.5,87.88571428571429,2018,3,59.1,5,90,13,73.7,73.2,85.7,75.0,79.80000000000001,87.88571428571429,91.91428571428573
2018-04-01 00:00:00+05:30,59.1,82.32857142857144,2018,4,69.7,6,91,13,92.5,73.7,73.2,98.0,75.10000000000001,82.32857142857144,88.56428571428572
2018-04-02 00:00:00+05:30,69.7,78.10000000000001,2018,4,82.0,0,92,14,59.1,92.5,73.7,99.3,73.76666666666668,78.10000000000001,89.05000000000003
2018-04-03 00:00:00+05:30,82.0,76.55714285714286,2018,4,78.9,1,93,14,69.7,59.1,92.5,92.8,70.26666666666668,76.55714285714286,82.3357142857143
2018-04-04 00:00:00+05:30,78.9,75.58571428571429,2018,4,157.0,2,94,14,82.0,69.7,59.1,85.7,76.86666666666669,75.58571428571429,78.90000000000002
2018-04-05 00:00:00+05:30,157.0,87.55714285714285,2018,4,76.3,3,95,14,78.9,82.0,69.7,73.2,105.96666666666668,87.55714285714285,85.0857142857143
2018-04-06 00:00:00+05:30,76.3,87.92857142857144,2018,4,27.8,4,96,14,157.0,78.9,82.0,73.7,104.06666666666668,87.92857142857144,86.65714285714287
2018-04-07 00:00:00+05:30,27.8,78.68571428571428,2018,4,41.3,5,97,14,76.3,157.0,78.9,92.5,87.03333333333335,78.68571428571428,83.2857142857143
2018-04-08 00:00:00+05:30,41.3,76.14285714285714,2018,4,44.8,6,98,14,27.8,76.3,157.0,59.1,48.466666666666676,76.14285714285714,79.2357142857143
2018-04-09 00:00:00+05:30,44.8,72.58571428571429,2018,4,58.2,0,99,15,41.3,27.8,76.3,69.7,37.966666666666676,72.58571428571429,75.34285714285716
2018-04-10 00:00:00+05:30,58.2,69.18571428571428,2018,4,37.3,1,100,15,44.8,41.3,27.8,82.0,48.1,69.18571428571428,72.8714285714286
2018-04-11 00:00:00+05:30,37.3,63.24285714285713,2018,4,25.3,2,101,15,58.2,44.8,41.3,78.9,46.76666666666667,63.24285714285713,69.41428571428573
2018-04-12 00:00:00+05:30,25.3,44.42857142857142,2018,4,57.1,3,102,15,37.3,58.2,44.8,157.0,40.26666666666667,44.42857142857142,65.99285714285716
2018-04-13 00:00:00+05:30,57.1,41.68571428571429,2018,4,63.3,4,103,15,25.3,37.3,58.2,76.3,39.90000000000001,41.68571428571429,64.80714285714286
2018-04-14 00:00:00+05:30,63.3,46.75714285714286,2018,4,83.2,5,104,15,57.1,25.3,37.3,27.8,48.566666666666684,46.75714285714286,62.72142857142859
2018-04-15 00:00:00+05:30,83.2,52.74285714285714,2018,4,76.7,6,105,15,63.3,57.1,25.3,41.3,67.86666666666667,52.74285714285714,64.44285714285716
2018-04-16 00:00:00+05:30,76.7,57.3,2018,4,53.8,0,106,16,83.2,63.3,57.1,44.8,74.4,57.3,64.94285714285715
2018-04-17 00:00:00+05:30,53.8,56.67142857142857,2018,4,48.7,1,107,16,76.7,83.2,63.3,58.2,71.23333333333335,56.67142857142857,62.928571428571445
2018-04-18 00:00:00+05:30,48.7,58.3,2018,4,85.4,2,108,16,53.8,76.7,83.2,37.3,59.73333333333335,58.3,60.77142857142859
2018-04-19 00:00:00+05:30,85.4,66.88571428571429,2018,4,79.8,3,109,16,48.7,53.8,76.7,25.3,62.63333333333335,66.88571428571429,55.657142857142865
2018-04-20 00:00:00+05:30,79.8,70.12857142857142,2018,4,132.0,4,110,16,85.4,48.7,53.8,57.1,71.30000000000001,70.12857142857142,55.90714285714288
2018-04-21 00:00:00+05:30,132.0,79.94285714285715,2018,4,43.8,5,111,16,79.8,85.4,48.7,63.3,99.06666666666668,79.94285714285715,63.350000000000016
2018-04-22 00:00:00+05:30,43.8,74.31428571428572,2018,4,69.2,6,112,16,132.0,79.8,85.4,83.2,85.2,74.31428571428572,63.528571428571446
2018-04-23 00:00:00+05:30,69.2,73.24285714285715,2018,4,216.0,0,113,17,43.8,132.0,79.8,76.7,81.66666666666667,73.24285714285715,65.27142857142859
2018-04-24 00:00:00+05:30,216.0,96.41428571428571,2018,4,68.0,1,114,17,69.2,43.8,132.0,53.8,109.66666666666667,96.41428571428571,76.54285714285716
2018-04-25 00:00:00+05:30,68.0,99.17142857142856,2018,4,111.0,2,115,17,216.0,69.2,43.8,48.7,117.73333333333335,99.17142857142856,78.7357142857143
2018-04-26 00:00:00+05:30,111.0,102.82857142857142,2018,4,88.3,3,116,17,68.0,216.0,69.2,85.4,131.66666666666666,102.82857142857142,84.85714285714288
2018-04-27 00:00:00+05:30,88.3,104.04285714285716,2018,4,81.8,4,117,17,111.0,68.0,216.0,79.8,89.10000000000001,104.04285714285716,87.0857142857143
2018-04-28 00:00:00+05:30,81.8,96.87142857142858,2018,4,77.3,5,118,17,88.3,111.0,68.0,132.0,93.7,96.87142857142858,88.40714285714287
2018-04-29 00:00:00+05:30,77.3,101.65714285714284,2018,4,68.5,6,119,17,81.8,88.3,111.0,43.8,82.46666666666668,101.65714285714284,87.9857142857143
2018-04-30 00:00:00+05:30,68.5,101.55714285714285,2018,4,44.0,0,120,18,77.3,81.8,88.3,69.2,75.86666666666667,101.55714285714285,87.4
2018-05-01 00:00:00+05:30,44.0,76.98571428571428,2018,5,53.6,1,121,18,68.5,77.3,81.8,216.0,63.26666666666667,76.98571428571428,86.70000000000002
2018-05-02 00:00:00+05:30,53.6,74.92857142857143,2018,5,42.6,2,122,18,44.0,68.5,77.3,68.0,55.366666666666674,74.92857142857143,87.05
2018-05-03 00:00:00+05:30,42.6,65.15714285714286,2018,5,33.8,3,123,18,53.6,44.0,68.5,111.0,46.73333333333335,65.15714285714286,83.99285714285716
2018-05-04 00:00:00+05:30,33.8,57.371428571428574,2018,5,49.7,4,124,18,42.6,53.6,44.0,88.3,43.33333333333334,57.371428571428574,80.70714285714288
2018-05-05 00:00:00+05:30,49.7,52.785714285714285,2018,5,81.5,5,125,18,33.8,42.6,53.6,81.8,42.033333333333346,52.785714285714285,74.82857142857144
2018-05-06 00:00:00+05:30,81.5,53.385714285714286,2018,5,81.9,6,126,18,49.7,33.8,42.6,77.3,55.00000000000001,53.385714285714286,77.52142857142859
2018-05-07 00:00:00+05:30,81.9,55.300000000000004,2018,5,52.8,0,127,19,81.5,49.7,33.8,68.5,71.03333333333335,55.300000000000004,78.42857142857144
2018-05-08 00:00:00+05:30,52.8,56.55714285714286,2018,5,83.7,1,128,19,81.9,81.5,49.7,44.0,72.06666666666668,56.55714285714286,66.77142857142859
2018-05-09 00:00:00+05:30,83.7,60.857142857142854,2018,5,81.4,2,129,19,52.8,81.9,81.5,53.6,72.80000000000001,60.857142857142854,67.89285714285715
2018-05-10 00:00:00+05:30,81.4,66.4,2018,5,118.0,3,130,19,83.7,52.8,81.9,42.6,72.63333333333334,66.4,65.77857142857144
2018-05-11 00:00:00+05:30,118.0,78.42857142857143,2018,5,141.0,4,131,19,81.4,83.7,52.8,33.8,94.36666666666667,78.42857142857143,67.90000000000002
2018-05-12 00:00:00+05:30,141.0,91.47142857142856,2018,5,86.9,5,132,19,118.0,81.4,83.7,49.7,113.46666666666668,91.47142857142856,72.12857142857145
2018-05-13 00:00:00+05:30,86.9,92.24285714285715,2018,5,40.4,6,133,19,141.0,118.0,81.4,81.5,115.3,92.24285714285715,72.81428571428573
2018-05-14 00:00:00+05:30,40.4,86.31428571428572,2018,5,57.7,0,134,20,86.9,141.0,118.0,81.9,89.43333333333334,86.31428571428572,70.80714285714286
2018-05-15 00:00:00+05:30,57.7,87.01428571428572,2018,5,175.0,1,135,20,40.4,86.9,141.0,52.8,61.66666666666668,87.01428571428572,71.7857142857143
2018-05-16 00:00:00+05:30,175.0,100.05714285714286,2018,5,86.7,2,136,20,57.7,40.4,86.9,83.7,91.03333333333335,100.05714285714286,80.45714285714287
2018-05-17 00:00:00+05:30,86.7,100.8142857142857,2018,5,87.2,3,137,20,175.0,57.7,40.4,81.4,106.46666666666668,100.8142857142857,83.60714285714288
2018-05-18 00:00:00+05:30,87.2,96.41428571428573,2018,5,73.2,4,138,20,86.7,175.0,57.7,118.0,116.30000000000001,96.41428571428573,87.42142857142859
2018-05-19 00:00:00+05:30,73.2,86.72857142857143,2018,5,61.8,5,139,20,87.2,86.7,175.0,141.0,82.36666666666667,86.72857142857143,89.10000000000002
2018-05-20 00:00:00+05:30,61.8,83.14285714285714,2018,5,52.7,6,140,20,73.2,87.2,86.7,86.9,74.06666666666668,83.14285714285714,87.69285714285716
2018-05-21 00:00:00+05:30,52.7,84.89999999999999,2018,5,802.0,0,141,21,61.8,73.2,87.2,40.4,62.566666666666684,84.89999999999999,85.60714285714288
2018-05-22 00:00:00+05:30,802.0,191.22857142857143,2018,5,443.0,1,142,21,52.7,61.8,73.2,57.7,305.5,191.22857142857143,139.1214285714286
2018-05-23 00:00:00+05:30,443.0,229.5142857142857,2018,5,188.0,2,143,21,802.0,52.7,61.8,175.0,432.56666666666666,229.5142857142857,164.78571428571428
2018-05-24 00:00:00+05:30,188.0,243.98571428571427,2018,5,410.0,3,144,21,443.0,802.0,52.7,86.7,477.6666666666667,243.98571428571427,172.40000000000003
2018-05-25 00:00:00+05:30,410.0,290.1,2018,5,99.5,4,145,21,188.0,443.0,802.0,87.2,347.0,290.1,193.2571428571429
2018-05-26 00:00:00+05:30,99.5,293.85714285714283,2018,5,63.8,5,146,21,410.0,188.0,443.0,73.2,232.5,293.85714285714283,190.29285714285717
2018-05-27 00:00:00+05:30,63.8,294.14285714285717,2018,5,81.0,6,147,21,99.5,410.0,188.0,61.8,191.1,294.14285714285717,188.64285714285714
2018-05-28 00:00:00+05:30,81.0,298.1857142857143,2018,5,89.2,0,148,22,63.8,99.5,410.0,52.7,81.43333333333334,298.1857142857143,191.54285714285717
2018-05-29 00:00:00+05:30,89.2,196.35714285714286,2018,5,47.5,1,149,22,81.0,63.8,99.5,802.0,78.0,196.35714285714286,193.79285714285717
2018-05-30 00:00:00+05:30,47.5,139.85714285714286,2018,5,51.5,2,150,22,89.2,81.0,63.8,443.0,72.56666666666666,139.85714285714286,184.6857142857143
2018-05-31 00:00:00+05:30,51.5,120.35714285714286,2018,5,59.0,3,151,22,47.5,89.2,81.0,188.0,62.73333333333333,120.35714285714286,182.1714285714286
2018-06-01 00:00:00+05:30,59.0,70.21428571428571,2018,6,37.1,4,152,22,51.5,47.5,89.2,410.0,52.666666666666664,70.21428571428571,180.15714285714284
2018-06-02 00:00:00+05:30,37.1,61.300000000000004,2018,6,44.0,5,153,22,59.0,51.5,47.5,99.5,49.199999999999996,61.300000000000004,177.57857142857145
2018-06-03 00:00:00+05:30,44.0,58.471428571428575,2018,6,53.5,6,154,22,37.1,59.0,51.5,63.8,46.699999999999996,58.471428571428575,176.30714285714288
2018-06-04 00:00:00+05:30,53.5,54.542857142857144,2018,6,38.3,0,155,23,44.0,37.1,59.0,81.0,44.86666666666667,54.542857142857144,176.36428571428573
2018-06-05 00:00:00+05:30,38.3,47.271428571428565,2018,6,47.8,1,156,23,53.5,44.0,37.1,89.2,45.26666666666667,47.271428571428565,121.81428571428573
2018-06-06 00:00:00+05:30,47.8,47.31428571428571,2018,6,58.6,2,157,23,38.3,53.5,44.0,47.5,46.53333333333333,47.31428571428571,93.5857142857143
2018-06-07 00:00:00+05:30,58.6,48.32857142857143,2018,6,59.6,3,158,23,47.8,38.3,53.5,51.5,48.23333333333333,48.32857142857143,84.34285714285716
2018-06-08 00:00:00+05:30,59.6,48.41428571428571,2018,6,47.6,4,159,23,58.6,47.8,38.3,59.0,55.333333333333336,48.41428571428571,59.31428571428573
2018-06-09 00:00:00+05:30,47.6,49.91428571428571,2018,6,47.2,5,160,23,59.6,58.6,47.8,37.1,55.26666666666667,49.91428571428571,55.607142857142875
2018-06-10 00:00:00+05:30,47.2,50.37142857142857,2018,6,60.8,6,161,23,47.6,59.6,58.6,44.0,51.46666666666667,50.37142857142857,54.42142857142859
2018-06-11 00:00:00+05:30,60.8,51.41428571428571,2018,6,146.0,0,162,24,47.2,47.6,59.6,53.5,51.866666666666674,51.41428571428571,52.97857142857145
2018-06-12 00:00:00+05:30,146.0,66.8,2018,6,237.0,1,163,24,60.8,47.2,47.6,38.3,84.66666666666667,66.8,57.0357142857143
2018-06-13 00:00:00+05:30,237.0,93.82857142857142,2018,6,286.0,2,164,24,146.0,60.8,47.2,47.8,147.93333333333334,93.82857142857142,70.57142857142858
2018-06-14 00:00:00+05:30,286.0,126.31428571428572,2018,6,124.0,3,165,24,237.0,146.0,60.8,58.6,223.0,126.31428571428572,87.32142857142858
2018-06-15 00:00:00+05:30,124.0,135.5142857142857,2018,6,155.0,4,166,24,286.0,237.0,146.0,59.6,215.66666666666666,135.5142857142857,91.96428571428574
2018-07-01 00:00:00+05:30,25.7,37.87142857142857,2018,7,27.5,6,182,26,38.3,33.3,20.4,47.4,32.43333333333333,37.87142857142857,45.607142857142875
2018-07-02 00:00:00+05:30,27.5,32.44285714285714,2018,7,36.0,0,183,27,25.7,38.3,33.3,65.5,30.5,32.44285714285714,44.97857142857145
2018-07-03 00:00:00+05:30,36.0,31.357142857142858,2018,7,41.8,1,184,27,27.5,25.7,38.3,43.6,29.733333333333334,31.357142857142858,44.607142857142875
2018-07-04 00:00:00+05:30,41.8,31.857142857142858,2018,7,46.8,2,185,27,36.0,27.5,25.7,38.3,35.1,31.857142857142858,43.55000000000001
2018-07-05 00:00:00+05:30,46.8,35.628571428571426,2018,7,50.2,3,186,27,41.8,36.0,27.5,20.4,41.53333333333333,35.628571428571426,42.278571428571446
2018-07-06 00:00:00+05:30,50.2,38.042857142857144,2018,7,56.3,4,187,27,46.8,41.8,36.0,33.3,46.26666666666667,38.042857142857144,41.51428571428573
2018-07-07 00:00:00+05:30,56.3,40.61428571428571,2018,7,59.5,5,188,27,50.2,46.8,41.8,38.3,51.1,40.61428571428571,40.79285714285716
2018-07-08 00:00:00+05:30,59.5,45.44285714285714,2018,7,70.3,6,189,27,56.3,50.2,46.8,25.7,55.333333333333336,45.44285714285714,41.65714285714288
2018-07-09 00:00:00+05:30,70.3,51.55714285714286,2018,7,43.0,0,190,28,59.5,56.3,50.2,27.5,62.03333333333333,51.55714285714286,42.000000000000014
2018-07-10 00:00:00+05:30,43.0,52.55714285714286,2018,7,36.8,1,191,28,70.3,59.5,56.3,36.0,57.6,52.55714285714286,41.95714285714287
2018-07-11 00:00:00+05:30,36.8,51.84285714285714,2018,7,48.1,2,192,28,43.0,70.3,59.5,41.8,50.03333333333333,51.84285714285714,41.85000000000002
2018-07-12 00:00:00+05:30,48.1,52.02857142857143,2018,7,29.4,3,193,28,36.8,43.0,70.3,46.8,42.63333333333333,52.02857142857143,43.828571428571436
2018-07-13 00:00:00+05:30,29.4,49.05714285714286,2018,7,33.4,4,194,28,48.1,36.8,43.0,50.2,38.1,49.05714285714286,43.55000000000002
2018-07-14 00:00:00+05:30,33.4,45.785714285714285,2018,7,30.8,5,195,28,29.4,48.1,36.8,56.3,36.96666666666667,45.785714285714285,43.200000000000024
2018-07-15 00:00:00+05:30,30.8,41.68571428571429,2018,7,116.0,6,196,28,33.4,29.4,48.1,59.5,31.2,41.68571428571429,43.56428571428573
2018-07-16 00:00:00+05:30,116.0,48.214285714285715,2018,7,50.5,0,197,29,30.8,33.4,29.4,70.3,60.06666666666666,48.214285714285715,49.8857142857143
2018-07-17 00:00:00+05:30,50.5,49.285714285714285,2018,7,29.9,1,198,29,116.0,30.8,33.4,43.0,65.76666666666667,49.285714285714285,50.921428571428585
2018-07-18 00:00:00+05:30,29.9,48.300000000000004,2018,7,34.3,2,199,29,50.5,116.0,30.8,36.8,65.46666666666667,48.300000000000004,50.07142857142859
2018-07-19 00:00:00+05:30,34.3,46.32857142857142,2018,7,36.4,3,200,29,29.9,50.5,116.0,48.1,38.23333333333333,46.32857142857142,49.178571428571445
2018-07-20 00:00:00+05:30,36.4,47.32857142857143,2018,7,55.4,4,201,29,34.3,29.9,50.5,29.4,33.53333333333333,47.32857142857143,48.192857142857164
2018-07-21 00:00:00+05:30,55.4,50.471428571428575,2018,7,27.7,5,202,29,36.4,34.3,29.9,33.4,42.03333333333333,50.471428571428575,48.12857142857144
2018-07-22 00:00:00+05:30,27.7,50.028571428571425,2018,7,29.7,6,203,29,55.4,36.4,34.3,30.8,39.833333333333336,50.028571428571425,45.857142857142875
2018-07-23 00:00:00+05:30,29.7,37.699999999999996,2018,7,37.4,0,204,30,27.7,55.4,36.4,116.0,37.6,37.699999999999996,42.95714285714287
2018-07-24 00:00:00+05:30,37.4,35.82857142857143,2018,7,30.2,1,205,30,29.7,27.7,55.4,50.5,31.599999999999998,35.82857142857143,42.55714285714287
2018-07-25 00:00:00+05:30,30.2,35.871428571428574,2018,7,30.7,2,206,30,37.4,29.7,27.7,29.9,32.43333333333333,35.871428571428574,42.0857142857143
2018-07-26 00:00:00+05:30,30.7,35.357142857142854,2018,7,26.1,3,207,30,30.2,37.4,29.7,34.3,32.76666666666666,35.357142857142854,40.84285714285716
2018-07-27 00:00:00+05:30,26.1,33.885714285714286,2018,7,95.0,4,208,30,30.7,30.2,37.4,36.4,29.0,33.885714285714286,40.607142857142875
2018-07-28 00:00:00+05:30,95.0,39.542857142857144,2018,7,35.0,5,209,30,26.1,30.7,30.2,55.4,50.6,39.542857142857144,45.00714285714287
2018-07-29 00:00:00+05:30,35.0,40.58571428571429,2018,7,397.0,6,210,30,95.0,26.1,30.7,27.7,52.03333333333334,40.58571428571429,45.30714285714287
2018-07-30 00:00:00+05:30,397.0,93.05714285714286,2018,7,40.1,0,211,31,35.0,95.0,26.1,29.7,175.66666666666666,93.05714285714286,65.37857142857145
2018-07-31 00:00:00+05:30,40.1,93.44285714285715,2018,7,35.7,1,212,31,397.0,35.0,95.0,37.4,157.36666666666667,93.44285714285715,64.6357142857143
2018-08-01 00:00:00+05:30,35.7,94.22857142857143,2018,8,63.8,2,213,31,40.1,397.0,35.0,30.2,157.6,94.22857142857143,65.05000000000003
2018-08-02 00:00:00+05:30,63.8,98.95714285714287,2018,8,54.2,3,214,31,35.7,40.1,397.0,30.7,46.53333333333333,98.95714285714287,67.15714285714287
2018-08-03 00:00:00+05:30,54.2,102.97142857142858,2018,8,54.4,4,215,31,63.8,35.7,40.1,26.1,51.23333333333334,102.97142857142858,68.42857142857144
2018-08-04 00:00:00+05:30,54.4,97.17142857142858,2018,8,53.9,5,216,31,54.2,63.8,35.7,95.0,57.46666666666666,97.17142857142858,68.35714285714288
2018-08-05 00:00:00+05:30,53.9,99.87142857142858,2018,8,48.5,6,217,31,54.4,54.2,63.8,35.0,54.166666666666664,99.87142857142858,70.22857142857144
2018-08-06 00:00:00+05:30,48.5,50.085714285714296,2018,8,41.6,0,218,32,53.9,54.4,54.2,397.0,52.26666666666666,50.085714285714296,71.57142857142858
2018-08-07 00:00:00+05:30,41.6,50.300000000000004,2018,8,26.0,1,219,32,48.5,53.9,54.4,40.1,48.0,50.300000000000004,71.8714285714286
2018-08-08 00:00:00+05:30,26.0,48.91428571428572,2018,8,26.8,2,220,32,41.6,48.5,53.9,35.7,38.699999999999996,48.91428571428572,71.57142857142858
2018-08-09 00:00:00+05:30,26.8,43.62857142857143,2018,8,34.9,3,221,32,26.0,41.6,48.5,63.8,31.466666666666665,43.62857142857143,71.29285714285716
2018-08-10 00:00:00+05:30,34.9,40.871428571428574,2018,8,22.3,4,222,32,26.8,26.0,41.6,54.2,29.233333333333334,40.871428571428574,71.92142857142859
2018-08-11 00:00:00+05:30,22.3,36.2857142857143,2018,8,13.2,5,223,32,34.9,26.8,26.0,54.4,28.0,36.2857142857143,66.72857142857144
2018-08-12 00:00:00+05:30,13.2,30.471428571428582,2018,8,21.7,6,224,32,22.3,34.9,26.8,53.9,23.46666666666667,30.471428571428582,65.17142857142859
2018-08-13 00:00:00+05:30,21.7,26.64285714285715,2018,8,35.3,0,225,33,13.2,22.3,34.9,48.5,19.066666666666666,26.64285714285715,38.364285714285735
2018-08-14 00:00:00+05:30,35.3,25.74285714285715,2018,8,35.7,1,226,33,21.7,13.2,22.3,41.6,23.400000000000002,25.74285714285715,38.02142857142859
2018-08-15 00:00:00+05:30,35.7,27.128571428571433,2018,8,25.0,2,227,33,35.3,21.7,13.2,26.0,30.900000000000002,27.128571428571433,38.02142857142859
2018-08-16 00:00:00+05:30,25.0,26.871428571428584,2018,8,19.6,3,228,33,35.7,35.3,21.7,26.8,32.0,26.871428571428584,35.250000000000014
2018-08-17 00:00:00+05:30,19.6,24.685714285714294,2018,8,20.5,4,229,33,25.0,35.7,35.3,34.9,26.76666666666667,24.685714285714294,32.778571428571446
2018-08-18 00:00:00+05:30,20.5,24.428571428571438,2018,8,41.2,5,230,33,19.6,25.0,35.7,22.3,21.7,24.428571428571438,30.357142857142872
2018-08-19 00:00:00+05:30,41.2,28.428571428571438,2018,8,103.0,6,231,33,20.5,19.6,25.0,13.2,27.100000000000005,28.428571428571438,29.450000000000017
2018-09-05 00:00:00+05:30,780.0,571.1571428571428,2018,9,34.6,2,248,36,248.0,668.0,1990.0,17.1,565.3333333333334,571.1571428571428,309.88571428571424
2018-09-06 00:00:00+05:30,34.6,563.0285714285714,2018,9,29.3,3,249,36,780.0,248.0,668.0,91.5,354.2,563.0285714285714,303.2857142857143
2018-09-07 00:00:00+05:30,29.3,561.1285714285715,2018,9,17.0,4,250,36,34.6,780.0,248.0,42.6,281.3,561.1285714285715,304.5571428571429
2018-09-08 00:00:00+05:30,17.0,538.1285714285715,2018,9,12.7,5,251,36,29.3,34.6,780.0,178.0,26.96666666666667,538.1285714285715,304.92142857142863
2018-09-09 00:00:00+05:30,12.7,255.65714285714284,2018,9,62.3,6,252,36,17.0,29.3,34.6,1990.0,19.666666666666668,255.65714285714284,296.1857142857143
2018-09-10 00:00:00+05:30,62.3,169.12857142857143,2018,9,182.0,0,253,37,12.7,17.0,29.3,668.0,30.666666666666668,169.12857142857143,299.5785714285715
2018-09-11 00:00:00+05:30,182.0,159.70000000000002,2018,9,-7.26,1,254,37,62.3,12.7,17.0,248.0,85.66666666666667,159.70000000000002,310.9357142857143
2018-09-12 00:00:00+05:30,-7.26,47.23428571428571,2018,9,-4.83,2,255,37,182.0,62.3,12.7,780.0,79.01333333333334,47.23428571428571,309.19571428571425
2018-09-13 00:00:00+05:30,-4.83,41.60142857142857,2018,9,103.0,3,256,37,-7.26,182.0,62.3,34.6,56.63666666666666,41.60142857142857,302.315
2018-09-14 00:00:00+05:30,103.0,52.13,2018,9,1990.0,4,257,37,-4.83,-7.26,182.0,29.3,30.30333333333333,52.13,306.62928571428574
2018-09-15 00:00:00+05:30,1990.0,333.9871428571428,2018,9,34.4,5,258,37,103.0,-4.83,-7.26,17.0,696.0566666666667,333.9871428571428,436.0578571428572
2018-09-16 00:00:00+05:30,34.4,337.08714285714285,2018,9,52.6,6,259,37,1990.0,103.0,-4.83,12.7,709.1333333333333,337.08714285714285,296.3721428571428
2018-09-17 00:00:00+05:30,52.6,335.70142857142855,2018,9,48.2,0,260,38,34.4,1990.0,103.0,62.3,692.3333333333334,335.70142857142855,252.415
2018-09-18 00:00:00+05:30,48.2,316.58714285714285,2018,9,53.0,1,261,38,52.6,34.4,1990.0,182.0,45.06666666666666,316.58714285714285,238.14357142857142
2018-09-19 00:00:00+05:30,53.0,325.19571428571425,2018,9,153.0,2,262,38,48.2,52.6,34.4,-7.26,51.26666666666667,325.19571428571425,186.21499999999997
2018-09-20 00:00:00+05:30,153.0,347.7428571428572,2018,9,124.0,3,263,38,53.0,48.2,52.6,-4.83,84.73333333333333,347.7428571428572,194.67214285714286
2018-09-21 00:00:00+05:30,124.0,350.7428571428572,2018,9,61.5,4,264,38,153.0,53.0,48.2,103.0,110.0,350.7428571428572,201.43642857142854
2018-09-22 00:00:00+05:30,61.5,75.24285714285715,2018,9,25.5,5,265,38,124.0,153.0,53.0,1990.0,112.83333333333333,75.24285714285715,204.61499999999998
2018-09-23 00:00:00+05:30,25.5,73.97142857142856,2018,9,14.9,6,266,38,61.5,124.0,153.0,34.4,70.33333333333333,73.97142857142856,205.5292857142857
2018-09-24 00:00:00+05:30,14.9,68.58571428571427,2018,9,18.4,0,267,39,25.5,61.5,124.0,52.6,33.96666666666667,68.58571428571427,202.14357142857142
2018-09-25 00:00:00+05:30,18.4,64.32857142857144,2018,9,34.4,1,268,39,14.9,25.5,61.5,48.2,19.599999999999998,64.32857142857144,190.45785714285714
2018-09-26 00:00:00+05:30,34.4,61.67142857142857,2018,9,59.5,2,269,39,18.4,14.9,25.5,53.0,22.566666666666663,61.67142857142857,193.43357142857144
2018-09-27 00:00:00+05:30,59.5,48.31428571428571,2018,9,66.8,3,270,39,34.4,18.4,14.9,153.0,37.43333333333333,48.31428571428571,198.02857142857144
2018-09-28 00:00:00+05:30,66.8,40.142857142857146,2018,9,72.3,4,271,39,59.5,34.4,18.4,124.0,53.56666666666666,40.142857142857146,195.44285714285712
2018-09-29 00:00:00+05:30,72.3,41.68571428571429,2018,9,50.3,5,272,39,66.8,59.5,34.4,61.5,66.2,41.68571428571429,58.464285714285715
2018-09-30 00:00:00+05:30,50.3,45.228571428571435,2018,9,64.7,6,273,39,72.3,66.8,59.5,25.5,63.133333333333326,45.228571428571435,59.6
2018-10-01 00:00:00+05:30,64.7,52.34285714285715,2018,10,124.0,0,274,40,50.3,72.3,66.8,14.9,62.43333333333334,52.34285714285715,60.464285714285715
2018-10-02 00:00:00+05:30,124.0,67.42857142857143,2018,10,95.2,1,275,40,64.7,50.3,72.3,18.4,79.66666666666667,67.42857142857143,65.87857142857142
2018-10-03 00:00:00+05:30,95.2,76.11428571428571,2018,10,86.1,2,276,40,124.0,64.7,50.3,34.4,94.63333333333333,76.11428571428571,68.89285714285714
2018-10-04 00:00:00+05:30,86.1,79.91428571428571,2018,10,101.0,3,277,40,95.2,124.0,64.7,59.5,101.76666666666667,79.91428571428571,64.11428571428571
2018-10-05 00:00:00+05:30,101.0,84.8,2018,10,121.0,4,278,40,86.1,95.2,124.0,66.8,94.10000000000001,84.8,62.47142857142857
2018-10-06 00:00:00+05:30,121.0,91.75714285714287,2018,10,69.8,5,279,40,101.0,86.1,95.2,72.3,102.7,91.75714285714287,66.72142857142856
2018-10-07 00:00:00+05:30,69.8,94.54285714285713,2018,10,101.0,6,280,40,121.0,101.0,86.1,50.3,97.26666666666665,94.54285714285713,69.88571428571429
2018-10-08 00:00:00+05:30,101.0,99.72857142857143,2018,10,184.0,0,281,41,69.8,121.0,101.0,64.7,97.26666666666665,99.72857142857143,76.03571428571429
2018-10-09 00:00:00+05:30,184.0,108.3,2018,10,77.3,1,282,41,101.0,69.8,121.0,124.0,118.26666666666665,108.3,87.86428571428573
2018-10-10 00:00:00+05:30,77.3,105.74285714285713,2018,10,51.5,2,283,41,184.0,101.0,69.8,95.2,120.76666666666667,105.74285714285713,90.92857142857143
2018-10-11 00:00:00+05:30,51.5,100.79999999999998,2018,10,63.0,3,284,41,77.3,184.0,101.0,86.1,104.26666666666665,100.79999999999998,90.35714285714286
2018-10-12 00:00:00+05:30,63.0,95.37142857142855,2018,10,115.0,4,285,41,51.5,77.3,184.0,101.0,63.93333333333334,95.37142857142855,90.08571428571429
2018-10-13 00:00:00+05:30,115.0,94.5142857142857,2018,10,79.0,5,286,41,63.0,51.5,77.3,121.0,76.5,94.5142857142857,93.13571428571429
2018-10-14 00:00:00+05:30,79.0,95.82857142857142,2018,10,133.0,6,287,41,115.0,63.0,51.5,69.8,85.66666666666667,95.82857142857142,95.18571428571428
2018-10-15 00:00:00+05:30,133.0,100.39999999999999,2018,10,96.4,0,288,42,79.0,115.0,63.0,101.0,109.0,100.39999999999999,100.06428571428572
2018-10-16 00:00:00+05:30,96.4,87.88571428571429,2018,10,101.0,1,289,42,133.0,79.0,115.0,184.0,102.8,87.88571428571429,98.09285714285716
2018-10-17 00:00:00+05:30,101.0,91.27142857142859,2018,10,96.1,2,290,42,96.4,133.0,79.0,77.3,110.13333333333333,91.27142857142859,98.50714285714287
2018-10-18 00:00:00+05:30,96.1,97.64285714285714,2018,10,115.0,3,291,42,101.0,96.4,133.0,51.5,97.83333333333333,97.64285714285714,99.22142857142856
2018-10-19 00:00:00+05:30,115.0,105.07142857142857,2018,10,139.0,4,292,42,96.1,101.0,96.4,63.0,104.03333333333335,105.07142857142857,100.22142857142856
2018-10-20 00:00:00+05:30,139.0,108.5,2018,10,111.0,5,293,42,115.0,96.1,101.0,115.0,116.7,108.5,101.50714285714285
2018-10-21 00:00:00+05:30,111.0,113.07142857142857,2018,10,102.0,6,294,42,139.0,115.0,96.1,79.0,121.66666666666667,113.07142857142857,104.45
2018-10-22 00:00:00+05:30,102.0,108.64285714285714,2018,10,82.7,0,295,43,111.0,139.0,115.0,133.0,117.33333333333333,108.64285714285714,104.52142857142857
2018-10-23 00:00:00+05:30,82.7,106.68571428571428,2018,10,125.0,1,296,43,102.0,111.0,139.0,96.4,98.56666666666666,106.68571428571428,97.28571428571429
2018-10-24 00:00:00+05:30,125.0,110.11428571428571,2018,10,358.0,2,297,43,82.7,102.0,111.0,101.0,103.23333333333333,110.11428571428571,100.69285714285715
2018-10-25 00:00:00+05:30,358.0,147.52857142857144,2018,10,91.5,3,298,43,125.0,82.7,102.0,96.1,188.5666666666667,147.52857142857144,122.58571428571429
2018-10-26 00:00:00+05:30,91.5,144.17142857142858,2018,10,192.0,4,299,43,358.0,125.0,82.7,115.0,191.5,144.17142857142858,124.62142857142858
2018-10-27 00:00:00+05:30,192.0,151.74285714285716,2018,10,192.0,5,300,43,91.5,358.0,125.0,139.0,213.83333333333334,151.74285714285716,130.12142857142857
2018-10-28 00:00:00+05:30,192.0,163.31428571428572,2018,10,214.0,6,301,43,192.0,91.5,358.0,111.0,158.5,163.31428571428572,138.19285714285715
2018-10-29 00:00:00+05:30,214.0,179.31428571428572,2018,10,259.0,0,302,44,192.0,192.0,91.5,102.0,199.33333333333334,179.31428571428572,143.97857142857143
2018-10-30 00:00:00+05:30,259.0,204.5,2018,10,200.0,1,303,44,214.0,192.0,192.0,82.7,221.66666666666666,204.5,155.59285714285713
2018-10-31 00:00:00+05:30,200.0,215.21428571428572,2018,10,205.0,2,304,44,259.0,214.0,192.0,125.0,224.33333333333334,215.21428571428572,162.66428571428568
2018-11-01 00:00:00+05:30,205.0,193.35714285714286,2018,11,191.0,3,305,44,200.0,259.0,214.0,358.0,221.33333333333334,193.35714285714286,170.44285714285712
2018-11-02 00:00:00+05:30,191.0,207.57142857142858,2018,11,146.0,4,306,44,205.0,200.0,259.0,91.5,198.66666666666666,207.57142857142858,175.87142857142857
2018-11-03 00:00:00+05:30,146.0,201.0,2018,11,77.4,5,307,44,191.0,205.0,200.0,192.0,180.66666666666666,201.0,176.37142857142857
2018-11-04 00:00:00+05:30,77.4,184.62857142857143,2018,11,374.0,6,308,44,146.0,191.0,205.0,192.0,138.13333333333333,184.62857142857143,173.97142857142856
2018-11-05 00:00:00+05:30,374.0,207.4857142857143,2018,11,167.0,0,309,45,77.4,146.0,191.0,214.0,199.13333333333333,207.4857142857143,193.4
2018-11-06 00:00:00+05:30,167.0,194.34285714285716,2018,11,143.0,1,310,45,374.0,77.4,146.0,259.0,206.13333333333333,194.34285714285716,199.42142857142858
2018-11-07 00:00:00+05:30,143.0,186.20000000000002,2018,11,430.0,2,311,45,167.0,374.0,77.4,200.0,228.0,186.20000000000002,200.70714285714286
2018-11-08 00:00:00+05:30,430.0,218.34285714285716,2018,11,284.0,3,312,45,143.0,167.0,374.0,205.0,246.66666666666666,218.34285714285716,205.85
2018-11-09 00:00:00+05:30,284.0,231.62857142857143,2018,11,255.0,4,313,45,430.0,143.0,167.0,191.0,285.6666666666667,231.62857142857143,219.6
2018-11-10 00:00:00+05:30,255.0,247.20000000000002,2018,11,206.0,5,314,45,284.0,430.0,143.0,146.0,323.0,247.20000000000002,224.1
2018-11-11 00:00:00+05:30,206.0,265.57142857142856,2018,11,239.0,6,315,45,255.0,284.0,430.0,77.4,248.33333333333334,265.57142857142856,225.1
2018-11-12 00:00:00+05:30,239.0,246.28571428571428,2018,11,235.0,0,316,46,206.0,255.0,284.0,374.0,233.33333333333334,246.28571428571428,226.8857142857143
2018-11-13 00:00:00+05:30,235.0,256.0,2018,11,438.0,1,317,46,239.0,206.0,255.0,167.0,226.66666666666666,256.0,225.17142857142858
2018-11-14 00:00:00+05:30,438.0,298.14285714285717,2018,11,96.8,2,318,46,235.0,239.0,206.0,143.0,304.0,298.14285714285717,242.17142857142858
2018-11-15 00:00:00+05:30,96.8,250.54285714285714,2018,11,148.0,3,319,46,438.0,235.0,239.0,430.0,256.59999999999997,250.54285714285714,234.44285714285715
2018-11-16 00:00:00+05:30,148.0,231.11428571428573,2018,11,125.0,4,320,46,96.8,438.0,235.0,284.0,227.6,231.11428571428573,231.3714285714286
2018-11-17 00:00:00+05:30,125.0,212.54285714285717,2018,11,136.0,5,321,46,148.0,96.8,438.0,255.0,123.26666666666667,212.54285714285717,229.8714285714286
2018-11-18 00:00:00+05:30,136.0,202.54285714285717,2018,11,285.0,6,322,46,125.0,148.0,96.8,206.0,136.33333333333334,202.54285714285717,234.05714285714288
2018-11-19 00:00:00+05:30,285.0,209.11428571428573,2018,11,197.0,0,323,47,136.0,125.0,148.0,239.0,182.0,209.11428571428573,227.70000000000002
2018-11-20 00:00:00+05:30,197.0,203.6857142857143,2018,11,216.0,1,324,47,285.0,136.0,125.0,235.0,206.0,203.6857142857143,229.84285714285716
2018-11-21 00:00:00+05:30,216.0,171.97142857142856,2018,11,101.0,2,325,47,197.0,285.0,136.0,438.0,232.66666666666666,171.97142857142856,235.05714285714288
2018-11-22 00:00:00+05:30,101.0,172.57142857142858,2018,11,166.0,3,326,47,216.0,197.0,285.0,96.8,171.33333333333334,172.57142857142858,211.55714285714288
2018-11-23 00:00:00+05:30,166.0,175.14285714285714,2018,11,96.8,4,327,47,101.0,216.0,197.0,148.0,161.0,175.14285714285714,203.12857142857143
2018-11-24 00:00:00+05:30,96.8,171.1142857142857,2018,11,100.0,5,328,47,166.0,101.0,216.0,125.0,121.26666666666667,171.1142857142857,191.82857142857142
2018-11-25 00:00:00+05:30,100.0,165.97142857142856,2018,11,620.0,6,329,47,96.8,166.0,101.0,136.0,120.93333333333334,165.97142857142856,184.25714285714284
2018-11-26 00:00:00+05:30,620.0,213.82857142857145,2018,11,138.0,0,330,48,100.0,96.8,166.0,285.0,272.26666666666665,213.82857142857145,211.4714285714286
2018-11-27 00:00:00+05:30,138.0,205.40000000000003,2018,11,145.0,1,331,48,620.0,100.0,96.8,197.0,286.0,205.40000000000003,204.54285714285717
2018-11-28 00:00:00+05:30,145.0,195.2571428571429,2018,11,166.0,2,332,48,138.0,620.0,100.0,216.0,301.0,195.2571428571429,183.61428571428573
2018-11-29 00:00:00+05:30,166.0,204.54285714285717,2018,11,187.0,3,333,48,145.0,138.0,620.0,101.0,149.66666666666666,204.54285714285717,188.55714285714288
2018-11-30 00:00:00+05:30,187.0,207.54285714285717,2018,11,144.0,4,334,48,166.0,145.0,138.0,166.0,166.0,207.54285714285717,191.34285714285716
2018-12-01 00:00:00+05:30,144.0,214.28571428571428,2018,12,107.0,5,335,48,187.0,166.0,145.0,96.8,165.66666666666666,214.28571428571428,192.70000000000002
2018-12-02 00:00:00+05:30,107.0,215.28571428571428,2018,12,165.0,6,336,48,144.0,187.0,166.0,100.0,146.0,215.28571428571428,190.62857142857143
2018-12-03 00:00:00+05:30,165.0,150.28571428571428,2018,12,168.0,0,337,49,107.0,144.0,187.0,620.0,138.66666666666666,150.28571428571428,182.05714285714288
2018-12-04 00:00:00+05:30,168.0,154.57142857142858,2018,12,154.0,1,338,49,165.0,107.0,144.0,138.0,146.66666666666666,154.57142857142858,179.9857142857143
2018-12-05 00:00:00+05:30,154.0,155.85714285714286,2018,12,178.0,2,339,49,168.0,165.0,107.0,145.0,162.33333333333334,155.85714285714286,175.55714285714288
2018-12-06 00:00:00+05:30,178.0,157.57142857142858,2018,12,180.0,3,340,49,154.0,168.0,165.0,166.0,166.66666666666666,157.57142857142858,181.05714285714288
2018-12-07 00:00:00+05:30,180.0,156.57142857142858,2018,12,202.0,4,341,49,178.0,154.0,168.0,187.0,170.66666666666666,156.57142857142858,182.05714285714288
2018-12-08 00:00:00+05:30,202.0,164.85714285714286,2018,12,186.0,5,342,49,180.0,178.0,154.0,144.0,186.66666666666666,164.85714285714286,189.57142857142858
2018-12-09 00:00:00+05:30,186.0,176.14285714285714,2018,12,238.0,6,343,49,202.0,180.0,178.0,107.0,189.33333333333334,176.14285714285714,195.71428571428572
2018-12-10 00:00:00+05:30,238.0,186.57142857142858,2018,12,247.0,0,344,50,186.0,202.0,180.0,165.0,208.66666666666666,186.57142857142858,168.42857142857142
2018-12-11 00:00:00+05:30,247.0,197.85714285714286,2018,12,192.0,1,345,50,238.0,186.0,202.0,168.0,223.66666666666666,197.85714285714286,176.21428571428572
2018-12-12 00:00:00+05:30,192.0,203.28571428571428,2018,12,84.0,2,346,50,247.0,238.0,186.0,154.0,225.66666666666666,203.28571428571428,179.57142857142858
2018-12-13 00:00:00+05:30,84.0,189.85714285714286,2018,12,122.0,3,347,50,192.0,247.0,238.0,178.0,174.33333333333334,189.85714285714286,173.71428571428572
2018-12-14 00:00:00+05:30,122.0,181.57142857142858,2018,12,171.0,4,348,50,84.0,192.0,247.0,180.0,132.66666666666666,181.57142857142858,169.07142857142858
2018-12-17 00:00:00+05:30,171.0,177.14285714285714,2018,12,211.0,0,351,51,122.0,84.0,192.0,202.0,125.66666666666667,177.14285714285714,171.0
2018-12-18 00:00:00+05:30,211.0,180.71428571428572,2018,12,230.0,1,352,51,171.0,122.0,84.0,186.0,168.0,180.71428571428572,178.42857142857142
2018-12-19 00:00:00+05:30,230.0,179.57142857142858,2018,12,231.0,2,353,51,211.0,171.0,122.0,238.0,204.0,179.57142857142858,183.07142857142858
2018-12-20 00:00:00+05:30,231.0,177.28571428571428,2018,12,261.0,3,354,51,230.0,211.0,171.0,247.0,224.0,177.28571428571428,187.57142857142858
2018-12-21 00:00:00+05:30,261.0,187.14285714285714,2018,12,320.0,4,355,51,231.0,230.0,211.0,192.0,240.66666666666666,187.14285714285714,195.21428571428572
2018-12-22 00:00:00+05:30,320.0,220.85714285714286,2018,12,363.0,5,356,51,261.0,231.0,230.0,84.0,270.6666666666667,220.85714285714286,205.35714285714286
2018-12-23 00:00:00+05:30,363.0,255.28571428571428,2018,12,323.0,6,357,51,320.0,261.0,231.0,122.0,314.6666666666667,255.28571428571428,218.42857142857142
2018-12-24 00:00:00+05:30,323.0,277.0,2018,12,303.0,0,358,52,363.0,320.0,261.0,171.0,335.3333333333333,277.0,227.07142857142858
2018-12-25 00:00:00+05:30,303.0,290.14285714285717,2018,12,220.0,1,359,52,323.0,363.0,320.0,211.0,329.6666666666667,290.14285714285717,235.42857142857142
2018-12-26 00:00:00+05:30,220.0,288.7142857142857,2018,12,241.0,2,360,52,303.0,323.0,363.0,230.0,282.0,288.7142857142857,234.14285714285714
2018-12-27 00:00:00+05:30,241.0,290.14285714285717,2018,12,247.0,3,361,52,220.0,303.0,323.0,231.0,254.66666666666666,290.14285714285717,233.71428571428572
2018-12-28 00:00:00+05:30,247.0,288.14285714285717,2018,12,215.0,4,362,52,241.0,220.0,303.0,261.0,236.0,288.14285714285717,237.64285714285714
2018-12-29 00:00:00+05:30,215.0,273.14285714285717,2018,12,252.0,5,363,52,247.0,241.0,220.0,320.0,234.33333333333334,273.14285714285717,247.0
2018-12-30 00:00:00+05:30,252.0,257.2857142857143,2018,12,323.0,6,364,52,215.0,247.0,241.0,363.0,238.0,257.2857142857143,256.2857142857143
2018-12-31 00:00:00+05:30,323.0,257.2857142857143,2018,12,273.0,0,365,1,252.0,215.0,247.0,323.0,263.3333333333333,257.2857142857143,267.14285714285717
2019-01-01 00:00:00+05:30,273.0,253.0,2019,1,281.0,1,1,1,323.0,252.0,215.0,303.0,282.6666666666667,253.0,271.57142857142856
2019-01-02 00:00:00+05:30,281.0,261.7142857142857,2019,1,348.0,2,2,1,273.0,323.0,252.0,220.0,292.3333333333333,261.7142857142857,275.2142857142857
2019-01-03 00:00:00+05:30,348.0,277.0,2019,1,242.0,3,3,1,281.0,273.0,323.0,241.0,300.6666666666667,277.0,283.57142857142856
2019-01-04 00:00:00+05:30,242.0,276.2857142857143,2019,1,228.0,4,4,1,348.0,281.0,273.0,247.0,290.3333333333333,276.2857142857143,282.2142857142857
2019-01-05 00:00:00+05:30,228.0,278.14285714285717,2019,1,170.0,5,5,1,242.0,348.0,281.0,215.0,272.6666666666667,278.14285714285717,275.64285714285717
2019-01-06 00:00:00+05:30,170.0,266.42857142857144,2019,1,180.0,6,6,1,228.0,242.0,348.0,252.0,213.33333333333334,266.42857142857144,261.85714285714283
2019-01-07 00:00:00+05:30,180.0,246.0,2019,1,179.0,0,7,2,170.0,228.0,242.0,323.0,192.66666666666666,246.0,251.64285714285714
2019-01-08 00:00:00+05:30,179.0,232.57142857142858,2019,1,139.0,1,8,2,180.0,170.0,228.0,273.0,176.33333333333334,232.57142857142858,242.78571428571428
2019-01-09 00:00:00+05:30,139.0,212.28571428571428,2019,1,225.0,2,9,2,179.0,180.0,170.0,281.0,166.0,212.28571428571428,237.0
2019-01-10 00:00:00+05:30,225.0,194.71428571428572,2019,1,247.0,3,10,2,139.0,179.0,180.0,348.0,181.0,194.71428571428572,235.85714285714286
2019-01-11 00:00:00+05:30,247.0,195.42857142857142,2019,1,236.0,4,11,2,225.0,139.0,179.0,242.0,203.66666666666666,195.42857142857142,235.85714285714286
2019-01-12 00:00:00+05:30,236.0,196.57142857142858,2019,1,292.0,5,12,2,247.0,225.0,139.0,228.0,236.0,196.57142857142858,237.35714285714286
2019-01-13 00:00:00+05:30,292.0,214.0,2019,1,71.7,6,13,2,236.0,247.0,225.0,170.0,258.3333333333333,214.0,240.21428571428572
2019-01-14 00:00:00+05:30,71.7,198.52857142857144,2019,1,112.0,0,14,3,292.0,236.0,247.0,180.0,199.9,198.52857142857144,222.26428571428573
2019-01-15 00:00:00+05:30,112.0,188.95714285714286,2019,1,238.0,1,15,3,71.7,292.0,236.0,179.0,158.56666666666666,188.95714285714286,210.7642857142857
2019-01-16 00:00:00+05:30,238.0,203.1,2019,1,304.0,2,16,3,112.0,71.7,292.0,139.0,140.56666666666666,203.1,207.69285714285712
2019-01-17 00:00:00+05:30,304.0,214.3857142857143,2019,1,223.0,3,17,3,238.0,112.0,71.7,225.0,218.0,214.3857142857143,204.54999999999998
2019-01-18 00:00:00+05:30,223.0,210.95714285714286,2019,1,223.0,4,18,3,304.0,238.0,112.0,247.0,255.0,210.95714285714286,203.19285714285712
2019-01-19 00:00:00+05:30,223.0,209.1,2019,1,201.0,5,19,3,223.0,304.0,238.0,236.0,250.0,209.1,202.83571428571426
2019-01-20 00:00:00+05:30,201.0,196.1,2019,1,146.0,6,20,3,223.0,223.0,304.0,292.0,215.66666666666666,196.1,205.04999999999998
2019-01-21 00:00:00+05:30,146.0,206.71428571428572,2019,1,44.9,0,21,4,201.0,223.0,223.0,71.7,190.0,206.71428571428572,202.62142857142857
2019-01-22 00:00:00+05:30,44.9,197.1285714285714,2019,1,225.0,1,22,4,146.0,201.0,223.0,112.0,130.63333333333333,197.1285714285714,193.04285714285714
2019-01-23 00:00:00+05:30,225.0,195.27142857142854,2019,1,133.0,2,23,4,44.9,146.0,201.0,238.0,138.63333333333333,195.27142857142854,199.1857142857143
2019-01-24 00:00:00+05:30,133.0,170.84285714285713,2019,1,76.3,3,24,4,225.0,44.9,146.0,304.0,134.29999999999998,170.84285714285713,192.61428571428573
2019-01-25 00:00:00+05:30,76.3,149.8857142857143,2019,1,104.0,4,25,4,133.0,225.0,44.9,223.0,144.76666666666668,149.8857142857143,180.42142857142858
2019-01-26 00:00:00+05:30,104.0,132.88571428571427,2019,1,141.0,5,26,4,76.3,133.0,225.0,223.0,104.43333333333334,132.88571428571427,170.9928571428571
2019-01-27 00:00:00+05:30,141.0,124.31428571428572,2019,1,112.0,6,27,4,104.0,76.3,133.0,201.0,107.10000000000001,124.31428571428572,160.20714285714283
2019-01-28 00:00:00+05:30,112.0,119.45714285714287,2019,1,127.0,0,28,5,141.0,104.0,76.3,146.0,119.0,119.45714285714287,163.08571428571426
2019-01-29 00:00:00+05:30,127.0,131.18571428571428,2019,1,183.0,1,29,5,112.0,141.0,104.0,44.9,126.66666666666667,131.18571428571428,164.15714285714284
2019-01-30 00:00:00+05:30,183.0,125.18571428571428,2019,1,220.0,2,30,5,127.0,112.0,141.0,225.0,140.66666666666666,125.18571428571428,160.22857142857143
2019-01-31 00:00:00+05:30,220.0,137.6142857142857,2019,1,173.0,3,31,5,183.0,127.0,112.0,133.0,176.66666666666666,137.6142857142857,154.22857142857143
2019-02-01 00:00:00+05:30,173.0,151.42857142857142,2019,2,196.0,4,32,5,220.0,183.0,127.0,76.3,192.0,151.42857142857142,150.65714285714284
2019-02-02 00:00:00+05:30,196.0,164.57142857142858,2019,2,144.0,5,33,5,173.0,220.0,183.0,104.0,196.33333333333334,164.57142857142858,148.72857142857143
2019-02-03 00:00:00+05:30,144.0,165.0,2019,2,118.0,6,34,5,196.0,173.0,220.0,141.0,171.0,165.0,144.65714285714284
2019-02-04 00:00:00+05:30,118.0,165.85714285714286,2019,2,171.0,0,35,6,144.0,196.0,173.0,112.0,152.66666666666666,165.85714285714286,142.65714285714284
2019-02-05 00:00:00+05:30,171.0,172.14285714285714,2019,2,510.0,1,36,6,118.0,144.0,196.0,127.0,144.33333333333334,172.14285714285714,151.66428571428574
2019-02-06 00:00:00+05:30,510.0,218.85714285714286,2019,2,1540.0,2,37,6,171.0,118.0,144.0,183.0,266.3333333333333,218.85714285714286,172.02142857142857
2019-02-07 00:00:00+05:30,1540.0,407.42857142857144,2019,2,1450.0,3,38,6,510.0,171.0,118.0,220.0,740.3333333333334,407.42857142857144,272.5214285714286
2019-02-08 00:00:00+05:30,1450.0,589.8571428571429,2019,2,70.6,4,39,6,1540.0,510.0,171.0,173.0,1166.6666666666667,589.8571428571429,370.64285714285717
2019-02-09 00:00:00+05:30,70.6,571.9428571428572,2019,2,152.0,5,40,6,1450.0,1540.0,510.0,196.0,1020.1999999999999,571.9428571428572,368.25714285714287
2019-02-10 00:00:00+05:30,152.0,573.0857142857143,2019,2,366.0,6,41,6,70.6,1450.0,1540.0,144.0,557.5333333333333,573.0857142857143,369.04285714285714
2019-03-31 00:00:00+05:30,53.8,73.44285714285714,2019,3,65.4,6,90,13,83.0,83.3,82.6,57.4,73.36666666666666,73.44285714285714,69.95714285714286
2019-04-01 00:00:00+05:30,65.4,73.58571428571429,2019,4,64.2,0,91,14,53.8,83.0,83.3,64.4,67.4,73.58571428571429,71.41428571428571
2019-04-02 00:00:00+05:30,64.2,71.18571428571428,2019,4,72.0,1,92,14,65.4,53.8,83.0,81.0,61.13333333333333,71.18571428571428,69.55
2019-04-03 00:00:00+05:30,72.0,72.04285714285714,2019,4,92.5,2,93,14,64.2,65.4,53.8,66.0,67.2,72.04285714285714,69.61428571428571
2019-04-04 00:00:00+05:30,92.5,73.45714285714287,2019,4,68.5,3,94,14,72.0,64.2,65.4,82.6,76.23333333333333,73.45714285714287,67.79285714285714
2019-04-05 00:00:00+05:30,68.5,71.34285714285714,2019,4,73.9,4,95,14,92.5,72.0,64.2,83.3,77.66666666666667,71.34285714285714,70.2
2019-04-06 00:00:00+05:30,73.9,70.04285714285714,2019,4,135.0,5,96,14,68.5,92.5,72.0,83.0,78.3,70.04285714285714,72.0
2019-04-07 00:00:00+05:30,135.0,81.64285714285714,2019,4,71.4,6,97,14,73.9,68.5,92.5,53.8,92.46666666666665,81.64285714285714,77.54285714285713
2019-04-08 00:00:00+05:30,71.4,82.5,2019,4,67.3,0,98,15,135.0,73.9,68.5,65.4,93.43333333333334,82.5,78.04285714285713
2019-04-09 00:00:00+05:30,67.3,82.94285714285715,2019,4,88.1,1,99,15,71.4,135.0,73.9,64.2,91.23333333333333,82.94285714285715,77.0642857142857
2019-04-10 00:00:00+05:30,88.1,85.24285714285713,2019,4,58.4,2,100,15,67.3,71.4,135.0,72.0,75.60000000000001,85.24285714285713,78.64285714285714
2019-04-11 00:00:00+05:30,58.4,80.37142857142858,2019,4,58.7,3,101,15,88.1,67.3,71.4,92.5,71.26666666666667,80.37142857142858,76.91428571428571
2019-04-12 00:00:00+05:30,58.7,78.97142857142856,2019,4,57.3,4,102,15,58.4,88.1,67.3,68.5,68.4,78.97142857142856,75.15714285714286
2019-04-13 00:00:00+05:30,57.3,76.60000000000001,2019,4,48.7,5,103,15,58.7,58.4,88.1,73.9,58.13333333333333,76.60000000000001,73.32142857142857
2019-04-14 00:00:00+05:30,48.7,64.27142857142857,2019,4,48.9,6,104,15,57.3,58.7,58.4,135.0,54.9,64.27142857142857,72.95714285714286
2019-04-15 00:00:00+05:30,48.9,61.057142857142864,2019,4,62.9,0,105,16,48.7,57.3,58.7,71.4,51.63333333333333,61.057142857142864,71.77857142857142
2019-04-16 00:00:00+05:30,62.9,60.42857142857143,2019,4,18.9,1,106,16,48.9,48.7,57.3,67.3,53.5,60.42857142857143,71.68571428571428
2019-04-17 00:00:00+05:30,18.9,50.54285714285714,2019,4,34.8,2,107,16,62.9,48.9,48.7,88.1,43.56666666666666,50.54285714285714,67.89285714285714
2019-04-18 00:00:00+05:30,34.8,47.17142857142857,2019,4,77.0,3,108,16,18.9,62.9,48.9,58.4,38.86666666666667,47.17142857142857,63.771428571428565
2019-04-19 00:00:00+05:30,77.0,49.785714285714285,2019,4,92.5,4,109,16,34.8,18.9,62.9,58.7,43.56666666666666,49.785714285714285,64.37857142857142
2019-04-20 00:00:00+05:30,92.5,54.81428571428571,2019,4,81.7,5,110,16,77.0,34.8,18.9,57.3,68.1,54.81428571428571,65.70714285714286
2019-04-21 00:00:00+05:30,81.7,59.52857142857143,2019,4,97.8,6,111,16,92.5,77.0,34.8,48.7,83.73333333333333,59.52857142857143,61.9
2019-04-22 00:00:00+05:30,97.8,66.5142857142857,2019,4,93.6,0,112,17,81.7,92.5,77.0,48.9,90.66666666666667,66.5142857142857,63.785714285714285
2019-04-23 00:00:00+05:30,93.6,70.9,2019,4,157.0,1,113,17,97.8,81.7,92.5,62.9,91.03333333333335,70.9,65.66428571428571
2019-04-24 00:00:00+05:30,157.0,90.62857142857142,2019,4,87.3,2,114,17,93.6,97.8,81.7,18.9,116.13333333333333,90.62857142857142,70.58571428571429
2019-04-25 00:00:00+05:30,87.3,98.12857142857142,2019,4,77.8,3,115,17,157.0,93.6,97.8,34.8,112.63333333333333,98.12857142857142,72.64999999999999
2019-04-26 00:00:00+05:30,77.8,98.24285714285715,2019,4,75.8,4,116,17,87.3,157.0,93.6,77.0,107.36666666666667,98.24285714285715,74.01428571428572
2019-04-27 00:00:00+05:30,75.8,95.85714285714286,2019,4,98.6,5,117,17,77.8,87.3,157.0,92.5,80.3,95.85714285714286,75.33571428571429
2019-04-28 00:00:00+05:30,98.6,98.27142857142857,2019,4,95.6,6,118,17,75.8,77.8,87.3,81.7,84.06666666666666,98.27142857142857,78.89999999999999
2019-04-29 00:00:00+05:30,95.6,97.95714285714287,2019,4,88.6,0,119,18,98.6,75.8,77.8,97.8,90.0,97.95714285714287,82.23571428571428
2019-04-30 00:00:00+05:30,88.6,97.24285714285713,2019,4,104.0,1,120,18,95.6,98.6,75.8,93.6,94.26666666666665,97.24285714285713,84.07142857142857
2019-05-01 00:00:00+05:30,104.0,89.67142857142856,2019,5,80.5,2,121,18,88.6,95.6,98.6,157.0,96.06666666666666,89.67142857142856,90.14999999999999
2019-05-02 00:00:00+05:30,80.5,88.7,2019,5,99.8,3,122,18,104.0,88.6,95.6,87.3,91.03333333333332,88.7,93.41428571428571
2019-05-03 00:00:00+05:30,99.8,91.84285714285714,2019,5,87.8,4,123,18,80.5,104.0,88.6,77.8,94.76666666666667,91.84285714285714,95.04285714285713
2019-05-04 00:00:00+05:30,87.8,93.55714285714285,2019,5,131.0,5,124,18,99.8,80.5,104.0,75.8,89.36666666666667,93.55714285714285,94.70714285714287
2019-05-05 00:00:00+05:30,131.0,98.18571428571428,2019,5,116.0,6,125,18,87.8,99.8,80.5,98.6,106.2,98.18571428571428,98.22857142857141
2019-05-06 00:00:00+05:30,116.0,101.1,2019,5,117.0,0,126,19,131.0,87.8,99.8,95.6,111.60000000000001,101.1,99.52857142857144
2019-05-07 00:00:00+05:30,117.0,105.15714285714286,2019,5,226.0,1,127,19,116.0,131.0,87.8,88.6,121.33333333333333,105.15714285714286,101.20000000000002
2019-05-08 00:00:00+05:30,226.0,122.58571428571429,2019,5,157.0,2,128,19,117.0,116.0,131.0,104.0,153.0,122.58571428571429,106.12857142857145
2019-05-09 00:00:00+05:30,157.0,133.5142857142857,2019,5,130.0,3,129,19,226.0,117.0,116.0,80.5,166.66666666666666,133.5142857142857,111.10714285714286
2019-05-10 00:00:00+05:30,130.0,137.82857142857142,2019,5,97.9,4,130,19,157.0,226.0,117.0,99.8,171.0,137.82857142857142,114.83571428571427
2019-05-11 00:00:00+05:30,97.9,139.27142857142857,2019,5,227.0,5,131,19,130.0,157.0,226.0,87.8,128.29999999999998,139.27142857142857,116.41428571428571
2019-05-12 00:00:00+05:30,227.0,152.9857142857143,2019,5,247.0,6,132,19,97.9,130.0,157.0,131.0,151.63333333333333,152.9857142857143,125.58571428571429
2019-05-13 00:00:00+05:30,247.0,171.70000000000002,2019,5,49.1,0,133,20,227.0,97.9,130.0,116.0,190.63333333333333,171.70000000000002,136.4
2019-05-14 00:00:00+05:30,49.1,162.0,2019,5,68.7,1,134,20,247.0,227.0,97.9,117.0,174.36666666666667,162.0,133.57857142857145
2019-05-15 00:00:00+05:30,68.7,139.52857142857144,2019,5,65.3,2,135,20,49.1,247.0,227.0,226.0,121.60000000000002,139.52857142857144,131.05714285714285
2019-05-16 00:00:00+05:30,65.3,126.42857142857143,2019,5,74.7,3,136,20,68.7,49.1,247.0,157.0,61.03333333333334,126.42857142857143,129.9714285714286
2019-05-17 00:00:00+05:30,74.7,118.52857142857144,2019,5,40.3,4,137,20,65.3,68.7,49.1,130.0,69.56666666666668,118.52857142857144,128.17857142857142
2019-05-18 00:00:00+05:30,40.3,110.3,2019,5,85.0,5,138,20,74.7,65.3,68.7,97.9,60.1,110.3,124.78571428571429
2019-05-19 00:00:00+05:30,85.0,90.01428571428572,2019,5,92.3,6,139,20,40.3,74.7,65.3,227.0,66.66666666666667,90.01428571428572,121.5
2019-05-20 00:00:00+05:30,92.3,67.91428571428573,2019,5,158.0,0,140,21,85.0,40.3,74.7,247.0,72.53333333333333,67.91428571428573,119.80714285714285
2019-05-21 00:00:00+05:30,158.0,83.47142857142856,2019,5,55.2,1,141,21,92.3,85.0,40.3,49.1,111.76666666666667,83.47142857142856,122.7357142857143
2019-05-22 00:00:00+05:30,55.2,81.54285714285713,2019,5,82.6,2,142,21,158.0,92.3,85.0,68.7,101.83333333333333,81.54285714285713,110.5357142857143
2019-05-23 00:00:00+05:30,82.6,84.01428571428572,2019,5,41.9,3,143,21,55.2,158.0,92.3,65.3,98.60000000000001,84.01428571428572,105.22142857142856
2019-05-24 00:00:00+05:30,41.9,79.32857142857142,2019,5,41.8,4,144,21,82.6,55.2,158.0,74.7,59.9,79.32857142857142,98.92857142857143
2019-05-25 00:00:00+05:30,41.8,79.54285714285713,2019,5,53.1,5,145,21,41.9,82.6,55.2,40.3,55.43333333333333,79.54285714285713,94.92142857142858
2019-05-26 00:00:00+05:30,53.1,74.98571428571428,2019,5,51.1,6,146,21,41.8,41.9,82.6,85.0,45.6,74.98571428571428,82.5
2019-05-27 00:00:00+05:30,51.1,69.1,2019,5,62.2,0,147,22,53.1,41.8,41.9,92.3,48.666666666666664,69.1,68.50714285714285
2019-05-28 00:00:00+05:30,62.2,55.41428571428571,2019,5,60.8,1,148,22,51.1,53.1,41.8,158.0,55.46666666666667,55.41428571428571,69.44285714285715
2019-05-29 00:00:00+05:30,60.8,56.214285714285715,2019,5,246.0,2,149,22,62.2,51.1,53.1,55.2,58.03333333333333,56.214285714285715,68.87857142857142
2019-05-30 00:00:00+05:30,246.0,79.55714285714285,2019,5,70.0,3,150,22,60.8,62.2,51.1,82.6,123.0,79.55714285714285,81.78571428571429
2019-05-31 00:00:00+05:30,70.0,83.57142857142857,2019,5,83.0,4,151,22,246.0,60.8,62.2,41.9,125.60000000000001,83.57142857142857,81.45
2019-06-01 00:00:00+05:30,83.0,89.45714285714287,2019,6,65.5,5,152,22,70.0,246.0,60.8,41.8,133.0,89.45714285714287,84.5
2019-06-02 00:00:00+05:30,65.5,91.22857142857143,2019,6,59.6,6,153,22,83.0,70.0,246.0,53.1,72.83333333333333,91.22857142857143,83.10714285714286
2019-06-03 00:00:00+05:30,59.6,92.44285714285715,2019,6,53.0,0,154,23,65.5,83.0,70.0,51.1,69.36666666666666,92.44285714285715,80.77142857142857
2019-06-04 00:00:00+05:30,53.0,91.12857142857142,2019,6,61.9,1,155,23,59.6,65.5,83.0,62.2,59.36666666666667,91.12857142857142,73.27142857142857
2019-06-05 00:00:00+05:30,61.9,91.28571428571429,2019,6,301.0,2,156,23,53.0,59.6,65.5,60.8,58.166666666666664,91.28571428571429,73.75
2019-06-06 00:00:00+05:30,301.0,99.14285714285714,2019,6,47.9,3,157,23,61.9,53.0,59.6,246.0,138.63333333333333,99.14285714285714,89.35000000000001
2019-06-07 00:00:00+05:30,47.9,95.98571428571428,2019,6,44.7,4,158,23,301.0,61.9,53.0,70.0,136.9333333333333,95.98571428571428,89.77857142857142
2019-06-08 00:00:00+05:30,44.7,90.51428571428572,2019,6,60.2,5,159,23,47.9,301.0,61.9,83.0,131.20000000000002,90.51428571428572,89.98571428571428
2019-06-09 00:00:00+05:30,60.2,89.75714285714285,2019,6,53.2,6,160,23,44.7,47.9,301.0,65.5,50.93333333333334,89.75714285714285,90.49285714285715
2019-06-10 00:00:00+05:30,53.2,88.84285714285714,2019,6,113.0,0,161,24,60.2,44.7,47.9,59.6,52.699999999999996,88.84285714285714,90.64285714285714
2019-06-11 00:00:00+05:30,113.0,97.41428571428571,2019,6,62.5,1,162,24,53.2,60.2,44.7,53.0,75.46666666666667,97.41428571428571,94.27142857142859
2019-06-12 00:00:00+05:30,62.5,97.5,2019,6,44.1,2,163,24,113.0,53.2,60.2,61.9,76.23333333333333,97.5,94.39285714285714
2019-06-13 00:00:00+05:30,44.1,60.800000000000004,2019,6,41.8,3,164,24,62.5,113.0,53.2,301.0,73.2,60.800000000000004,79.97142857142856
2019-06-14 00:00:00+05:30,41.8,59.92857142857143,2019,6,71.1,4,165,24,44.1,62.5,113.0,47.9,49.46666666666667,59.92857142857143,77.95714285714284
2019-06-15 00:00:00+05:30,71.1,63.699999999999996,2019,6,43.2,5,166,24,41.8,44.1,62.5,44.7,52.333333333333336,63.699999999999996,77.10714285714286
2019-06-16 00:00:00+05:30,43.2,61.271428571428565,2019,6,157.0,6,167,24,71.1,41.8,44.1,60.2,52.03333333333334,61.271428571428565,75.51428571428572
2019-06-17 00:00:00+05:30,157.0,76.10000000000001,2019,6,463.0,0,168,25,43.2,71.1,41.8,53.2,90.43333333333334,76.10000000000001,82.47142857142856
2019-06-18 00:00:00+05:30,463.0,126.10000000000001,2019,6,25.0,1,169,25,157.0,43.2,71.1,113.0,221.0666666666667,126.10000000000001,111.75714285714285
2019-06-19 00:00:00+05:30,25.0,120.74285714285715,2019,6,38.3,2,170,25,463.0,157.0,43.2,62.5,215.0,120.74285714285715,109.12142857142855
2019-06-20 00:00:00+05:30,38.3,119.91428571428571,2019,6,64.1,3,171,25,25.0,463.0,157.0,44.1,175.43333333333337,119.91428571428571,90.35714285714285
2019-06-21 00:00:00+05:30,64.1,123.10000000000001,2019,6,62.5,4,172,25,38.3,25.0,463.0,41.8,42.46666666666668,123.10000000000001,91.51428571428572
2019-06-22 00:00:00+05:30,62.5,121.87142857142858,2019,6,36.5,5,173,25,64.1,38.3,25.0,71.1,54.966666666666676,121.87142857142858,92.78571428571429
2019-06-23 00:00:00+05:30,36.5,120.91428571428571,2019,6,23.9,6,174,25,62.5,64.1,38.3,43.2,54.36666666666668,120.91428571428571,91.09285714285714
2019-06-24 00:00:00+05:30,23.9,101.9,2019,6,53.3,0,175,26,36.5,62.5,64.1,157.0,40.96666666666669,101.9,88.99999999999999
2019-06-25 00:00:00+05:30,53.3,43.37142857142857,2019,6,64.3,1,176,26,23.9,36.5,62.5,463.0,37.90000000000001,43.37142857142857,84.7357142857143
2019-06-26 00:00:00+05:30,64.3,48.98571428571428,2019,6,55.7,2,177,26,53.3,23.9,36.5,25.0,47.166666666666686,48.98571428571428,84.86428571428573
2019-06-27 00:00:00+05:30,55.7,51.47142857142857,2019,6,58.2,3,178,26,64.3,53.3,23.9,38.3,57.76666666666669,51.47142857142857,85.69285714285715
2019-06-28 00:00:00+05:30,58.2,50.628571428571426,2019,6,57.0,4,179,26,55.7,64.3,53.3,64.1,59.40000000000003,50.628571428571426,86.86428571428571
2019-06-29 00:00:00+05:30,57.0,49.84285714285714,2019,6,68.6,5,180,26,58.2,55.7,64.3,62.5,56.96666666666669,49.84285714285714,85.85714285714286
2019-06-30 00:00:00+05:30,68.6,54.42857142857143,2019,6,281.0,6,181,26,57.0,58.2,55.7,36.5,61.26666666666669,54.42857142857143,87.67142857142858
2019-07-01 00:00:00+05:30,281.0,91.15714285714284,2019,7,62.7,0,182,27,68.6,57.0,58.2,23.9,135.53333333333336,91.15714285714284,96.52857142857144
2019-07-02 00:00:00+05:30,62.7,92.5,2019,7,33.6,1,183,27,281.0,68.6,57.0,53.3,137.43333333333337,92.5,67.93571428571428
2019-07-03 00:00:00+05:30,33.6,88.11428571428573,2019,7,31.8,2,184,27,62.7,281.0,68.6,64.3,125.7666666666667,88.11428571428573,68.55
2019-07-04 00:00:00+05:30,31.8,84.7,2019,7,45.5,3,185,27,33.6,62.7,281.0,55.7,42.70000000000002,84.7,68.08571428571427
2019-07-05 00:00:00+05:30,45.5,82.88571428571427,2019,7,32.1,4,186,27,31.8,33.6,62.7,58.2,36.96666666666669,82.88571428571427,66.75714285714285
2019-07-06 00:00:00+05:30,32.1,79.32857142857142,2019,7,34.3,5,187,27,45.5,31.8,33.6,57.0,36.46666666666669,79.32857142857142,64.58571428571427
2019-07-07 00:00:00+05:30,34.3,74.42857142857143,2019,7,50.0,6,188,27,32.1,45.5,31.8,68.6,37.30000000000002,74.42857142857143,64.42857142857143
2019-07-08 00:00:00+05:30,50.0,41.42857142857143,2019,7,44.7,0,189,28,34.3,32.1,45.5,281.0,38.80000000000002,41.42857142857143,66.29285714285714
2019-07-09 00:00:00+05:30,44.7,38.857142857142854,2019,7,74.5,1,190,28,50.0,34.3,32.1,62.7,43.00000000000002,38.857142857142854,65.67857142857143
2019-07-10 00:00:00+05:30,74.5,44.699999999999996,2019,7,76.1,2,191,28,44.7,50.0,34.3,33.6,56.40000000000001,44.699999999999996,66.40714285714286
2019-07-11 00:00:00+05:30,76.1,51.028571428571425,2019,7,57.0,3,192,28,74.5,44.7,50.0,31.8,65.10000000000001,51.028571428571425,67.86428571428571
2019-07-12 00:00:00+05:30,57.0,52.67142857142857,2019,7,60.9,4,193,28,76.1,74.5,44.7,45.5,69.20000000000002,52.67142857142857,67.77857142857142
2019-07-13 00:00:00+05:30,60.9,56.785714285714285,2019,7,65.5,5,194,28,57.0,76.1,74.5,32.1,64.66666666666669,56.785714285714285,68.05714285714285
2019-07-14 00:00:00+05:30,65.5,61.24285714285715,2019,7,42.7,6,195,28,60.9,57.0,76.1,34.3,61.133333333333354,61.24285714285715,67.83571428571429
2019-07-15 00:00:00+05:30,42.7,60.2,2019,7,83.0,0,196,29,65.5,60.9,57.0,50.0,56.366666666666696,60.2,50.814285714285724
2019-07-16 00:00:00+05:30,83.0,65.67142857142858,2019,7,34.5,1,197,29,42.7,65.5,60.9,44.7,63.73333333333335,65.67142857142858,52.26428571428572
2019-07-17 00:00:00+05:30,34.5,59.95714285714286,2019,7,28.7,2,198,29,83.0,42.7,65.5,74.5,53.40000000000001,59.95714285714286,52.32857142857143
2019-07-18 00:00:00+05:30,28.7,53.18571428571429,2019,7,58.0,3,199,29,34.5,83.0,42.7,76.1,48.73333333333335,53.18571428571429,52.107142857142854
2019-07-19 00:00:00+05:30,58.0,53.32857142857143,2019,7,43.7,4,200,29,28.7,34.5,83.0,57.0,40.40000000000002,53.32857142857143,53.0
2019-07-20 00:00:00+05:30,43.7,50.871428571428574,2019,7,43.6,5,201,29,58.0,28.7,34.5,60.9,43.46666666666669,50.871428571428574,53.82857142857143
2019-07-21 00:00:00+05:30,43.6,47.74285714285715,2019,7,51.5,6,202,29,43.7,58.0,28.7,65.5,48.43333333333336,47.74285714285715,54.49285714285714
2019-07-22 00:00:00+05:30,51.5,49.0,2019,7,65.0,0,203,30,43.6,43.7,58.0,42.7,46.26666666666669,49.0,54.6
2019-07-23 00:00:00+05:30,65.0,46.42857142857143,2019,7,60.0,1,204,30,51.5,43.6,43.7,83.0,53.366666666666696,46.42857142857143,56.050000000000004
2019-07-24 00:00:00+05:30,60.0,50.07142857142857,2019,7,20.8,2,205,30,65.0,51.5,43.6,34.5,58.83333333333335,50.07142857142857,55.01428571428572
2019-07-25 00:00:00+05:30,20.8,48.94285714285714,2019,7,29.5,3,206,30,60.0,65.0,51.5,28.7,48.60000000000002,48.94285714285714,51.06428571428571
2019-07-26 00:00:00+05:30,29.5,44.871428571428574,2019,7,23.3,4,207,30,20.8,60.0,65.0,58.0,36.76666666666669,44.871428571428574,49.1
2019-07-27 00:00:00+05:30,23.3,41.95714285714286,2019,7,19.3,5,208,30,29.5,20.8,60.0,43.7,24.53333333333336,41.95714285714286,46.41428571428572
2019-07-28 00:00:00+05:30,19.3,38.48571428571428,2019,7,18.3,6,209,30,23.3,29.5,20.8,43.6,24.03333333333336,38.48571428571428,43.114285714285714
2019-07-29 00:00:00+05:30,18.3,33.74285714285714,2019,7,25.0,0,210,31,19.3,23.3,29.5,51.5,20.300000000000026,33.74285714285714,41.371428571428574
2019-07-30 00:00:00+05:30,25.0,28.02857142857143,2019,7,26.1,1,211,31,18.3,19.3,23.3,65.0,20.866666666666692,28.02857142857143,37.228571428571435
2019-07-31 00:00:00+05:30,26.1,23.185714285714287,2019,7,29.5,2,212,31,25.0,18.3,19.3,60.0,23.133333333333354,23.185714285714287,36.628571428571426
2019-08-01 00:00:00+05:30,29.5,24.428571428571427,2019,8,32.8,3,213,31,26.1,25.0,18.3,20.8,26.866666666666692,24.428571428571427,36.68571428571429
2019-08-02 00:00:00+05:30,32.8,24.9,2019,8,35.3,4,214,31,29.5,26.1,25.0,29.5,29.466666666666686,24.9,34.885714285714286
2019-08-03 00:00:00+05:30,35.3,26.614285714285717,2019,8,50.5,5,215,31,32.8,29.5,26.1,23.3,32.53333333333335,26.614285714285717,34.285714285714285
2019-08-04 00:00:00+05:30,50.5,31.071428571428573,2019,8,48.6,6,216,31,35.3,32.8,29.5,19.3,39.53333333333335,31.071428571428573,34.778571428571425
2019-08-05 00:00:00+05:30,48.6,35.4,2019,8,28.0,0,217,32,50.5,35.3,32.8,18.3,44.80000000000002,35.4,34.57142857142857
2019-08-06 00:00:00+05:30,28.0,35.82857142857143,2019,8,30.8,1,218,32,48.6,50.5,35.3,25.0,42.366666666666696,35.82857142857143,31.928571428571427
2019-08-07 00:00:00+05:30,30.8,36.5,2019,8,22.0,2,219,32,28.0,48.6,50.5,26.1,35.800000000000026,36.5,29.842857142857145
2019-08-08 00:00:00+05:30,22.0,35.42857142857143,2019,8,13.0,3,220,32,30.8,28.0,48.6,29.5,26.933333333333355,35.42857142857143,29.928571428571427
2019-08-09 00:00:00+05:30,13.0,32.6,2019,8,14.4,4,221,32,22.0,30.8,28.0,32.8,21.933333333333355,32.6,28.75
2019-08-10 00:00:00+05:30,14.4,29.61428571428571,2019,8,25.7,5,222,32,13.0,22.0,30.8,35.3,16.466666666666693,29.61428571428571,28.11428571428571
2019-08-11 00:00:00+05:30,25.7,26.071428571428573,2019,8,19.5,6,223,32,14.4,13.0,22.0,50.5,17.70000000000002,26.071428571428573,28.571428571428573
2019-08-12 00:00:00+05:30,19.5,21.914285714285715,2019,8,21.3,0,224,33,25.7,14.4,13.0,48.6,19.86666666666669,21.914285714285715,28.657142857142855
2019-08-13 00:00:00+05:30,21.3,20.957142857142856,2019,8,30.2,1,225,33,19.5,25.7,14.4,28.0,22.16666666666669,20.957142857142856,28.392857142857142
2019-08-14 00:00:00+05:30,30.2,20.87142857142857,2019,8,29.9,2,226,33,21.3,19.5,25.7,30.8,23.66666666666669,20.87142857142857,28.685714285714283
2019-08-15 00:00:00+05:30,29.9,22.0,2019,8,16.7,3,227,33,30.2,21.3,19.5,22.0,27.133333333333354,22.0,28.714285714285715
2019-08-16 00:00:00+05:30,16.7,22.52857142857143,2019,8,9.91,4,228,33,29.9,30.2,21.3,13.0,25.600000000000023,22.52857142857143,27.564285714285713
2019-08-17 00:00:00+05:30,9.91,21.887142857142855,2019,8,14.0,5,229,33,16.7,29.9,30.2,14.4,18.836666666666687,21.887142857142855,25.750714285714285
2019-08-18 00:00:00+05:30,14.0,20.215714285714284,2019,8,36.1,6,230,33,9.91,16.7,29.9,25.7,13.53666666666669,20.215714285714284,23.143571428571427
2019-08-19 00:00:00+05:30,36.1,22.587142857142858,2019,8,45.6,0,231,34,14.0,9.91,16.7,19.5,20.003333333333355,22.587142857142858,22.250714285714285
2019-08-20 00:00:00+05:30,45.6,26.05857142857143,2019,8,44.7,1,232,34,36.1,14.0,9.91,21.3,31.900000000000023,26.05857142857143,23.507857142857144
2019-08-21 00:00:00+05:30,44.7,28.130000000000003,2019,8,47.9,2,233,34,45.6,36.1,14.0,30.2,42.133333333333354,28.130000000000003,24.500714285714285
2019-08-22 00:00:00+05:30,47.9,30.701428571428572,2019,8,54.2,3,234,34,44.7,45.6,36.1,29.9,46.066666666666684,30.701428571428572,26.350714285714282
2019-08-23 00:00:00+05:30,54.2,36.05857142857143,2019,8,68.0,4,235,34,47.9,44.7,45.6,16.7,48.93333333333336,36.05857142857143,29.29357142857143
2019-09-08 00:00:00+05:30,32.7,44.0,2019,9,51.4,6,251,36,28.3,28.5,30.5,30.2,29.833333333333353,44.0,38.528571428571425
2019-09-09 00:00:00+05:30,51.4,44.728571428571435,2019,9,52.8,0,252,37,32.7,28.3,28.5,46.3,37.46666666666669,44.728571428571435,40.885714285714286
2019-09-10 00:00:00+05:30,52.8,42.68571428571429,2019,9,72.6,1,253,37,51.4,32.7,28.3,67.1,45.633333333333354,42.68571428571429,41.92857142857143
2019-09-11 00:00:00+05:30,72.6,42.39999999999999,2019,9,55.4,2,254,37,52.8,51.4,32.7,74.6,58.93333333333336,42.39999999999999,44.47142857142857
2019-09-12 00:00:00+05:30,55.4,45.957142857142856,2019,9,31.0,3,255,37,72.6,52.8,51.4,30.5,60.26666666666668,45.957142857142856,46.142857142857146
2019-09-13 00:00:00+05:30,31.0,46.31428571428571,2019,9,25.7,4,256,37,55.4,72.6,52.8,28.5,53.00000000000002,46.31428571428571,45.978571428571435
2019-09-14 00:00:00+05:30,25.7,45.942857142857136,2019,9,35.8,5,257,37,31.0,55.4,72.6,28.3,37.36666666666669,45.942857142857136,44.79285714285714
2019-09-15 00:00:00+05:30,35.8,46.385714285714286,2019,9,55.2,6,258,37,25.7,31.0,55.4,32.7,30.833333333333353,46.385714285714286,45.19285714285714
2019-09-16 00:00:00+05:30,55.2,46.92857142857143,2019,9,57.0,0,259,38,35.8,25.7,31.0,51.4,38.90000000000003,46.92857142857143,45.82857142857142
2019-09-17 00:00:00+05:30,57.0,47.528571428571425,2019,9,33.1,1,260,38,55.2,35.8,25.7,52.8,49.33333333333335,47.528571428571425,45.107142857142854
2019-09-18 00:00:00+05:30,33.1,41.88571428571429,2019,9,20.0,2,261,38,57.0,55.2,35.8,72.6,48.43333333333336,41.88571428571429,42.142857142857146
2019-09-19 00:00:00+05:30,20.0,36.82857142857143,2019,9,29.8,3,262,38,33.1,57.0,55.2,55.4,36.700000000000024,36.82857142857143,41.392857142857146
2019-09-20 00:00:00+05:30,29.8,36.65714285714285,2019,9,34.6,4,263,38,20.0,33.1,57.0,31.0,27.633333333333354,36.65714285714285,41.48571428571428
2019-09-21 00:00:00+05:30,34.6,37.92857142857143,2019,9,22.9,5,264,38,29.8,20.0,33.1,25.7,28.133333333333354,37.92857142857143,41.935714285714276
2019-09-22 00:00:00+05:30,22.9,36.08571428571428,2019,9,30.9,6,265,38,34.6,29.8,20.0,35.8,29.100000000000023,36.08571428571428,41.23571428571428
2019-09-23 00:00:00+05:30,30.9,32.614285714285714,2019,9,32.7,0,266,39,22.9,34.6,29.8,55.2,29.466666666666686,32.614285714285714,39.77142857142858
2019-09-24 00:00:00+05:30,32.7,29.142857142857142,2019,9,29.8,1,267,39,30.9,22.9,34.6,57.0,28.833333333333353,29.142857142857142,38.33571428571428
2019-09-25 00:00:00+05:30,29.8,28.671428571428574,2019,9,17.0,2,268,39,32.7,30.9,22.9,33.1,31.133333333333354,28.671428571428574,35.278571428571425
2019-09-26 00:00:00+05:30,17.0,28.242857142857144,2019,9,11.6,3,269,39,29.8,32.7,30.9,20.0,26.500000000000025,28.242857142857144,32.535714285714285
2019-09-27 00:00:00+05:30,11.6,25.642857142857142,2019,9,17.1,4,270,39,17.0,29.8,32.7,29.8,19.466666666666686,25.642857142857142,31.150000000000002
2019-09-28 00:00:00+05:30,17.1,23.142857142857142,2019,9,13.6,5,271,39,11.6,17.0,29.8,34.6,15.233333333333354,23.142857142857142,30.535714285714285
2019-09-29 00:00:00+05:30,13.6,21.814285714285713,2019,9,27.7,6,272,39,17.1,11.6,17.0,22.9,14.100000000000021,21.814285714285713,28.95
2019-09-30 00:00:00+05:30,27.7,21.357142857142858,2019,9,29.4,0,273,40,13.6,17.1,11.6,30.9,19.466666666666686,21.357142857142858,26.985714285714288
2019-10-01 00:00:00+05:30,29.4,20.885714285714283,2019,10,36.4,1,274,40,27.7,13.6,17.1,32.7,23.566666666666688,20.885714285714283,25.014285714285712
2019-10-02 00:00:00+05:30,36.4,21.82857142857143,2019,10,50.2,2,275,40,29.4,27.7,13.6,29.8,31.166666666666686,21.82857142857143,25.25
2019-10-03 00:00:00+05:30,50.2,26.571428571428573,2019,10,45.7,3,276,40,36.4,29.4,27.7,17.0,38.66666666666669,26.571428571428573,27.407142857142855
2019-10-04 00:00:00+05:30,45.7,31.442857142857147,2019,10,35.6,4,277,40,50.2,36.4,29.4,11.6,44.10000000000002,31.442857142857147,28.542857142857144
2019-10-05 00:00:00+05:30,35.6,34.08571428571428,2019,10,53.9,5,278,40,45.7,50.2,36.4,17.1,43.83333333333335,34.08571428571428,28.61428571428571
2019-10-06 00:00:00+05:30,53.9,39.84285714285714,2019,10,54.7,6,279,40,35.6,45.7,50.2,13.6,45.06666666666669,39.84285714285714,30.82857142857143
2019-10-07 00:00:00+05:30,54.7,43.699999999999996,2019,10,39.4,0,280,41,53.9,35.6,45.7,27.7,48.066666666666684,43.699999999999996,32.52857142857143
2019-10-08 00:00:00+05:30,39.4,45.12857142857143,2019,10,73.2,1,281,41,54.7,53.9,35.6,29.4,49.33333333333335,45.12857142857143,33.00714285714286
2019-10-09 00:00:00+05:30,73.2,50.385714285714286,2019,10,84.4,2,282,41,39.4,54.7,53.9,36.4,55.76666666666669,50.385714285714286,36.107142857142854
2019-10-10 00:00:00+05:30,84.4,55.271428571428565,2019,10,129.0,3,283,41,73.2,39.4,54.7,50.2,65.6666666666667,55.271428571428565,40.92142857142858
2019-10-11 00:00:00+05:30,129.0,67.17142857142858,2019,10,59.0,4,284,41,84.4,73.2,39.4,45.7,95.53333333333336,67.17142857142858,49.30714285714286
2019-10-12 00:00:00+05:30,59.0,70.51428571428572,2019,10,59.0,5,285,41,129.0,84.4,73.2,35.6,90.80000000000003,70.51428571428572,52.300000000000004
2019-10-13 00:00:00+05:30,59.0,71.24285714285715,2019,10,59.0,6,286,41,59.0,129.0,84.4,53.9,82.33333333333336,71.24285714285715,55.54285714285714
2019-10-14 00:00:00+05:30,59.0,71.85714285714286,2019,10,101.0,0,287,42,59.0,59.0,129.0,54.7,59.0,71.85714285714286,57.77857142857143
2019-10-15 00:00:00+05:30,101.0,80.65714285714286,2019,10,133.0,1,288,42,59.0,59.0,59.0,39.4,73.00000000000001,80.65714285714286,62.892857142857146
2019-10-16 00:00:00+05:30,133.0,89.2,2019,10,108.0,2,289,42,101.0,59.0,59.0,73.2,97.66666666666669,89.2,69.79285714285713
2019-10-17 00:00:00+05:30,108.0,92.57142857142857,2019,10,83.0,3,290,42,133.0,101.0,59.0,84.4,114.00000000000001,92.57142857142857,73.92142857142858
2019-10-18 00:00:00+05:30,83.0,86.0,2019,10,74.5,4,291,42,108.0,133.0,101.0,129.0,108.00000000000001,86.0,76.58571428571429
2019-10-19 00:00:00+05:30,74.5,88.21428571428571,2019,10,95.1,5,292,42,83.0,108.0,133.0,59.0,88.50000000000001,88.21428571428571,79.36428571428573
2019-10-20 00:00:00+05:30,95.1,93.37142857142858,2019,10,109.0,6,293,42,74.5,83.0,108.0,59.0,84.20000000000002,93.37142857142858,82.30714285714285
2019-10-21 00:00:00+05:30,109.0,100.51428571428572,2019,10,89.3,0,294,43,95.1,74.5,83.0,59.0,92.86666666666667,100.51428571428572,86.18571428571428
2019-10-22 00:00:00+05:30,89.3,98.84285714285714,2019,10,101.0,1,295,43,109.0,95.1,74.5,101.0,97.80000000000001,98.84285714285714,89.75
2019-10-23 00:00:00+05:30,101.0,94.27142857142857,2019,10,138.0,2,296,43,89.3,109.0,95.1,133.0,99.7666666666667,94.27142857142857,91.73571428571428
2019-10-24 00:00:00+05:30,138.0,98.55714285714286,2019,10,115.0,3,297,43,101.0,89.3,109.0,108.0,109.43333333333335,98.55714285714286,95.5642857142857
2019-10-25 00:00:00+05:30,115.0,103.12857142857145,2019,10,125.0,4,298,43,138.0,101.0,89.3,83.0,118.00000000000001,103.12857142857145,94.5642857142857
2019-10-26 00:00:00+05:30,125.0,110.34285714285716,2019,10,170.0,5,299,43,115.0,138.0,101.0,74.5,126.00000000000001,110.34285714285716,99.27857142857142
2019-10-27 00:00:00+05:30,170.0,121.04285714285713,2019,10,256.0,6,300,43,125.0,115.0,138.0,95.1,136.66666666666669,121.04285714285713,107.20714285714284
2019-10-28 00:00:00+05:30,256.0,142.04285714285714,2019,10,265.0,0,301,44,170.0,125.0,115.0,109.0,183.66666666666666,142.04285714285714,121.27857142857142
2019-10-29 00:00:00+05:30,265.0,167.14285714285714,2019,10,241.0,1,302,44,256.0,170.0,125.0,89.3,230.33333333333334,167.14285714285714,132.99285714285713
2019-10-30 00:00:00+05:30,241.0,187.14285714285714,2019,10,286.0,2,303,44,265.0,256.0,170.0,101.0,254.0,187.14285714285714,140.70714285714286
2019-10-31 00:00:00+05:30,286.0,208.28571428571428,2019,10,389.0,3,304,44,241.0,265.0,256.0,138.0,264.0,208.28571428571428,153.42142857142858
2019-11-01 00:00:00+05:30,389.0,247.42857142857142,2019,11,328.0,4,305,44,286.0,241.0,265.0,115.0,305.3333333333333,247.42857142857142,175.27857142857144
2019-11-02 00:00:00+05:30,328.0,276.42857142857144,2019,11,525.0,5,306,44,389.0,286.0,241.0,125.0,334.3333333333333,276.42857142857144,193.3857142857143
2019-11-03 00:00:00+05:30,525.0,327.14285714285717,2019,11,263.0,6,307,44,328.0,389.0,286.0,170.0,414.0,327.14285714285717,224.09285714285716
2019-11-04 00:00:00+05:30,263.0,328.14285714285717,2019,11,209.0,0,308,45,525.0,328.0,389.0,256.0,372.0,328.14285714285717,235.09285714285716
2019-11-05 00:00:00+05:30,209.0,320.14285714285717,2019,11,88.2,1,309,45,263.0,525.0,328.0,265.0,332.3333333333333,320.14285714285717,243.64285714285714
2019-11-06 00:00:00+05:30,88.2,298.3142857142857,2019,11,197.0,2,310,45,209.0,263.0,525.0,241.0,186.73333333333335,298.3142857142857,242.72857142857143
2019-11-07 00:00:00+05:30,197.0,285.6,2019,11,152.0,3,311,45,88.2,209.0,263.0,286.0,164.73333333333332,285.6,246.94285714285712
2019-11-08 00:00:00+05:30,152.0,251.74285714285716,2019,11,193.0,4,312,45,197.0,88.2,209.0,389.0,145.73333333333332,251.74285714285716,249.58571428571426
2019-11-09 00:00:00+05:30,193.0,232.45714285714286,2019,11,162.0,5,313,45,152.0,197.0,88.2,328.0,180.66666666666666,232.45714285714286,254.44285714285712
2019-11-10 00:00:00+05:30,162.0,180.6,2019,11,246.0,6,314,45,193.0,152.0,197.0,525.0,169.0,180.6,253.87142857142857
2019-11-11 00:00:00+05:30,246.0,178.17142857142858,2019,11,380.0,0,315,46,162.0,193.0,152.0,263.0,200.33333333333334,178.17142857142858,253.15714285714284
2019-11-12 00:00:00+05:30,380.0,202.6,2019,11,408.0,1,316,46,246.0,162.0,193.0,209.0,262.6666666666667,202.6,261.37142857142857
2019-11-13 00:00:00+05:30,408.0,248.28571428571428,2019,11,401.0,2,317,46,380.0,246.0,162.0,88.2,344.6666666666667,248.28571428571428,273.3
2019-11-14 00:00:00+05:30,401.0,277.42857142857144,2019,11,460.0,3,318,46,408.0,380.0,246.0,197.0,396.3333333333333,277.42857142857144,281.5142857142857
2019-11-15 00:00:00+05:30,460.0,321.42857142857144,2019,11,189.0,4,319,46,401.0,408.0,380.0,152.0,423.0,321.42857142857144,286.5857142857143
2019-11-16 00:00:00+05:30,189.0,320.85714285714283,2019,11,101.0,5,320,46,460.0,401.0,408.0,193.0,350.0,320.85714285714283,276.65714285714284
2019-11-17 00:00:00+05:30,101.0,312.14285714285717,2019,11,100.0,6,321,46,189.0,460.0,401.0,162.0,250.0,312.14285714285717,246.37142857142857
2019-11-18 00:00:00+05:30,100.0,291.2857142857143,2019,11,119.0,0,322,47,101.0,189.0,460.0,246.0,130.0,291.2857142857143,234.72857142857143
2019-11-19 00:00:00+05:30,119.0,254.0,2019,11,139.0,1,323,47,100.0,101.0,189.0,380.0,106.66666666666667,254.0,228.29999999999998
2019-11-20 00:00:00+05:30,139.0,215.57142857142858,2019,11,199.0,2,324,47,119.0,100.0,101.0,408.0,119.33333333333333,215.57142857142858,231.92857142857142
2019-11-21 00:00:00+05:30,199.0,186.71428571428572,2019,11,176.0,3,325,47,139.0,119.0,100.0,401.0,152.33333333333334,186.71428571428572,232.07142857142858
2019-11-22 00:00:00+05:30,176.0,146.14285714285714,2019,11,130.0,4,326,47,199.0,139.0,119.0,460.0,171.33333333333334,146.14285714285714,233.78571428571428
2019-11-23 00:00:00+05:30,130.0,137.71428571428572,2019,11,108.0,5,327,47,176.0,199.0,139.0,189.0,168.33333333333334,137.71428571428572,229.28571428571428
2019-11-24 00:00:00+05:30,108.0,138.71428571428572,2019,11,114.0,6,328,47,130.0,176.0,199.0,101.0,138.0,138.71428571428572,225.42857142857142
2019-11-25 00:00:00+05:30,114.0,140.71428571428572,2019,11,100.0,0,329,48,108.0,130.0,176.0,100.0,117.33333333333333,140.71428571428572,216.0
2019-11-26 00:00:00+05:30,100.0,138.0,2019,11,60.9,1,330,48,114.0,108.0,130.0,119.0,107.33333333333333,138.0,196.0
2019-11-27 00:00:00+05:30,60.9,126.84285714285714,2019,11,31.5,2,331,48,100.0,114.0,108.0,139.0,91.63333333333333,126.84285714285714,171.20714285714286
2019-11-28 00:00:00+05:30,31.5,102.91428571428573,2019,11,54.8,3,332,48,60.9,100.0,114.0,199.0,64.13333333333334,102.91428571428573,144.81428571428572
2019-11-29 00:00:00+05:30,54.8,85.60000000000001,2019,11,106.0,4,333,48,31.5,60.9,100.0,176.0,49.06666666666666,85.60000000000001,115.87142857142858
2019-11-30 00:00:00+05:30,106.0,82.17142857142858,2019,11,129.0,5,334,48,54.8,31.5,60.9,130.0,64.1,82.17142857142858,109.94285714285714
2019-12-01 00:00:00+05:30,129.0,85.17142857142858,2019,12,132.0,6,335,48,106.0,54.8,31.5,108.0,96.59999999999998,85.17142857142858,111.94285714285714
2019-12-02 00:00:00+05:30,132.0,87.74285714285715,2019,12,129.0,0,336,49,129.0,106.0,54.8,114.0,122.33333333333333,87.74285714285715,114.22857142857141
2019-12-03 00:00:00+05:30,129.0,91.88571428571429,2019,12,128.0,1,337,49,132.0,129.0,106.0,100.0,130.0,91.88571428571429,114.94285714285714
2019-12-04 00:00:00+05:30,128.0,101.47142857142856,2019,12,243.0,2,338,49,129.0,132.0,129.0,60.9,129.66666666666666,101.47142857142856,114.15714285714284
2019-12-05 00:00:00+05:30,243.0,131.68571428571428,2019,12,254.0,3,339,49,128.0,129.0,132.0,31.5,166.66666666666666,131.68571428571428,117.29999999999998
2019-12-06 00:00:00+05:30,254.0,160.14285714285714,2019,12,227.0,4,340,49,243.0,128.0,129.0,54.8,208.33333333333334,160.14285714285714,122.87142857142855
2019-12-07 00:00:00+05:30,227.0,177.42857142857142,2019,12,230.0,5,341,49,254.0,243.0,128.0,106.0,241.33333333333334,177.42857142857142,129.79999999999998
2019-12-08 00:00:00+05:30,230.0,191.85714285714286,2019,12,239.0,6,342,49,227.0,254.0,243.0,129.0,237.0,191.85714285714286,138.5142857142857
2019-12-09 00:00:00+05:30,239.0,207.14285714285714,2019,12,203.0,0,343,50,230.0,227.0,254.0,132.0,232.0,207.14285714285714,147.44285714285712
2019-12-10 00:00:00+05:30,203.0,217.71428571428572,2019,12,255.0,1,344,50,239.0,230.0,227.0,129.0,224.0,217.71428571428572,154.79999999999998
2019-12-11 00:00:00+05:30,255.0,235.85714285714286,2019,12,263.0,2,345,50,203.0,239.0,230.0,128.0,232.33333333333334,235.85714285714286,168.66428571428568
2019-12-12 00:00:00+05:30,263.0,238.71428571428572,2019,12,105.0,3,346,50,255.0,203.0,239.0,243.0,240.33333333333334,238.71428571428572,185.2
2019-12-13 00:00:00+05:30,105.0,217.42857142857142,2019,12,85.1,4,347,50,263.0,255.0,203.0,254.0,207.66666666666666,217.42857142857142,188.78571428571428
2019-12-14 00:00:00+05:30,85.1,197.15714285714284,2019,12,99.6,5,348,50,105.0,263.0,255.0,227.0,151.03333333333333,197.15714285714284,187.29285714285714
2019-12-15 00:00:00+05:30,99.6,178.5285714285714,2019,12,101.0,6,349,50,85.1,105.0,263.0,230.0,96.56666666666666,178.5285714285714,185.19285714285715
2019-12-16 00:00:00+05:30,101.0,158.8142857142857,2019,12,102.0,0,350,51,99.6,85.1,105.0,239.0,95.23333333333333,158.8142857142857,182.97857142857146
2019-12-17 00:00:00+05:30,102.0,144.38571428571427,2019,12,149.0,1,351,51,101.0,99.6,85.1,203.0,100.86666666666667,144.38571428571427,181.05
2019-12-18 00:00:00+05:30,149.0,129.24285714285716,2019,12,280.0,2,352,51,102.0,101.0,99.6,255.0,117.33333333333333,129.24285714285716,182.55
2019-12-19 00:00:00+05:30,280.0,131.67142857142858,2019,12,335.0,3,353,51,149.0,102.0,101.0,263.0,177.0,131.67142857142858,185.19285714285715
2019-12-20 00:00:00+05:30,335.0,164.52857142857144,2019,12,282.0,4,354,51,280.0,149.0,102.0,105.0,254.66666666666666,164.52857142857144,190.97857142857146
2019-12-21 00:00:00+05:30,282.0,192.65714285714284,2019,12,157.0,5,355,51,335.0,280.0,149.0,85.1,299.0,192.65714285714284,194.90714285714287
2019-12-22 00:00:00+05:30,157.0,200.85714285714286,2019,12,192.0,6,356,51,282.0,335.0,280.0,99.6,258.0,200.85714285714286,189.69285714285715
2019-12-23 00:00:00+05:30,192.0,213.85714285714286,2019,12,293.0,0,357,52,157.0,282.0,335.0,101.0,210.33333333333334,213.85714285714286,186.33571428571432
2019-12-24 00:00:00+05:30,293.0,241.14285714285714,2019,12,181.0,1,358,52,192.0,157.0,282.0,102.0,214.0,241.14285714285714,192.76428571428573
2019-12-25 00:00:00+05:30,181.0,245.71428571428572,2019,12,219.0,2,359,52,293.0,192.0,157.0,149.0,222.0,245.71428571428572,187.47857142857146
2019-12-26 00:00:00+05:30,219.0,237.0,2019,12,242.0,3,360,52,181.0,293.0,192.0,280.0,231.0,237.0,184.33571428571432
2019-12-27 00:00:00+05:30,242.0,223.71428571428572,2019,12,297.0,4,361,52,219.0,181.0,293.0,335.0,214.0,223.71428571428572,194.1214285714286
2019-12-28 00:00:00+05:30,297.0,225.85714285714286,2019,12,368.0,5,362,52,242.0,219.0,181.0,282.0,252.66666666666666,225.85714285714286,209.2571428571429
2019-12-29 00:00:00+05:30,368.0,256.0,2019,12,354.0,6,363,52,297.0,242.0,219.0,157.0,302.3333333333333,256.0,228.42857142857142
2019-12-30 00:00:00+05:30,354.0,279.14285714285717,2019,12,228.0,0,364,1,368.0,297.0,242.0,192.0,339.6666666666667,279.14285714285717,246.5
2019-12-31 00:00:00+05:30,228.0,269.85714285714283,2019,12,311.0,1,365,1,354.0,368.0,297.0,293.0,316.6666666666667,269.85714285714283,255.5
2020-01-01 00:00:00+05:30,311.0,288.42857142857144,2020,1,287.0,2,1,1,228.0,354.0,368.0,181.0,297.6666666666667,288.42857142857144,267.07142857142856
2020-01-02 00:00:00+05:30,287.0,298.14285714285717,2020,1,228.0,3,2,1,311.0,228.0,354.0,219.0,275.3333333333333,298.14285714285717,267.57142857142856
2020-01-03 00:00:00+05:30,228.0,296.14285714285717,2020,1,206.0,4,3,1,287.0,311.0,228.0,242.0,275.3333333333333,296.14285714285717,259.92857142857144
2020-01-04 00:00:00+05:30,206.0,283.14285714285717,2020,1,160.0,5,4,1,228.0,287.0,311.0,297.0,240.33333333333334,283.14285714285717,254.5
2020-01-05 00:00:00+05:30,160.0,253.42857142857142,2020,1,150.0,6,5,1,206.0,228.0,287.0,368.0,198.0,253.42857142857142,254.71428571428572
2020-01-06 00:00:00+05:30,150.0,224.28571428571428,2020,1,123.0,0,6,2,160.0,206.0,228.0,354.0,172.0,224.28571428571428,251.71428571428572
2020-01-07 00:00:00+05:30,123.0,209.28571428571428,2020,1,104.0,1,7,2,150.0,160.0,206.0,228.0,144.33333333333334,209.28571428571428,239.57142857142858
2020-01-08 00:00:00+05:30,104.0,179.71428571428572,2020,1,106.0,2,8,2,123.0,150.0,160.0,311.0,125.66666666666667,179.71428571428572,234.07142857142858
2020-01-09 00:00:00+05:30,106.0,153.85714285714286,2020,1,142.0,3,9,2,104.0,123.0,150.0,287.0,111.0,153.85714285714286,226.0
2020-01-10 00:00:00+05:30,142.0,141.57142857142858,2020,1,157.0,4,10,2,106.0,104.0,123.0,228.0,117.33333333333333,141.57142857142858,218.85714285714286
2020-01-11 00:00:00+05:30,157.0,134.57142857142858,2020,1,193.0,5,11,2,142.0,106.0,104.0,206.0,135.0,134.57142857142858,208.85714285714286
2020-01-12 00:00:00+05:30,193.0,139.28571428571428,2020,1,221.0,6,12,2,157.0,142.0,106.0,160.0,164.0,139.28571428571428,196.35714285714286
2020-01-13 00:00:00+05:30,221.0,149.42857142857142,2020,1,116.0,0,13,3,193.0,157.0,142.0,150.0,190.33333333333334,149.42857142857142,186.85714285714286
2020-01-14 00:00:00+05:30,116.0,148.42857142857142,2020,1,112.0,1,14,3,221.0,193.0,157.0,123.0,176.66666666666666,148.42857142857142,178.85714285714286
2020-01-15 00:00:00+05:30,112.0,149.57142857142858,2020,1,152.0,2,15,3,116.0,221.0,193.0,104.0,149.66666666666666,149.57142857142858,164.64285714285714
2020-01-16 00:00:00+05:30,152.0,156.14285714285714,2020,1,111.0,3,16,3,112.0,116.0,221.0,106.0,126.66666666666667,156.14285714285714,155.0
2020-01-17 00:00:00+05:30,111.0,151.71428571428572,2020,1,135.0,4,17,3,152.0,112.0,116.0,142.0,125.0,151.71428571428572,146.64285714285714
2020-01-18 00:00:00+05:30,135.0,148.57142857142858,2020,1,136.0,5,18,3,111.0,152.0,112.0,157.0,132.66666666666666,148.57142857142858,141.57142857142858
2020-01-19 00:00:00+05:30,136.0,140.42857142857142,2020,1,158.0,6,19,3,135.0,111.0,152.0,193.0,127.33333333333333,140.42857142857142,139.85714285714286
2020-01-20 00:00:00+05:30,158.0,131.42857142857142,2020,1,206.0,0,20,4,136.0,135.0,111.0,221.0,143.0,131.42857142857142,140.42857142857142
2020-01-21 00:00:00+05:30,206.0,144.28571428571428,2020,1,220.0,1,21,4,158.0,136.0,135.0,116.0,166.66666666666666,144.28571428571428,146.35714285714286
2020-01-22 00:00:00+05:30,220.0,159.71428571428572,2020,1,68.3,2,22,4,206.0,158.0,136.0,112.0,194.66666666666666,159.71428571428572,154.64285714285714
2020-01-23 00:00:00+05:30,68.3,147.75714285714284,2020,1,77.2,3,23,4,220.0,206.0,158.0,152.0,164.76666666666668,147.75714285714284,151.95000000000002
2020-01-24 00:00:00+05:30,77.2,142.92857142857142,2020,1,123.0,4,24,4,68.3,220.0,206.0,111.0,121.83333333333333,142.92857142857142,147.32142857142858
2020-01-25 00:00:00+05:30,123.0,141.21428571428572,2020,1,193.0,5,25,4,77.2,68.3,220.0,135.0,89.5,141.21428571428572,144.89285714285714
2020-01-26 00:00:00+05:30,193.0,149.35714285714286,2020,1,199.0,6,26,4,123.0,77.2,68.3,136.0,131.06666666666666,149.35714285714286,144.89285714285714
2020-01-27 00:00:00+05:30,199.0,155.21428571428572,2020,1,113.0,0,27,5,193.0,123.0,77.2,158.0,171.66666666666666,155.21428571428572,143.32142857142858
2020-01-28 00:00:00+05:30,113.0,141.92857142857142,2020,1,75.8,1,28,5,199.0,193.0,123.0,206.0,168.33333333333334,141.92857142857142,143.10714285714286
2020-01-29 00:00:00+05:30,75.8,121.32857142857142,2020,1,96.0,2,29,5,113.0,199.0,193.0,220.0,129.26666666666668,121.32857142857142,140.52142857142857
2020-01-30 00:00:00+05:30,96.0,125.28571428571429,2020,1,95.3,3,30,5,75.8,113.0,199.0,68.3,94.93333333333334,125.28571428571429,136.52142857142857
2020-01-31 00:00:00+05:30,95.3,127.87142857142858,2020,1,101.0,4,31,5,96.0,75.8,113.0,77.2,89.03333333333335,127.87142857142858,135.4
2020-02-01 00:00:00+05:30,101.0,124.72857142857143,2020,2,134.0,5,32,5,95.3,96.0,75.8,123.0,97.43333333333332,124.72857142857143,132.9714285714286
2020-02-02 00:00:00+05:30,134.0,116.3,2020,2,126.0,6,33,5,101.0,95.3,96.0,193.0,110.09999999999998,116.3,132.82857142857145
2020-02-03 00:00:00+05:30,126.0,105.87142857142858,2020,2,167.0,0,34,6,134.0,101.0,95.3,199.0,120.33333333333333,105.87142857142858,130.54285714285714
2020-02-04 00:00:00+05:30,167.0,113.58571428571429,2020,2,137.0,1,35,6,126.0,134.0,101.0,113.0,142.33333333333334,113.58571428571429,127.75714285714287
2020-02-05 00:00:00+05:30,137.0,122.32857142857144,2020,2,110.0,2,36,6,167.0,126.0,134.0,75.8,143.33333333333334,122.32857142857144,121.82857142857144
2020-02-06 00:00:00+05:30,110.0,124.32857142857144,2020,2,149.0,3,37,6,137.0,167.0,126.0,96.0,138.0,124.32857142857144,124.80714285714286
2020-02-07 00:00:00+05:30,149.0,132.0,2020,2,142.0,4,38,6,110.0,137.0,167.0,95.3,132.0,132.0,129.93571428571428
2020-02-08 00:00:00+05:30,142.0,137.85714285714286,2020,2,162.0,5,39,6,149.0,110.0,137.0,101.0,133.66666666666666,137.85714285714286,131.29285714285714
2020-02-09 00:00:00+05:30,162.0,141.85714285714286,2020,2,180.0,6,40,6,142.0,149.0,110.0,134.0,151.0,141.85714285714286,129.07857142857145
2020-02-10 00:00:00+05:30,180.0,149.57142857142858,2020,2,162.0,0,41,7,162.0,142.0,149.0,126.0,161.33333333333334,149.57142857142858,127.72142857142858
2020-02-11 00:00:00+05:30,162.0,148.85714285714286,2020,2,194.0,1,42,7,180.0,162.0,142.0,167.0,168.0,148.85714285714286,131.2214285714286
2020-02-12 00:00:00+05:30,194.0,157.0,2020,2,99.7,2,43,7,162.0,180.0,162.0,137.0,178.66666666666666,157.0,139.66428571428574
2020-02-13 00:00:00+05:30,99.7,155.52857142857144,2020,2,70.3,3,44,7,194.0,162.0,180.0,110.0,151.9,155.52857142857144,139.92857142857142
2020-02-14 00:00:00+05:30,70.3,144.28571428571428,2020,2,82.2,4,45,7,99.7,194.0,162.0,149.0,121.33333333333333,144.28571428571428,138.14285714285714
2020-02-15 00:00:00+05:30,82.2,135.74285714285713,2020,2,118.0,5,46,7,70.3,99.7,194.0,142.0,84.06666666666666,135.74285714285713,136.79999999999998
2020-02-16 00:00:00+05:30,118.0,129.45714285714286,2020,2,157.0,6,47,7,82.2,70.3,99.7,162.0,90.16666666666667,129.45714285714286,135.65714285714284
2020-02-17 00:00:00+05:30,157.0,126.17142857142858,2020,2,133.0,0,48,8,118.0,82.2,70.3,180.0,119.06666666666666,126.17142857142858,137.87142857142857
2020-02-18 00:00:00+05:30,133.0,122.02857142857144,2020,2,120.0,1,49,8,157.0,118.0,82.2,162.0,136.0,122.02857142857144,135.44285714285712
2020-02-19 00:00:00+05:30,120.0,111.45714285714287,2020,2,101.0,2,50,8,133.0,157.0,118.0,194.0,136.66666666666666,111.45714285714287,134.22857142857143
2020-02-20 00:00:00+05:30,101.0,111.64285714285714,2020,2,54.2,3,51,8,120.0,133.0,157.0,99.7,118.0,111.64285714285714,133.58571428571426
2020-02-21 00:00:00+05:30,54.2,109.34285714285714,2020,2,64.5,4,52,8,101.0,120.0,133.0,70.3,91.73333333333333,109.34285714285714,126.8142857142857
2020-02-22 00:00:00+05:30,64.5,106.81428571428572,2020,2,98.4,5,53,8,54.2,101.0,120.0,82.2,73.23333333333333,106.81428571428572,121.27857142857142
2020-02-23 00:00:00+05:30,98.4,104.01428571428572,2020,2,63.9,6,54,8,64.5,54.2,101.0,118.0,72.36666666666667,104.01428571428572,116.73571428571428
2020-02-24 00:00:00+05:30,63.9,90.71428571428571,2020,2,152.0,0,55,9,98.4,64.5,54.2,157.0,75.60000000000001,90.71428571428571,108.44285714285715
2020-02-25 00:00:00+05:30,152.0,93.42857142857143,2020,2,133.0,1,56,9,63.9,98.4,64.5,133.0,104.76666666666667,93.42857142857143,107.72857142857141
2020-02-26 00:00:00+05:30,133.0,95.28571428571429,2020,2,102.0,2,57,9,152.0,63.9,98.4,120.0,116.3,95.28571428571429,103.37142857142855
2020-02-27 00:00:00+05:30,102.0,95.42857142857143,2020,2,85.2,3,58,9,133.0,152.0,63.9,101.0,129.0,95.42857142857143,103.53571428571429
2020-02-28 00:00:00+05:30,85.2,99.85714285714286,2020,2,58.0,4,59,9,102.0,133.0,152.0,54.2,106.73333333333333,99.85714285714286,104.6
2020-02-29 00:00:00+05:30,58.0,98.92857142857143,2020,2,36.6,5,60,9,85.2,102.0,133.0,64.5,81.73333333333333,98.92857142857143,102.87142857142858
2020-03-01 00:00:00+05:30,36.6,90.1,2020,3,82.5,6,61,9,58.0,85.2,102.0,98.4,59.93333333333334,90.1,97.05714285714286
2020-03-02 00:00:00+05:30,82.5,92.75714285714285,2020,3,67.7,0,62,10,36.6,58.0,85.2,63.9,59.03333333333334,92.75714285714285,91.7357142857143
2020-03-03 00:00:00+05:30,67.7,80.71428571428571,2020,3,70.6,1,63,10,82.5,36.6,58.0,152.0,62.26666666666667,80.71428571428571,87.07142857142858
2020-03-04 00:00:00+05:30,70.6,71.8,2020,3,27.6,2,64,10,67.7,82.5,36.6,133.0,73.60000000000001,71.8,83.54285714285713
2020-03-05 00:00:00+05:30,27.6,61.17142857142857,2020,3,19.7,3,65,10,70.6,67.7,82.5,102.0,55.300000000000004,61.17142857142857,78.29999999999998
2020-03-06 00:00:00+05:30,19.7,51.814285714285724,2020,3,42.0,4,66,10,27.6,70.6,67.7,85.2,39.300000000000004,51.814285714285724,75.83571428571429
2020-03-07 00:00:00+05:30,42.0,49.52857142857143,2020,3,87.5,5,67,10,19.7,27.6,70.6,58.0,29.76666666666667,49.52857142857143,74.22857142857143
2020-03-08 00:00:00+05:30,87.5,56.800000000000004,2020,3,45.2,6,68,10,42.0,19.7,27.6,36.6,49.73333333333334,56.800000000000004,73.45
2020-03-09 00:00:00+05:30,45.2,51.471428571428575,2020,3,85.2,0,69,11,87.5,42.0,19.7,82.5,58.23333333333335,51.471428571428575,72.11428571428571
2020-03-10 00:00:00+05:30,85.2,53.971428571428575,2020,3,54.7,1,70,11,45.2,87.5,42.0,67.7,72.63333333333334,53.971428571428575,67.34285714285714
2020-03-11 00:00:00+05:30,54.7,51.699999999999996,2020,3,52.1,2,71,11,85.2,45.2,87.5,70.6,61.70000000000001,51.699999999999996,61.75
2020-03-12 00:00:00+05:30,52.1,55.2,2020,3,59.3,3,72,11,54.7,85.2,45.2,27.6,64.00000000000001,55.2,58.18571428571429
2020-03-13 00:00:00+05:30,59.3,60.857142857142854,2020,3,38.1,4,73,11,52.1,54.7,85.2,19.7,55.366666666666674,60.857142857142854,56.33571428571428
2020-03-14 00:00:00+05:30,38.1,60.3,2020,3,58.9,5,74,11,59.3,52.1,54.7,42.0,49.833333333333336,60.3,54.91428571428571
2020-03-15 00:00:00+05:30,58.9,56.21428571428572,2020,3,68.6,6,75,11,38.1,59.3,52.1,87.5,52.1,56.21428571428572,56.50714285714286
2020-03-16 00:00:00+05:30,68.6,59.55714285714286,2020,3,70.0,0,76,12,58.9,38.1,59.3,45.2,55.199999999999996,59.55714285714286,55.51428571428571
2020-03-17 00:00:00+05:30,70.0,57.385714285714286,2020,3,65.3,1,77,12,68.6,58.9,38.1,85.2,65.83333333333333,57.385714285714286,55.67857142857143
2020-03-18 00:00:00+05:30,65.3,58.9,2020,3,81.2,2,78,12,70.0,68.6,58.9,54.7,67.96666666666665,58.9,55.3
2020-03-19 00:00:00+05:30,81.2,63.05714285714286,2020,3,91.9,3,79,12,65.3,70.0,68.6,52.1,72.16666666666667,63.05714285714286,59.128571428571426
2020-03-20 00:00:00+05:30,91.9,67.71428571428571,2020,3,66.7,4,80,12,81.2,65.3,70.0,59.3,79.46666666666667,67.71428571428571,64.28571428571429
2020-03-21 00:00:00+05:30,66.7,71.8,2020,3,69.4,5,81,12,91.9,81.2,65.3,38.1,79.93333333333334,71.8,66.05
2020-03-22 00:00:00+05:30,69.4,73.3,2020,3,60.0,6,82,12,66.7,91.9,81.2,58.9,76.0,73.3,64.75714285714285
2020-03-23 00:00:00+05:30,60.0,72.07142857142857,2020,3,45.9,0,83,13,69.4,66.7,91.9,68.6,65.36666666666667,72.07142857142857,65.81428571428572
2020-03-24 00:00:00+05:30,45.9,68.62857142857143,2020,3,29.6,1,84,13,60.0,69.4,66.7,70.0,58.43333333333334,68.62857142857143,63.00714285714286
2020-03-25 00:00:00+05:30,29.6,63.528571428571425,2020,3,42.2,2,85,13,45.9,60.0,69.4,65.3,45.166666666666664,63.528571428571425,61.214285714285715
2020-03-26 00:00:00+05:30,42.2,57.95714285714286,2020,3,25.2,3,86,13,29.6,45.9,60.0,81.2,39.233333333333334,57.95714285714286,60.50714285714286
2020-03-27 00:00:00+05:30,25.2,48.42857142857144,2020,3,18.1,4,87,13,42.2,29.6,45.9,91.9,32.333333333333336,48.42857142857144,58.07142857142857
2020-03-28 00:00:00+05:30,18.1,41.48571428571428,2020,3,24.5,5,88,13,25.2,42.2,29.6,66.7,28.5,41.48571428571428,56.642857142857146
2020-03-29 00:00:00+05:30,24.5,35.07142857142858,2020,3,36.6,6,89,13,18.1,25.2,42.2,69.4,22.599999999999998,35.07142857142858,54.18571428571429
2020-03-30 00:00:00+05:30,36.6,31.728571428571428,2020,3,31.5,0,90,14,24.5,18.1,25.2,60.0,26.400000000000002,31.728571428571428,51.9
2020-03-31 00:00:00+05:30,31.5,29.671428571428574,2020,3,30.4,1,91,14,36.6,24.5,18.1,45.9,30.86666666666667,29.671428571428574,49.15
2020-04-01 00:00:00+05:30,30.4,29.78571428571429,2020,4,23.9,2,92,14,31.5,36.6,24.5,29.6,32.833333333333336,29.78571428571429,46.65714285714286
2020-04-02 00:00:00+05:30,23.9,27.17142857142857,2020,4,36.6,3,93,14,30.4,31.5,36.6,42.2,28.599999999999998,27.17142857142857,42.56428571428571
2020-04-03 00:00:00+05:30,36.6,28.800000000000004,2020,4,37.4,4,94,14,23.9,30.4,31.5,25.2,30.3,28.800000000000004,38.614285714285714
2020-04-04 00:00:00+05:30,37.4,31.557142857142853,2020,4,44.0,5,95,14,36.6,23.9,30.4,18.1,32.63333333333333,31.557142857142853,36.52142857142857
2020-04-05 00:00:00+05:30,44.0,34.34285714285714,2020,4,51.0,6,96,14,37.4,36.6,23.9,24.5,39.333333333333336,34.34285714285714,34.70714285714286
2020-04-06 00:00:00+05:30,51.0,36.4,2020,4,33.1,0,97,15,44.0,37.4,36.6,36.6,44.13333333333333,36.4,34.06428571428572
2020-04-07 00:00:00+05:30,33.1,36.628571428571426,2020,4,33.2,1,98,15,51.0,44.0,37.4,31.5,42.699999999999996,36.628571428571426,33.15
2020-04-08 00:00:00+05:30,33.2,37.028571428571425,2020,4,35.8,2,99,15,33.1,51.0,44.0,30.4,39.1,37.028571428571425,33.40714285714286
2020-04-09 00:00:00+05:30,35.8,38.728571428571435,2020,4,59.9,3,100,15,33.2,33.1,51.0,23.9,34.03333333333334,38.728571428571435,32.949999999999996
2020-04-10 00:00:00+05:30,59.9,42.05714285714286,2020,4,44.8,4,101,15,35.8,33.2,33.1,36.6,42.96666666666667,42.05714285714286,35.42857142857143
2020-04-11 00:00:00+05:30,44.8,43.114285714285714,2020,4,41.8,5,102,15,59.9,35.8,33.2,37.4,46.833333333333336,43.114285714285714,37.33571428571429
2020-04-12 00:00:00+05:30,41.8,42.800000000000004,2020,4,60.6,6,103,15,44.8,59.9,35.8,44.0,48.833333333333336,42.800000000000004,38.57142857142857
2020-04-13 00:00:00+05:30,60.6,44.17142857142857,2020,4,45.0,0,104,16,41.8,44.8,59.9,51.0,49.06666666666666,44.17142857142857,40.285714285714285
2020-04-14 00:00:00+05:30,45.0,45.87142857142857,2020,4,49.6,1,105,16,60.6,41.8,44.8,33.1,49.13333333333333,45.87142857142857,41.25
2020-04-15 00:00:00+05:30,49.6,48.214285714285715,2020,4,65.1,2,106,16,45.0,60.6,41.8,33.2,51.73333333333333,48.214285714285715,42.621428571428574
2020-04-16 00:00:00+05:30,65.1,52.39999999999999,2020,4,23.7,3,107,16,49.6,45.0,60.6,35.8,53.23333333333333,52.39999999999999,45.564285714285724
2020-04-17 00:00:00+05:30,23.7,47.228571428571435,2020,4,27.8,4,108,16,65.1,49.6,45.0,59.9,46.133333333333326,47.228571428571435,44.642857142857146
2020-04-18 00:00:00+05:30,27.8,44.800000000000004,2020,4,32.6,5,109,16,23.7,65.1,49.6,44.8,38.86666666666667,44.800000000000004,43.95714285714286
2020-04-19 00:00:00+05:30,32.6,43.48571428571428,2020,4,38.1,6,110,16,27.8,23.7,65.1,41.8,28.03333333333333,43.48571428571428,43.142857142857146
2020-04-20 00:00:00+05:30,38.1,40.271428571428565,2020,4,33.7,0,111,17,32.6,27.8,23.7,60.6,32.833333333333336,40.271428571428565,42.221428571428575
2020-04-21 00:00:00+05:30,33.7,38.65714285714286,2020,4,49.7,1,112,17,38.1,32.6,27.8,45.0,34.800000000000004,38.65714285714286,42.26428571428572
2020-04-22 00:00:00+05:30,49.7,38.67142857142857,2020,4,47.7,2,113,17,33.7,38.1,32.6,49.6,40.50000000000001,38.67142857142857,43.442857142857136
2020-04-23 00:00:00+05:30,47.7,36.18571428571429,2020,4,52.5,3,114,17,49.7,33.7,38.1,65.1,43.70000000000001,36.18571428571429,44.292857142857144
2020-04-24 00:00:00+05:30,52.5,40.300000000000004,2020,4,41.3,4,115,17,47.7,49.7,33.7,23.7,49.96666666666667,40.300000000000004,43.76428571428572
2020-04-26 00:00:00+05:30,41.3,42.228571428571435,2020,4,27.3,6,117,17,52.5,47.7,49.7,27.8,47.166666666666664,42.228571428571435,43.51428571428571
2020-04-27 00:00:00+05:30,27.3,41.471428571428575,2020,4,36.9,0,118,18,41.3,52.5,47.7,32.6,40.36666666666667,41.471428571428575,42.478571428571435
2020-04-28 00:00:00+05:30,36.9,41.300000000000004,2020,4,53.2,1,119,18,27.3,41.3,52.5,38.1,35.166666666666664,41.300000000000004,40.785714285714285
2020-04-29 00:00:00+05:30,53.2,44.08571428571429,2020,4,52.0,2,120,18,36.9,27.3,41.3,33.7,39.13333333333333,44.08571428571429,41.371428571428574
2020-04-30 00:00:00+05:30,52.0,44.41428571428572,2020,4,56.6,3,121,18,53.2,36.9,27.3,49.7,47.366666666666674,44.41428571428572,41.542857142857144
2020-05-01 00:00:00+05:30,56.6,45.68571428571429,2020,5,35.8,4,122,18,52.0,53.2,36.9,47.7,53.93333333333334,45.68571428571429,40.935714285714276
2020-05-02 00:00:00+05:30,35.8,43.3,2020,5,33.7,5,123,18,56.6,52.0,53.2,52.5,48.13333333333333,43.3,41.800000000000004
2020-05-03 00:00:00+05:30,33.7,42.214285714285715,2020,5,26.5,6,124,18,35.8,56.6,52.0,41.3,42.03333333333333,42.214285714285715,42.221428571428575
2020-05-04 00:00:00+05:30,26.5,42.1,2020,5,44.1,0,125,19,33.7,35.8,56.6,27.3,32.0,42.1,41.785714285714285
2020-05-05 00:00:00+05:30,44.1,43.128571428571426,2020,5,53.6,1,126,19,26.5,33.7,35.8,36.9,34.76666666666667,43.128571428571426,42.214285714285715
2020-05-06 00:00:00+05:30,53.6,43.18571428571429,2020,5,30.2,2,127,19,44.1,26.5,33.7,53.2,41.4,43.18571428571429,43.635714285714286
2020-05-07 00:00:00+05:30,30.2,40.07142857142857,2020,5,44.3,3,128,19,53.6,44.1,26.5,52.0,42.63333333333333,40.07142857142857,42.24285714285715
2020-05-08 00:00:00+05:30,44.3,38.31428571428571,2020,5,54.7,4,129,19,30.2,53.6,44.1,56.6,42.70000000000001,38.31428571428571,42.0
2020-05-09 00:00:00+05:30,54.7,41.01428571428572,2020,5,43.9,5,130,19,44.3,30.2,53.6,35.8,43.06666666666666,41.01428571428572,42.15714285714286
2020-05-10 00:00:00+05:30,43.9,42.471428571428575,2020,5,44.4,6,131,19,54.7,44.3,30.2,33.7,47.63333333333333,42.471428571428575,42.34285714285715
2020-05-11 00:00:00+05:30,44.4,45.028571428571425,2020,5,42.6,0,132,20,43.9,54.7,44.3,26.5,47.666666666666664,45.028571428571425,43.56428571428571
2020-05-12 00:00:00+05:30,42.6,44.814285714285724,2020,5,64.4,1,133,20,44.4,43.9,54.7,44.1,43.63333333333333,44.814285714285724,43.971428571428575
2020-05-13 00:00:00+05:30,64.4,46.357142857142854,2020,5,44.6,2,134,20,42.6,44.4,43.9,53.6,50.46666666666667,46.357142857142854,44.771428571428565
2020-05-14 00:00:00+05:30,44.6,48.41428571428572,2020,5,54.1,3,135,20,64.4,42.6,44.4,30.2,50.53333333333334,48.41428571428572,44.24285714285714
2020-05-15 00:00:00+05:30,54.1,49.81428571428571,2020,5,74.8,4,136,20,44.6,64.4,42.6,44.3,54.366666666666674,49.81428571428571,44.064285714285724
2020-05-16 00:00:00+05:30,74.8,52.68571428571429,2020,5,89.9,5,137,20,54.1,44.6,64.4,54.7,57.833333333333336,52.68571428571429,46.85
2020-05-17 00:00:00+05:30,89.9,59.25714285714285,2020,5,88.8,6,138,20,74.8,54.1,44.6,43.9,72.93333333333334,59.25714285714285,50.864285714285714
2020-05-18 00:00:00+05:30,88.8,65.6,2020,5,92.6,0,139,21,89.9,74.8,54.1,44.4,84.5,65.6,55.314285714285724
2020-05-19 00:00:00+05:30,92.6,72.74285714285715,2020,5,58.0,1,140,21,88.8,89.9,74.8,42.6,90.43333333333334,72.74285714285715,58.778571428571425
2020-05-20 00:00:00+05:30,58.0,71.82857142857144,2020,5,42.8,2,141,21,92.6,88.8,89.9,64.4,79.8,71.82857142857144,59.09285714285714
2020-05-21 00:00:00+05:30,42.8,71.57142857142857,2020,5,68.6,3,142,21,58.0,92.6,88.8,44.6,64.46666666666668,71.57142857142857,59.99285714285714
2020-05-22 00:00:00+05:30,68.6,73.64285714285714,2020,5,60.1,4,143,21,42.8,58.0,92.6,54.1,56.46666666666667,73.64285714285714,61.728571428571435
2020-05-23 00:00:00+05:30,60.1,71.54285714285714,2020,5,46.5,5,144,21,68.6,42.8,58.0,74.8,57.166666666666664,71.54285714285714,62.11428571428571
2020-05-24 00:00:00+05:30,46.5,65.34285714285714,2020,5,61.0,6,145,21,60.1,68.6,42.8,89.9,58.4,65.34285714285714,62.3
2020-05-25 00:00:00+05:30,61.0,61.371428571428574,2020,5,57.5,0,146,22,46.5,60.1,68.6,88.8,55.866666666666674,61.371428571428574,63.48571428571428
2020-05-26 00:00:00+05:30,57.5,56.357142857142854,2020,5,43.8,1,147,22,61.0,46.5,60.1,92.6,55.00000000000001,56.357142857142854,64.55
2020-05-27 00:00:00+05:30,43.8,54.32857142857142,2020,5,37.1,2,148,22,57.5,61.0,46.5,58.0,54.1,54.32857142857142,63.07857142857143
2020-05-28 00:00:00+05:30,37.1,53.51428571428572,2020,5,23.5,3,149,22,43.8,57.5,61.0,42.8,46.13333333333335,53.51428571428572,62.54285714285714
2020-05-29 00:00:00+05:30,23.5,47.07142857142857,2020,5,23.3,4,150,22,37.1,43.8,57.5,68.6,34.800000000000004,47.07142857142857,60.357142857142854
2020-05-30 00:00:00+05:30,23.3,41.81428571428571,2020,5,20.9,5,151,22,23.5,37.1,43.8,60.1,27.966666666666672,41.81428571428571,56.67857142857143
2020-05-31 00:00:00+05:30,20.9,38.15714285714286,2020,5,37.2,6,152,22,23.3,23.5,37.1,46.5,22.566666666666674,38.15714285714286,51.75
2020-06-01 00:00:00+05:30,37.2,34.75714285714286,2020,6,42.1,0,153,23,20.9,23.3,23.5,61.0,27.13333333333334,34.75714285714286,48.06428571428571
2020-06-02 00:00:00+05:30,42.1,32.55714285714286,2020,6,47.3,1,154,23,37.2,20.9,23.3,57.5,33.400000000000006,32.55714285714286,44.45714285714286
2020-06-03 00:00:00+05:30,47.3,33.05714285714286,2020,6,65.8,2,155,23,42.1,37.2,20.9,43.8,42.20000000000001,33.05714285714286,43.69285714285714
2020-06-04 00:00:00+05:30,65.8,37.15714285714286,2020,6,34.4,3,156,23,47.3,42.1,37.2,37.1,51.73333333333333,37.15714285714286,45.33571428571428
2020-06-05 00:00:00+05:30,34.4,38.714285714285715,2020,6,27.2,4,157,23,65.8,47.3,42.1,23.5,49.166666666666664,38.714285714285715,42.89285714285713
2020-06-06 00:00:00+05:30,27.2,39.271428571428565,2020,6,27.0,5,158,23,34.4,65.8,47.3,23.3,42.46666666666666,39.271428571428565,40.542857142857144
2020-06-07 00:00:00+05:30,27.0,40.142857142857146,2020,6,39.0,6,159,23,27.2,34.4,65.8,20.9,29.533333333333335,40.142857142857146,39.15
2020-06-08 00:00:00+05:30,39.0,40.39999999999999,2020,6,57.2,0,160,24,27.0,27.2,34.4,37.2,31.066666666666674,40.39999999999999,37.57857142857142
2020-06-09 00:00:00+05:30,57.2,42.55714285714286,2020,6,48.3,1,161,24,39.0,27.0,27.2,42.1,41.06666666666667,42.55714285714286,37.55714285714286
2020-06-10 00:00:00+05:30,48.3,42.699999999999996,2020,6,45.0,2,162,24,57.2,39.0,27.0,47.3,48.166666666666664,42.699999999999996,37.878571428571426
2020-06-11 00:00:00+05:30,45.0,39.728571428571435,2020,6,61.1,3,163,24,48.3,57.2,39.0,65.8,50.166666666666664,39.728571428571435,38.44285714285714
2020-06-12 00:00:00+05:30,61.1,43.542857142857144,2020,6,46.2,4,164,24,45.0,48.3,57.2,34.4,51.46666666666667,43.542857142857144,41.128571428571426
2020-06-13 00:00:00+05:30,46.2,46.25714285714286,2020,6,61.8,5,165,24,61.1,45.0,48.3,27.2,50.76666666666667,46.25714285714286,42.76428571428572
2020-06-14 00:00:00+05:30,61.8,51.228571428571435,2020,6,47.0,6,166,24,46.2,61.1,45.0,27.0,56.366666666666674,51.228571428571435,45.685714285714276
2020-06-15 00:00:00+05:30,47.0,52.371428571428574,2020,6,38.3,0,167,25,61.8,46.2,61.1,39.0,51.666666666666664,52.371428571428574,46.385714285714286
2020-06-16 00:00:00+05:30,38.3,49.67142857142857,2020,6,27.2,1,168,25,47.0,61.8,46.2,57.2,49.03333333333333,49.67142857142857,46.114285714285714
2020-06-17 00:00:00+05:30,27.2,46.65714285714286,2020,6,35.8,2,169,25,38.3,47.0,61.8,48.3,37.50000000000001,46.65714285714286,44.67857142857143
2020-06-18 00:00:00+05:30,35.8,45.34285714285714,2020,6,61.2,3,170,25,27.2,38.3,47.0,45.0,33.766666666666666,45.34285714285714,42.535714285714285
2020-06-19 00:00:00+05:30,61.2,45.357142857142854,2020,6,36.0,4,171,25,35.8,27.2,38.3,61.1,41.400000000000006,45.357142857142854,44.449999999999996
2020-06-20 00:00:00+05:30,36.0,43.89999999999999,2020,6,39.5,5,172,25,61.2,35.8,27.2,46.2,44.333333333333336,43.89999999999999,45.07857142857142
2020-06-21 00:00:00+05:30,39.5,40.714285714285715,2020,6,40.4,6,173,25,36.0,61.2,35.8,61.8,45.56666666666667,40.714285714285715,45.97142857142857
2020-06-22 00:00:00+05:30,40.4,39.771428571428565,2020,6,26.4,0,174,26,39.5,36.0,61.2,47.0,38.63333333333333,39.771428571428565,46.07142857142856
2020-06-23 00:00:00+05:30,26.4,38.07142857142857,2020,6,28.4,1,175,26,40.4,39.5,36.0,38.3,35.43333333333334,38.07142857142857,43.871428571428574
2020-06-24 00:00:00+05:30,28.4,38.24285714285714,2020,6,32.2,2,176,26,26.4,40.4,39.5,27.2,31.733333333333334,38.24285714285714,42.45
2020-06-25 00:00:00+05:30,32.2,37.72857142857142,2020,6,40.5,3,177,26,28.4,26.4,40.4,35.8,29.0,37.72857142857142,41.53571428571428
2020-06-26 00:00:00+05:30,40.5,34.77142857142857,2020,6,37.0,4,178,26,32.2,28.4,26.4,61.2,33.7,34.77142857142857,40.06428571428571
2020-06-27 00:00:00+05:30,37.0,34.91428571428572,2020,6,56.1,5,179,26,40.5,32.2,28.4,36.0,36.56666666666667,34.91428571428572,39.40714285714285
2020-06-28 00:00:00+05:30,56.1,37.285714285714285,2020,6,37.2,6,180,26,37.0,40.5,32.2,39.5,44.53333333333333,37.285714285714285,39.0
2020-06-29 00:00:00+05:30,37.2,36.82857142857143,2020,6,36.7,0,181,27,56.1,37.0,40.5,40.4,43.43333333333334,36.82857142857143,38.3
2020-06-30 00:00:00+05:30,36.7,38.300000000000004,2020,6,49.0,1,182,27,37.2,56.1,37.0,26.4,43.333333333333336,38.300000000000004,38.18571428571429
2020-07-01 00:00:00+05:30,49.0,41.24285714285715,2020,7,57.4,2,183,27,36.7,37.2,56.1,28.4,40.96666666666667,41.24285714285715,39.74285714285714
2020-07-02 00:00:00+05:30,57.4,44.84285714285715,2020,7,60.3,3,184,27,49.0,36.7,37.2,32.2,47.70000000000001,44.84285714285715,41.285714285714285
2020-07-03 00:00:00+05:30,60.3,47.67142857142858,2020,7,42.4,4,185,27,57.4,49.0,36.7,40.5,55.56666666666666,47.67142857142858,41.221428571428575
2020-07-04 00:00:00+05:30,42.4,48.44285714285714,2020,7,27.5,5,186,27,60.3,57.4,49.0,37.0,53.36666666666667,48.44285714285714,41.67857142857143
2020-07-05 00:00:00+05:30,27.5,44.357142857142854,2020,7,40.2,6,187,27,42.4,60.3,57.4,56.1,43.4,44.357142857142854,40.82142857142857
2020-07-06 00:00:00+05:30,40.2,44.785714285714285,2020,7,11.1,0,188,28,27.5,42.4,60.3,37.2,36.70000000000001,44.785714285714285,40.80714285714286
2020-07-07 00:00:00+05:30,11.1,41.128571428571426,2020,7,21.1,1,189,28,40.2,27.5,42.4,36.7,26.26666666666667,41.128571428571426,39.714285714285715
2020-07-08 00:00:00+05:30,21.1,37.142857142857146,2020,7,27.5,2,190,28,11.1,40.2,27.5,49.0,24.133333333333336,37.142857142857146,39.19285714285714
2020-07-09 00:00:00+05:30,27.5,32.871428571428574,2020,7,21.8,3,191,28,21.1,11.1,40.2,57.4,19.900000000000002,32.871428571428574,38.857142857142854
2020-07-10 00:00:00+05:30,21.8,27.371428571428574,2020,7,17.2,4,192,28,27.5,21.1,11.1,60.3,23.46666666666667,27.371428571428574,37.521428571428565
2020-07-11 00:00:00+05:30,17.2,23.771428571428572,2020,7,18.5,5,193,28,21.8,27.5,21.1,42.4,22.166666666666668,23.771428571428572,36.107142857142854
2020-07-12 00:00:00+05:30,18.5,22.485714285714288,2020,7,27.7,6,194,28,17.2,21.8,27.5,27.5,19.166666666666668,22.485714285714288,33.42142857142857
2020-07-13 00:00:00+05:30,27.7,20.7,2020,7,36.4,0,195,29,18.5,17.2,21.8,40.2,21.133333333333336,20.7,32.74285714285714
2020-07-14 00:00:00+05:30,36.4,24.314285714285713,2020,7,38.4,1,196,29,27.7,18.5,17.2,11.1,27.53333333333333,24.314285714285713,32.721428571428575
2020-07-15 00:00:00+05:30,38.4,26.78571428571428,2020,7,27.7,2,197,29,36.4,27.7,18.5,21.1,34.166666666666664,26.78571428571428,31.964285714285715
2020-07-16 00:00:00+05:30,27.7,26.814285714285717,2020,7,42.2,3,198,29,38.4,36.4,27.7,27.5,34.166666666666664,26.814285714285717,29.842857142857145
2020-07-17 00:00:00+05:30,42.2,29.728571428571428,2020,7,38.6,4,199,29,27.7,38.4,36.4,21.8,36.1,29.728571428571428,28.55
2020-07-18 00:00:00+05:30,38.6,32.785714285714285,2020,7,21.2,5,200,29,42.2,27.7,38.4,17.2,36.166666666666664,32.785714285714285,28.27857142857143
2020-07-19 00:00:00+05:30,21.2,33.17142857142857,2020,7,16.8,6,201,29,38.6,42.2,27.7,18.5,34.00000000000001,33.17142857142857,27.828571428571426
2020-07-20 00:00:00+05:30,16.8,31.61428571428571,2020,7,20.1,0,202,30,21.2,38.6,42.2,27.7,25.533333333333342,31.61428571428571,26.157142857142855
2020-07-21 00:00:00+05:30,20.1,29.285714285714285,2020,7,15.4,1,203,30,16.8,21.2,38.6,36.4,19.36666666666667,29.285714285714285,26.800000000000004
2020-07-22 00:00:00+05:30,15.4,26.0,2020,7,30.3,2,204,30,20.1,16.8,21.2,38.4,17.43333333333334,26.0,26.392857142857142
2020-07-23 00:00:00+05:30,30.3,26.37142857142857,2020,7,35.7,3,205,30,15.4,20.1,16.8,27.7,21.933333333333337,26.37142857142857,26.592857142857145
2020-07-24 00:00:00+05:30,35.7,25.442857142857147,2020,7,27.7,4,206,30,30.3,15.4,20.1,42.2,27.13333333333334,25.442857142857147,27.585714285714285
2020-07-25 00:00:00+05:30,27.7,23.88571428571429,2020,7,34.0,5,207,30,35.7,30.3,15.4,38.6,31.233333333333338,23.88571428571429,28.335714285714285
2020-07-26 00:00:00+05:30,34.0,25.714285714285715,2020,7,28.7,6,208,30,27.7,35.7,30.3,21.2,32.466666666666676,25.714285714285715,29.442857142857143
2020-07-27 00:00:00+05:30,28.7,27.414285714285715,2020,7,21.6,0,209,31,34.0,27.7,35.7,16.8,30.13333333333334,27.414285714285715,29.514285714285712
2020-07-28 00:00:00+05:30,21.6,27.628571428571433,2020,7,21.4,1,210,31,28.7,34.0,27.7,20.1,28.100000000000005,27.628571428571433,28.457142857142856
2020-07-29 00:00:00+05:30,21.4,28.485714285714288,2020,7,14.4,2,211,31,21.6,28.7,34.0,15.4,23.900000000000006,28.485714285714288,27.24285714285714
2020-07-30 00:00:00+05:30,14.4,26.214285714285715,2020,7,30.5,3,212,31,21.4,21.6,28.7,30.3,19.133333333333336,26.214285714285715,26.292857142857144
2020-07-31 00:00:00+05:30,30.5,25.47142857142857,2020,7,19.8,4,213,31,14.4,21.4,21.6,35.7,22.100000000000005,25.47142857142857,25.45714285714286
2020-08-03 00:00:00+05:30,19.8,24.342857142857145,2020,8,21.4,0,216,32,30.5,14.4,21.4,27.7,21.566666666666674,24.342857142857145,24.114285714285717
2020-08-04 00:00:00+05:30,21.4,22.542857142857144,2020,8,35.8,1,217,32,19.8,30.5,14.4,34.0,23.900000000000006,22.542857142857144,24.12857142857143
2020-08-05 00:00:00+05:30,35.8,23.557142857142857,2020,8,9.11,2,218,32,21.4,19.8,30.5,28.7,25.66666666666667,23.557142857142857,25.485714285714288
2020-08-06 00:00:00+05:30,9.11,21.772857142857138,2020,8,22.2,3,219,32,35.8,21.4,19.8,21.6,22.10333333333334,21.772857142857138,24.70071428571429
2020-08-07 00:00:00+05:30,22.2,21.88714285714286,2020,8,45.8,4,220,32,9.11,35.8,21.4,21.4,22.370000000000005,21.88714285714286,25.18642857142857
2020-08-08 00:00:00+05:30,45.8,26.372857142857146,2020,8,20.6,5,221,32,22.2,9.11,35.8,14.4,25.703333333333337,26.372857142857146,26.29357142857143
2020-08-09 00:00:00+05:30,20.6,24.958571428571428,2020,8,25.0,6,222,32,45.8,22.2,9.11,30.5,29.533333333333342,24.958571428571428,25.215
2020-08-10 00:00:00+05:30,25.0,25.701428571428572,2020,8,35.7,0,223,33,20.6,45.8,22.2,19.8,30.46666666666667,25.701428571428572,25.022142857142857
2020-08-11 00:00:00+05:30,35.7,27.744285714285713,2020,8,21.1,1,224,33,25.0,20.6,45.8,21.4,27.100000000000005,27.744285714285713,25.143571428571427
2020-08-12 00:00:00+05:30,21.1,25.64428571428571,2020,8,12.1,2,225,33,35.7,25.0,20.6,35.8,27.26666666666667,25.64428571428571,24.600714285714286
2020-08-13 00:00:00+05:30,12.1,26.071428571428573,2020,8,16.9,3,226,33,21.1,35.7,25.0,9.11,22.966666666666672,26.071428571428573,23.92214285714286
2020-08-14 00:00:00+05:30,16.9,25.314285714285713,2020,8,27.0,4,227,33,12.1,21.1,35.7,22.2,16.700000000000006,25.314285714285713,23.600714285714286
2020-08-15 00:00:00+05:30,27.0,22.628571428571426,2020,8,18.1,5,228,33,16.9,12.1,21.1,45.8,18.66666666666667,22.628571428571426,24.500714285714285
2020-08-16 00:00:00+05:30,18.1,22.271428571428572,2020,8,25.3,6,229,33,27.0,16.9,12.1,20.6,20.66666666666667,22.271428571428572,23.615000000000002
2020-08-17 00:00:00+05:30,25.3,22.314285714285713,2020,8,23.0,0,230,34,18.1,27.0,16.9,25.0,23.466666666666672,22.314285714285713,24.00785714285714
2020-08-18 00:00:00+05:30,23.0,20.5,2020,8,16.9,1,231,34,25.3,18.1,27.0,35.7,22.13333333333334,20.5,24.122142857142855
2020-08-19 00:00:00+05:30,16.9,19.900000000000002,2020,8,18.4,2,232,34,23.0,25.3,18.1,21.1,21.733333333333338,19.900000000000002,22.772142857142857
2020-08-20 00:00:00+05:30,18.4,20.8,2020,8,16.1,3,233,34,16.9,23.0,25.3,12.1,19.433333333333337,20.8,23.435714285714287
2020-08-21 00:00:00+05:30,16.1,20.685714285714287,2020,8,14.9,4,234,34,18.4,16.9,23.0,16.9,17.13333333333334,20.685714285714287,23.0
2020-08-22 00:00:00+05:30,14.9,18.957142857142856,2020,8,16.5,5,235,34,16.1,18.4,16.9,27.0,16.466666666666672,18.957142857142856,20.792857142857144
2020-08-23 00:00:00+05:30,16.5,18.72857142857143,2020,8,11.4,6,236,34,14.9,16.1,18.4,18.1,15.833333333333337,18.72857142857143,20.5
2020-08-24 00:00:00+05:30,11.4,16.742857142857144,2020,8,15.2,0,237,35,16.5,14.9,16.1,25.3,14.266666666666673,16.742857142857144,19.528571428571432
2020-08-25 00:00:00+05:30,15.2,15.628571428571428,2020,8,12.5,1,238,35,11.4,16.5,14.9,23.0,14.366666666666672,15.628571428571428,18.064285714285713
2020-08-26 00:00:00+05:30,12.5,15.0,2020,8,14.3,2,239,35,15.2,11.4,16.5,16.9,13.033333333333339,15.0,17.45
2020-08-27 00:00:00+05:30,14.3,14.414285714285715,2020,8,22.1,3,240,35,12.5,15.2,11.4,18.4,14.000000000000007,14.414285714285715,17.607142857142858
2020-08-28 00:00:00+05:30,22.1,15.271428571428572,2020,8,26.8,4,241,35,14.3,12.5,15.2,16.1,16.300000000000008,15.271428571428572,17.978571428571428
2020-08-29 00:00:00+05:30,26.8,16.97142857142857,2020,8,12.7,5,242,35,22.1,14.3,12.5,14.9,21.066666666666674,16.97142857142857,17.964285714285715
2020-08-30 00:00:00+05:30,12.7,16.428571428571427,2020,8,7.44,6,243,35,26.8,22.1,14.3,16.5,20.533333333333342,16.428571428571427,17.57857142857143
2020-08-31 00:00:00+05:30,7.44,15.862857142857141,2020,8,14.8,0,244,36,12.7,26.8,22.1,11.4,15.646666666666674,15.862857142857141,16.302857142857142
2020-09-01 00:00:00+05:30,14.8,15.805714285714288,2020,9,16.7,1,245,36,7.44,12.7,26.8,15.2,11.646666666666675,15.805714285714288,15.717142857142857
2020-09-02 00:00:00+05:30,16.7,16.405714285714286,2020,9,30.3,2,246,36,14.8,7.44,12.7,12.5,12.98000000000001,16.405714285714286,15.702857142857143
2020-09-03 00:00:00+05:30,30.3,18.69142857142857,2020,9,39.6,3,247,36,16.7,14.8,7.44,14.3,20.60000000000001,18.69142857142857,16.552857142857142
2020-09-04 00:00:00+05:30,39.6,21.19142857142857,2020,9,17.0,4,248,36,30.3,16.7,14.8,22.1,28.866666666666674,21.19142857142857,18.231428571428573
2020-09-05 00:00:00+05:30,17.0,19.791428571428575,2020,9,23.8,5,249,36,39.6,30.3,16.7,26.8,28.966666666666672,19.791428571428575,18.381428571428575
2020-09-06 00:00:00+05:30,23.8,21.37714285714286,2020,9,45.0,6,250,36,17.0,39.6,30.3,12.7,26.800000000000008,21.37714285714286,18.902857142857147
2020-09-07 00:00:00+05:30,45.0,26.74285714285714,2020,9,28.2,0,251,37,23.8,17.0,39.6,7.44,28.600000000000005,26.74285714285714,21.302857142857142
2020-09-08 00:00:00+05:30,28.2,28.657142857142855,2020,9,49.6,1,252,37,45.0,23.8,17.0,14.8,32.333333333333336,28.657142857142855,22.231428571428573
2020-09-09 00:00:00+05:30,49.6,33.357142857142854,2020,9,50.8,2,253,37,28.2,45.0,23.8,16.7,40.93333333333334,33.357142857142854,24.881428571428575
2020-09-10 00:00:00+05:30,50.8,36.285714285714285,2020,9,56.8,3,254,37,49.6,28.2,45.0,30.3,42.866666666666674,36.285714285714285,27.48857142857143
2020-09-11 00:00:00+05:30,56.8,38.74285714285714,2020,9,52.2,4,255,37,50.8,49.6,28.2,39.6,52.4,38.74285714285714,29.967142857142854
2020-09-12 00:00:00+05:30,52.2,43.771428571428565,2020,9,59.9,5,256,37,56.8,50.8,49.6,17.0,53.26666666666667,43.771428571428565,31.781428571428567
2020-09-13 00:00:00+05:30,59.9,48.92857142857143,2020,9,67.9,6,257,37,52.2,56.8,50.8,23.8,56.300000000000004,48.92857142857143,35.152857142857144
2020-09-14 00:00:00+05:30,67.9,52.199999999999996,2020,9,57.2,0,258,38,59.9,52.2,56.8,45.0,60.0,52.199999999999996,39.471428571428575
2020-09-15 00:00:00+05:30,57.2,56.34285714285714,2020,9,60.3,1,259,38,67.9,59.9,52.2,28.2,61.666666666666664,56.34285714285714,42.5
2020-09-16 00:00:00+05:30,60.3,57.87142857142857,2020,9,41.1,2,260,38,57.2,67.9,59.9,49.6,61.800000000000004,57.87142857142857,45.614285714285714
2020-09-17 00:00:00+05:30,41.1,56.48571428571429,2020,9,37.3,3,261,38,60.3,57.2,67.9,50.8,52.86666666666667,56.48571428571429,46.38571428571429
2020-09-18 00:00:00+05:30,37.3,53.699999999999996,2020,9,51.7,4,262,38,41.1,60.3,57.2,56.8,46.23333333333333,53.699999999999996,46.221428571428575
2020-09-19 00:00:00+05:30,51.7,53.62857142857143,2020,9,59.5,5,263,38,37.3,41.1,60.3,52.2,43.36666666666667,53.62857142857143,48.7
2020-09-20 00:00:00+05:30,59.5,53.57142857142857,2020,9,58.8,6,264,38,51.7,37.3,41.1,59.9,49.5,53.57142857142857,51.25
2020-09-21 00:00:00+05:30,58.8,52.271428571428565,2020,9,29.3,0,265,39,59.5,51.7,37.3,67.9,56.666666666666664,52.271428571428565,52.23571428571428
2020-09-22 00:00:00+05:30,29.3,48.285714285714285,2020,9,22.9,1,266,39,58.8,59.5,51.7,57.2,49.199999999999996,48.285714285714285,52.31428571428571
2020-09-23 00:00:00+05:30,22.9,42.94285714285714,2020,9,32.4,2,267,39,29.3,58.8,59.5,60.3,37.0,42.94285714285714,50.40714285714286
2020-09-24 00:00:00+05:30,32.4,41.699999999999996,2020,9,50.7,3,268,39,22.9,29.3,58.8,41.1,28.2,41.699999999999996,49.09285714285715
2020-09-25 00:00:00+05:30,50.7,43.614285714285714,2020,9,53.3,4,269,39,32.4,22.9,29.3,37.3,35.333333333333336,43.614285714285714,48.65714285714285
2020-09-26 00:00:00+05:30,53.3,43.84285714285714,2020,9,32.1,5,270,39,50.7,32.4,22.9,51.7,45.46666666666667,43.84285714285714,48.73571428571429
2020-09-27 00:00:00+05:30,32.1,39.92857142857143,2020,9,66.3,6,271,39,53.3,50.7,32.4,59.5,45.366666666666674,39.92857142857143,46.75000000000001
2020-09-28 00:00:00+05:30,66.3,41.0,2020,9,64.9,0,272,40,32.1,53.3,50.7,58.8,50.56666666666666,41.0,46.635714285714286
2020-09-29 00:00:00+05:30,64.9,46.08571428571429,2020,9,54.6,1,273,40,66.3,32.1,53.3,29.3,54.43333333333334,46.08571428571429,47.18571428571429
2020-09-30 00:00:00+05:30,54.6,50.614285714285714,2020,9,56.1,2,274,40,64.9,66.3,32.1,22.9,61.93333333333334,50.614285714285714,46.778571428571425
2020-10-01 00:00:00+05:30,56.1,54.0,2020,10,66.3,3,275,40,54.6,64.9,66.3,32.4,58.53333333333334,54.0,47.85
2020-10-02 00:00:00+05:30,66.3,56.228571428571435,2020,10,75.8,4,276,40,56.1,54.6,64.9,50.7,59.0,56.228571428571435,49.92142857142857
2020-10-03 00:00:00+05:30,75.8,59.44285714285714,2020,10,78.8,5,277,40,66.3,56.1,54.6,53.3,66.06666666666666,59.44285714285714,51.642857142857146
2020-10-04 00:00:00+05:30,78.8,66.11428571428571,2020,10,67.0,6,278,40,75.8,66.3,56.1,32.1,73.63333333333333,66.11428571428571,53.021428571428565
2020-10-05 00:00:00+05:30,67.0,66.21428571428571,2020,10,67.9,0,279,41,78.8,75.8,66.3,66.3,73.86666666666666,66.21428571428571,53.607142857142854
2020-10-06 00:00:00+05:30,67.9,66.64285714285714,2020,10,82.4,1,280,41,67.0,78.8,75.8,64.9,71.23333333333333,66.64285714285714,56.364285714285714
2020-10-07 00:00:00+05:30,82.4,70.61428571428571,2020,10,74.2,2,281,41,67.9,67.0,78.8,54.6,72.43333333333334,70.61428571428571,60.61428571428571
2020-10-08 00:00:00+05:30,74.2,73.2,2020,10,82.2,3,282,41,82.4,67.9,67.0,56.1,74.83333333333333,73.2,63.6
2020-10-09 00:00:00+05:30,82.2,75.47142857142858,2020,10,92.4,4,283,41,74.2,82.4,67.9,66.3,79.60000000000001,75.47142857142858,65.85000000000001
2020-10-10 00:00:00+05:30,92.4,77.84285714285716,2020,10,90.0,5,284,41,82.2,74.2,82.4,75.8,82.93333333333334,77.84285714285716,68.64285714285714
2020-10-11 00:00:00+05:30,90.0,79.44285714285715,2020,10,110.0,6,285,41,92.4,82.2,74.2,78.8,88.2,79.44285714285715,72.77857142857142
2020-10-12 00:00:00+05:30,110.0,85.58571428571429,2020,10,116.0,0,286,42,90.0,92.4,82.2,67.0,97.46666666666665,85.58571428571429,75.89999999999999
2020-10-13 00:00:00+05:30,116.0,92.45714285714287,2020,10,112.0,1,287,42,110.0,90.0,92.4,67.9,105.33333333333333,92.45714285714287,79.55
2020-10-14 00:00:00+05:30,112.0,96.68571428571428,2020,10,132.0,2,288,42,116.0,110.0,90.0,82.4,112.66666666666667,96.68571428571428,83.64999999999999
2020-10-15 00:00:00+05:30,132.0,104.94285714285715,2020,10,95.3,3,289,42,112.0,116.0,110.0,74.2,120.0,104.94285714285715,89.07142857142857
2020-10-16 00:00:00+05:30,95.3,106.8142857142857,2020,10,119.0,4,290,42,132.0,112.0,116.0,82.2,113.10000000000001,106.8142857142857,91.14285714285714
2020-10-17 00:00:00+05:30,119.0,110.61428571428571,2020,10,108.0,5,291,42,95.3,132.0,112.0,92.4,115.43333333333334,110.61428571428571,94.22857142857143
2020-10-18 00:00:00+05:30,108.0,113.18571428571428,2020,10,106.0,6,292,42,119.0,95.3,132.0,90.0,107.43333333333334,113.18571428571428,96.31428571428572
2020-10-19 00:00:00+05:30,106.0,112.61428571428571,2020,10,97.8,0,293,43,108.0,119.0,95.3,110.0,111.0,112.61428571428571,99.10000000000001
2020-10-20 00:00:00+05:30,97.8,110.01428571428572,2020,10,91.7,1,294,43,106.0,108.0,119.0,116.0,103.93333333333332,110.01428571428572,101.23571428571428
2020-10-21 00:00:00+05:30,91.7,107.11428571428571,2020,10,141.0,2,295,43,97.8,106.0,108.0,112.0,98.5,107.11428571428571,101.89999999999999
2020-10-22 00:00:00+05:30,141.0,108.39999999999999,2020,10,193.0,3,296,43,91.7,97.8,106.0,132.0,110.16666666666667,108.39999999999999,106.67142857142856
2020-10-23 00:00:00+05:30,193.0,122.35714285714286,2020,10,161.0,4,297,43,141.0,91.7,97.8,95.3,141.9,122.35714285714286,114.58571428571429
2020-10-24 00:00:00+05:30,161.0,128.35714285714286,2020,10,163.0,5,298,43,193.0,141.0,91.7,119.0,165.0,128.35714285714286,119.48571428571428
2020-10-25 00:00:00+05:30,163.0,136.21428571428572,2020,10,185.0,6,299,43,161.0,193.0,141.0,108.0,172.33333333333334,136.21428571428572,124.7
2020-10-26 00:00:00+05:30,185.0,147.5,2020,10,166.0,0,300,44,163.0,161.0,193.0,106.0,169.66666666666666,147.5,130.05714285714285
2020-10-27 00:00:00+05:30,166.0,157.24285714285716,2020,10,160.0,1,301,44,185.0,163.0,161.0,97.8,171.33333333333334,157.24285714285716,133.62857142857143
2020-10-28 00:00:00+05:30,160.0,167.0,2020,10,223.0,2,302,44,166.0,185.0,163.0,91.7,170.33333333333334,167.0,137.05714285714285
2020-10-29 00:00:00+05:30,223.0,178.71428571428572,2020,10,223.0,3,303,44,160.0,166.0,185.0,141.0,183.0,178.71428571428572,143.55714285714285
2020-10-30 00:00:00+05:30,223.0,183.0,2020,10,266.0,4,304,44,223.0,160.0,166.0,193.0,202.0,183.0,152.67857142857142
2020-10-31 00:00:00+05:30,266.0,198.0,2020,10,242.0,5,305,44,223.0,223.0,160.0,161.0,237.33333333333334,198.0,163.17857142857142
2020-11-01 00:00:00+05:30,242.0,209.28571428571428,2020,11,135.0,6,306,44,266.0,223.0,223.0,163.0,243.66666666666666,209.28571428571428,172.75
2020-11-02 00:00:00+05:30,135.0,202.14285714285714,2020,11,156.0,0,307,45,242.0,266.0,223.0,185.0,214.33333333333334,202.14285714285714,174.82142857142858
2020-11-03 00:00:00+05:30,156.0,200.71428571428572,2020,11,354.0,1,308,45,135.0,242.0,266.0,166.0,177.66666666666666,200.71428571428572,178.97857142857143
2020-11-04 00:00:00+05:30,354.0,228.42857142857142,2020,11,273.0,2,309,45,156.0,135.0,242.0,160.0,215.0,228.42857142857142,197.71428571428572
2020-11-05 00:00:00+05:30,273.0,235.57142857142858,2020,11,224.0,3,310,45,354.0,156.0,135.0,223.0,261.0,235.57142857142858,207.14285714285714
2020-11-06 00:00:00+05:30,224.0,235.71428571428572,2020,11,320.0,4,311,45,273.0,354.0,156.0,223.0,283.6666666666667,235.71428571428572,209.35714285714286
2020-11-07 00:00:00+05:30,320.0,243.42857142857142,2020,11,307.0,5,312,45,224.0,273.0,354.0,266.0,272.3333333333333,243.42857142857142,220.71428571428572
2020-11-08 00:00:00+05:30,307.0,252.71428571428572,2020,11,549.0,6,313,45,320.0,224.0,273.0,242.0,283.6666666666667,252.71428571428572,231.0
2020-11-09 00:00:00+05:30,549.0,311.85714285714283,2020,11,487.0,0,314,46,307.0,320.0,224.0,135.0,392.0,311.85714285714283,257.0
2020-11-10 00:00:00+05:30,487.0,359.14285714285717,2020,11,120.0,1,315,46,549.0,307.0,320.0,156.0,447.6666666666667,359.14285714285717,279.92857142857144
2020-11-11 00:00:00+05:30,120.0,325.7142857142857,2020,11,159.0,2,316,46,487.0,549.0,307.0,354.0,385.3333333333333,325.7142857142857,277.07142857142856
2020-11-12 00:00:00+05:30,159.0,309.42857142857144,2020,11,161.0,3,317,46,120.0,487.0,549.0,273.0,255.33333333333334,309.42857142857144,272.5
2020-11-13 00:00:00+05:30,161.0,300.42857142857144,2020,11,360.0,4,318,46,159.0,120.0,487.0,224.0,146.66666666666666,300.42857142857144,268.07142857142856
2020-11-14 00:00:00+05:30,360.0,306.14285714285717,2020,11,306.0,5,319,46,161.0,159.0,120.0,320.0,226.66666666666666,306.14285714285717,274.7857142857143
2020-11-15 00:00:00+05:30,306.0,306.0,2020,11,93.9,6,320,46,360.0,161.0,159.0,307.0,275.6666666666667,306.0,279.35714285714283
2020-11-16 00:00:00+05:30,93.9,240.9857142857143,2020,11,80.2,0,321,47,306.0,360.0,161.0,549.0,253.29999999999998,240.9857142857143,276.4214285714286
2020-11-17 00:00:00+05:30,80.2,182.87142857142857,2020,11,112.0,1,322,47,93.9,306.0,360.0,487.0,160.03333333333333,182.87142857142857,271.00714285714287
2020-11-18 00:00:00+05:30,112.0,181.72857142857143,2020,11,127.0,2,323,47,80.2,93.9,306.0,120.0,95.36666666666667,181.72857142857143,253.72142857142856
2020-11-19 00:00:00+05:30,127.0,177.15714285714284,2020,11,135.0,3,324,47,112.0,80.2,93.9,159.0,106.39999999999999,177.15714285714284,243.29285714285714
2020-11-20 00:00:00+05:30,135.0,173.44285714285712,2020,11,130.0,4,325,47,127.0,112.0,80.2,161.0,124.66666666666667,173.44285714285712,236.93571428571428
2020-11-21 00:00:00+05:30,130.0,140.5857142857143,2020,11,138.0,5,326,47,135.0,127.0,112.0,360.0,130.66666666666666,140.5857142857143,223.3642857142857
2020-11-22 00:00:00+05:30,138.0,116.58571428571429,2020,11,147.0,6,327,47,130.0,135.0,127.0,306.0,134.33333333333334,116.58571428571429,211.29285714285714
2020-11-23 00:00:00+05:30,147.0,124.17142857142858,2020,11,235.0,0,328,48,138.0,130.0,135.0,93.9,138.33333333333334,124.17142857142858,182.57857142857142
2020-11-24 00:00:00+05:30,235.0,146.28571428571428,2020,11,272.0,1,329,48,147.0,138.0,130.0,80.2,173.33333333333334,146.28571428571428,164.57857142857142
2020-11-25 00:00:00+05:30,272.0,169.14285714285714,2020,11,167.0,2,330,48,235.0,147.0,138.0,112.0,218.0,169.14285714285714,175.43571428571428
2020-11-26 00:00:00+05:30,167.0,174.85714285714286,2020,11,81.2,3,331,48,272.0,235.0,147.0,127.0,224.66666666666666,174.85714285714286,176.00714285714284
2020-11-27 00:00:00+05:30,81.2,167.17142857142858,2020,11,118.0,4,332,48,167.0,272.0,235.0,135.0,173.4,167.17142857142858,170.30714285714288
2020-11-28 00:00:00+05:30,118.0,165.45714285714286,2020,11,118.0,5,333,48,81.2,167.0,272.0,130.0,122.06666666666666,165.45714285714286,153.02142857142857
2020-11-29 00:00:00+05:30,118.0,162.6,2020,11,163.0,6,334,48,118.0,81.2,167.0,138.0,105.73333333333333,162.6,139.59285714285713
2020-11-30 00:00:00+05:30,163.0,164.8857142857143,2020,11,215.0,0,335,49,118.0,118.0,81.2,147.0,133.0,164.8857142857143,144.5285714285714
2020-12-01 00:00:00+05:30,215.0,162.02857142857144,2020,12,216.0,1,336,49,163.0,118.0,118.0,235.0,165.33333333333334,162.02857142857144,154.15714285714287
2020-12-02 00:00:00+05:30,216.0,154.02857142857144,2020,12,214.0,2,337,49,215.0,163.0,118.0,272.0,198.0,154.02857142857144,161.58571428571432
2020-12-03 00:00:00+05:30,214.0,160.74285714285716,2020,12,232.0,3,338,49,216.0,215.0,163.0,167.0,215.0,160.74285714285716,167.8
2020-12-04 00:00:00+05:30,232.0,182.28571428571428,2020,12,254.0,4,339,49,214.0,216.0,215.0,81.2,220.66666666666666,182.28571428571428,174.72857142857146
2020-12-05 00:00:00+05:30,254.0,201.71428571428572,2020,12,224.0,5,340,49,232.0,214.0,216.0,118.0,233.33333333333334,201.71428571428572,183.58571428571432
2020-12-06 00:00:00+05:30,224.0,216.85714285714286,2020,12,299.0,6,341,49,254.0,232.0,214.0,118.0,236.66666666666666,216.85714285714286,189.72857142857146
2020-12-07 00:00:00+05:30,299.0,236.28571428571428,2020,12,195.0,0,342,50,224.0,254.0,232.0,163.0,259.0,236.28571428571428,200.58571428571432
2020-12-08 00:00:00+05:30,195.0,233.42857142857142,2020,12,181.0,1,343,50,299.0,224.0,254.0,215.0,239.33333333333334,233.42857142857142,197.72857142857146
2020-12-09 00:00:00+05:30,181.0,228.42857142857142,2020,12,128.0,2,344,50,195.0,299.0,224.0,216.0,225.0,228.42857142857142,191.22857142857146
2020-12-10 00:00:00+05:30,128.0,216.14285714285714,2020,12,146.0,3,345,50,181.0,195.0,299.0,214.0,168.0,216.14285714285714,188.44285714285715
2020-12-11 00:00:00+05:30,146.0,203.85714285714286,2020,12,86.5,4,346,50,128.0,181.0,195.0,232.0,151.66666666666666,203.85714285714286,193.07142857142858
2020-12-13 00:00:00+05:30,86.5,179.92857142857142,2020,12,87.0,6,348,50,146.0,128.0,181.0,254.0,120.16666666666667,179.92857142857142,190.82142857142858
2020-12-14 00:00:00+05:30,87.0,160.35714285714286,2020,12,128.0,0,349,51,86.5,146.0,128.0,224.0,106.5,160.35714285714286,188.60714285714286
2020-12-15 00:00:00+05:30,128.0,135.92857142857142,2020,12,130.0,1,350,51,87.0,86.5,146.0,299.0,100.5,135.92857142857142,186.10714285714286
2020-12-16 00:00:00+05:30,130.0,126.64285714285714,2020,12,148.0,2,351,51,128.0,87.0,86.5,195.0,115.0,126.64285714285714,180.03571428571428
2020-12-17 00:00:00+05:30,148.0,121.92857142857143,2020,12,134.0,3,352,51,130.0,128.0,87.0,181.0,135.33333333333334,121.92857142857143,175.17857142857142
2020-12-18 00:00:00+05:30,134.0,122.78571428571429,2020,12,197.0,4,353,51,148.0,130.0,128.0,128.0,137.33333333333334,122.78571428571429,169.46428571428572
2020-12-19 00:00:00+05:30,197.0,130.07142857142858,2020,12,183.0,5,354,51,134.0,148.0,130.0,146.0,159.66666666666666,130.07142857142858,166.96428571428572
2020-12-20 00:00:00+05:30,183.0,143.85714285714286,2020,12,181.0,6,355,51,197.0,134.0,148.0,86.5,171.33333333333334,143.85714285714286,161.89285714285714
2020-12-21 00:00:00+05:30,181.0,157.28571428571428,2020,12,293.0,0,356,52,183.0,197.0,134.0,87.0,187.0,157.28571428571428,158.82142857142858
2020-12-22 00:00:00+05:30,293.0,180.85714285714286,2020,12,349.0,1,357,52,181.0,183.0,197.0,128.0,219.0,180.85714285714286,158.39285714285714
2020-12-23 00:00:00+05:30,349.0,212.14285714285714,2020,12,335.0,2,358,52,293.0,181.0,183.0,130.0,274.3333333333333,212.14285714285714,169.39285714285714
2020-12-24 00:00:00+05:30,335.0,238.85714285714286,2020,12,212.0,3,359,52,349.0,293.0,181.0,148.0,325.6666666666667,238.85714285714286,180.39285714285714
2020-12-25 00:00:00+05:30,212.0,250.0,2020,12,205.0,4,360,52,335.0,349.0,293.0,134.0,298.6666666666667,250.0,186.39285714285714
2020-12-26 00:00:00+05:30,205.0,251.14285714285714,2020,12,270.0,5,361,52,212.0,335.0,349.0,197.0,250.66666666666666,251.14285714285714,190.60714285714286
2020-12-27 00:00:00+05:30,270.0,263.57142857142856,2020,12,96.5,6,362,52,205.0,212.0,335.0,183.0,229.0,263.57142857142856,203.71428571428572
2020-12-28 00:00:00+05:30,96.5,251.5,2020,12,128.0,0,363,53,270.0,205.0,212.0,181.0,190.5,251.5,204.39285714285714
2020-12-29 00:00:00+05:30,128.0,227.92857142857142,2020,12,168.0,1,364,53,96.5,270.0,205.0,293.0,164.83333333333334,227.92857142857142,204.39285714285714
2020-12-30 00:00:00+05:30,168.0,202.07142857142858,2020,12,253.0,2,365,53,128.0,96.5,270.0,349.0,130.83333333333334,202.07142857142858,207.10714285714286
2020-12-31 00:00:00+05:30,253.0,190.35714285714286,2020,12,392.0,3,366,53,168.0,128.0,96.5,335.0,183.0,190.35714285714286,214.60714285714286
2021-01-01 00:00:00+05:30,392.0,216.07142857142858,2021,1,401.0,4,1,53,253.0,168.0,128.0,212.0,271.0,216.07142857142858,233.03571428571428
2021-01-02 00:00:00+05:30,401.0,244.07142857142858,2021,1,125.0,5,2,53,392.0,253.0,168.0,205.0,348.6666666666667,244.07142857142858,247.60714285714286
2021-01-03 00:00:00+05:30,125.0,223.35714285714286,2021,1,85.8,6,3,53,401.0,392.0,253.0,270.0,306.0,223.35714285714286,243.46428571428572
2021-01-04 00:00:00+05:30,85.8,221.82857142857142,2021,1,68.2,0,4,1,125.0,401.0,392.0,96.5,203.9333333333333,221.82857142857142,236.66428571428574
2021-01-05 00:00:00+05:30,68.2,213.28571428571428,2021,1,129.0,1,5,1,85.8,125.0,401.0,128.0,93.0,213.28571428571428,220.60714285714286
2021-01-06 00:00:00+05:30,129.0,207.71428571428572,2021,1,128.0,2,6,1,68.2,85.8,125.0,168.0,94.33333333333333,207.71428571428572,204.89285714285714
2021-01-07 00:00:00+05:30,128.0,189.85714285714286,2021,1,159.0,3,7,1,129.0,68.2,85.8,253.0,108.39999999999999,189.85714285714286,190.10714285714286
2021-01-08 00:00:00+05:30,159.0,156.57142857142858,2021,1,163.0,4,8,1,128.0,129.0,68.2,392.0,138.66666666666666,156.57142857142858,186.32142857142858
2021-01-09 00:00:00+05:30,163.0,122.57142857142857,2021,1,145.0,5,9,1,159.0,128.0,129.0,401.0,150.0,122.57142857142857,183.32142857142858
2021-01-10 00:00:00+05:30,145.0,125.42857142857143,2021,1,135.0,6,10,1,163.0,159.0,128.0,125.0,155.66666666666666,125.42857142857143,174.39285714285714
2021-01-11 00:00:00+05:30,135.0,132.45714285714286,2021,1,197.0,0,11,2,145.0,163.0,159.0,85.8,147.66666666666666,132.45714285714286,177.14285714285714
2021-01-12 00:00:00+05:30,197.0,150.85714285714286,2021,1,250.0,1,12,2,135.0,145.0,163.0,68.2,159.0,150.85714285714286,182.07142857142858
2021-01-13 00:00:00+05:30,250.0,168.14285714285714,2021,1,423.0,2,13,2,197.0,135.0,145.0,129.0,194.0,168.14285714285714,187.92857142857142
2021-01-14 00:00:00+05:30,423.0,210.28571428571428,2021,1,410.0,3,14,2,250.0,197.0,135.0,128.0,290.0,210.28571428571428,200.07142857142858
2021-01-15 00:00:00+05:30,410.0,246.14285714285714,2021,1,291.0,4,15,2,423.0,250.0,197.0,159.0,361.0,246.14285714285714,201.35714285714286
2021-01-16 00:00:00+05:30,291.0,264.42857142857144,2021,1,254.0,5,16,2,410.0,423.0,250.0,163.0,374.6666666666667,264.42857142857144,193.5
2021-01-17 00:00:00+05:30,254.0,280.0,2021,1,223.0,6,17,2,291.0,410.0,423.0,145.0,318.3333333333333,280.0,202.71428571428572
2021-01-18 00:00:00+05:30,223.0,292.57142857142856,2021,1,297.0,0,18,3,254.0,291.0,410.0,135.0,256.0,292.57142857142856,212.5142857142857
2021-01-19 00:00:00+05:30,297.0,306.85714285714283,2021,1,147.0,1,19,3,223.0,254.0,291.0,197.0,258.0,306.85714285714283,228.85714285714286
2021-01-20 00:00:00+05:30,147.0,292.14285714285717,2021,1,147.0,2,20,3,297.0,223.0,254.0,250.0,222.33333333333334,292.14285714285717,230.14285714285714
2021-01-21 00:00:00+05:30,147.0,252.71428571428572,2021,1,223.0,3,21,3,147.0,297.0,223.0,423.0,197.0,252.71428571428572,231.5
2021-01-22 00:00:00+05:30,223.0,226.0,2021,1,185.0,4,22,3,147.0,147.0,297.0,410.0,172.33333333333334,226.0,236.07142857142858
2021-01-23 00:00:00+05:30,185.0,210.85714285714286,2021,1,240.0,5,23,3,223.0,147.0,147.0,291.0,185.0,210.85714285714286,237.64285714285714
2021-01-24 00:00:00+05:30,240.0,208.85714285714286,2021,1,182.0,6,24,3,185.0,223.0,147.0,254.0,216.0,208.85714285714286,244.42857142857142
2021-01-25 00:00:00+05:30,182.0,203.0,2021,1,175.0,0,25,4,240.0,185.0,223.0,223.0,202.33333333333334,203.0,247.78571428571428
2021-01-26 00:00:00+05:30,175.0,185.57142857142858,2021,1,183.0,1,26,4,182.0,240.0,185.0,297.0,199.0,185.57142857142858,246.21428571428572
2021-01-27 00:00:00+05:30,183.0,190.71428571428572,2021,1,258.0,2,27,4,175.0,182.0,240.0,147.0,180.0,190.71428571428572,241.42857142857142
2021-01-28 00:00:00+05:30,258.0,206.57142857142858,2021,1,206.0,3,28,4,183.0,175.0,182.0,147.0,205.33333333333334,206.57142857142858,229.64285714285714
2021-01-29 00:00:00+05:30,206.0,204.14285714285714,2021,1,152.0,4,29,4,258.0,183.0,175.0,223.0,215.66666666666666,204.14285714285714,215.07142857142858
2021-01-30 00:00:00+05:30,152.0,199.42857142857142,2021,1,114.0,5,30,4,206.0,258.0,183.0,185.0,205.33333333333334,199.42857142857142,205.14285714285714
2021-01-31 00:00:00+05:30,114.0,181.42857142857142,2021,1,308.0,6,31,4,152.0,206.0,258.0,240.0,157.33333333333334,181.42857142857142,195.14285714285714
2021-02-01 00:00:00+05:30,308.0,199.42857142857142,2021,2,213.0,0,32,5,114.0,152.0,206.0,182.0,191.33333333333334,199.42857142857142,201.21428571428572
2021-02-02 00:00:00+05:30,213.0,204.85714285714286,2021,2,179.0,1,33,5,308.0,114.0,152.0,175.0,211.66666666666666,204.85714285714286,195.21428571428572
2021-02-03 00:00:00+05:30,179.0,204.28571428571428,2021,2,155.0,2,34,5,213.0,308.0,114.0,183.0,233.33333333333334,204.28571428571428,197.5
2021-02-04 00:00:00+05:30,155.0,189.57142857142858,2021,2,73.7,3,35,5,179.0,213.0,308.0,258.0,182.33333333333334,189.57142857142858,198.07142857142858
2021-02-05 00:00:00+05:30,73.7,170.67142857142858,2021,2,119.0,4,36,5,155.0,179.0,213.0,206.0,135.9,170.67142857142858,187.40714285714287
2021-02-06 00:00:00+05:30,119.0,165.95714285714286,2021,2,137.0,5,37,5,73.7,155.0,179.0,152.0,115.89999999999999,165.95714285714286,182.69285714285715
2021-02-07 00:00:00+05:30,137.0,169.2428571428571,2021,2,183.0,6,38,5,119.0,73.7,155.0,114.0,109.89999999999999,169.2428571428571,175.33571428571426
2021-02-08 00:00:00+05:30,183.0,151.38571428571427,2021,2,195.0,0,39,6,137.0,119.0,73.7,308.0,146.33333333333334,151.38571428571427,175.40714285714284
2021-02-09 00:00:00+05:30,195.0,148.8142857142857,2021,2,141.0,1,40,6,183.0,137.0,119.0,213.0,171.66666666666666,148.8142857142857,176.83571428571426
2021-02-10 00:00:00+05:30,141.0,143.38571428571427,2021,2,188.0,2,41,6,195.0,183.0,137.0,179.0,173.0,143.38571428571427,173.83571428571426
2021-02-11 00:00:00+05:30,188.0,148.1,2021,2,229.0,3,42,6,141.0,195.0,183.0,155.0,174.66666666666666,148.1,168.83571428571426
2021-02-12 00:00:00+05:30,229.0,170.28571428571428,2021,2,169.0,4,43,6,188.0,141.0,195.0,73.7,186.0,170.28571428571428,170.47857142857143
2021-02-13 00:00:00+05:30,169.0,177.42857142857142,2021,2,191.0,5,44,6,229.0,188.0,141.0,119.0,195.33333333333334,177.42857142857142,171.69285714285712
2021-02-14 00:00:00+05:30,191.0,185.14285714285714,2021,2,199.0,6,45,6,169.0,229.0,188.0,137.0,196.33333333333334,185.14285714285714,177.19285714285712
2021-02-15 00:00:00+05:30,199.0,187.42857142857142,2021,2,175.0,0,46,7,191.0,169.0,229.0,183.0,186.33333333333334,187.42857142857142,169.40714285714284
2021-02-16 00:00:00+05:30,175.0,184.57142857142858,2021,2,157.0,1,47,7,199.0,191.0,169.0,195.0,188.33333333333334,184.57142857142858,166.69285714285712
2021-02-17 00:00:00+05:30,157.0,186.85714285714286,2021,2,136.0,2,48,7,175.0,199.0,191.0,141.0,177.0,186.85714285714286,165.12142857142857
2021-02-18 00:00:00+05:30,136.0,179.42857142857142,2021,2,182.0,3,49,7,157.0,175.0,199.0,188.0,156.0,179.42857142857142,163.7642857142857
2021-03-07 00:00:00+05:30,101.0,91.78571428571429,2021,3,107.0,6,66,9,109.0,98.2,106.0,47.7,102.73333333333333,91.78571428571429,94.63571428571429
2021-03-08 00:00:00+05:30,107.0,96.91428571428573,2021,3,145.0,0,67,10,101.0,109.0,98.2,71.1,105.66666666666667,96.91428571428573,95.13571428571429
2021-03-09 00:00:00+05:30,145.0,108.21428571428571,2021,3,74.8,1,68,10,107.0,101.0,109.0,65.9,117.66666666666667,108.21428571428571,99.70000000000002
2021-03-10 00:00:00+05:30,74.8,105.85714285714286,2021,3,111.0,2,69,10,145.0,107.0,101.0,91.3,108.93333333333334,105.85714285714286,98.42857142857143
2021-03-11 00:00:00+05:30,111.0,106.57142857142857,2021,3,60.9,3,70,10,74.8,145.0,107.0,106.0,110.26666666666667,106.57142857142857,95.85714285714286
2021-03-12 00:00:00+05:30,60.9,101.24285714285713,2021,3,80.7,4,71,10,111.0,74.8,145.0,98.2,82.23333333333333,101.24285714285713,88.85
2021-03-13 00:00:00+05:30,80.7,97.2,2021,3,102.0,5,72,10,60.9,111.0,74.8,109.0,84.2,97.2,90.68571428571428
2021-03-14 00:00:00+05:30,102.0,97.34285714285714,2021,3,91.1,6,73,10,80.7,60.9,111.0,101.0,81.2,97.34285714285714,94.5642857142857
2021-03-15 00:00:00+05:30,91.1,95.07142857142857,2021,3,122.0,0,74,11,102.0,80.7,60.9,107.0,91.26666666666667,95.07142857142857,95.99285714285715
2021-03-16 00:00:00+05:30,122.0,91.78571428571429,2021,3,110.0,1,75,11,91.1,102.0,80.7,145.0,105.03333333333335,91.78571428571429,100.0
2021-03-17 00:00:00+05:30,110.0,96.81428571428572,2021,3,109.0,2,76,11,122.0,91.1,102.0,74.8,107.7,96.81428571428572,101.33571428571427
2021-03-18 00:00:00+05:30,109.0,96.52857142857144,2021,3,96.6,3,77,11,110.0,122.0,91.1,111.0,113.66666666666667,96.52857142857144,101.54999999999998
2021-03-19 00:00:00+05:30,96.6,101.62857142857142,2021,3,114.0,4,78,11,109.0,110.0,122.0,60.9,105.2,101.62857142857142,101.43571428571428
2021-03-20 00:00:00+05:30,114.0,106.38571428571427,2021,3,97.5,5,79,11,96.6,109.0,110.0,80.7,106.53333333333335,106.38571428571427,101.79285714285713
2021-03-21 00:00:00+05:30,97.5,105.74285714285713,2021,3,73.1,6,80,11,114.0,96.6,109.0,102.0,102.7,105.74285714285713,101.54285714285713
2021-03-22 00:00:00+05:30,73.1,103.17142857142856,2021,3,71.1,0,81,12,97.5,114.0,96.6,91.1,94.86666666666667,103.17142857142856,99.12142857142855
2021-03-23 00:00:00+05:30,71.1,95.9,2021,3,58.6,1,82,12,73.1,97.5,114.0,122.0,80.56666666666666,95.9,93.84285714285714
2021-03-24 00:00:00+05:30,58.6,88.55714285714285,2021,3,48.3,2,83,12,71.1,73.1,97.5,110.0,67.6,88.55714285714285,92.68571428571428
2021-03-25 00:00:00+05:30,48.3,79.88571428571427,2021,3,76.2,3,84,12,58.6,71.1,73.1,109.0,59.333333333333336,79.88571428571427,88.20714285714284
2021-03-26 00:00:00+05:30,76.2,76.97142857142856,2021,3,79.4,4,85,12,48.3,58.6,71.1,96.6,61.03333333333333,76.97142857142856,89.3
2021-03-27 00:00:00+05:30,79.4,72.02857142857142,2021,3,74.6,5,86,12,76.2,48.3,58.6,114.0,67.96666666666667,72.02857142857142,89.20714285714287
2021-03-28 00:00:00+05:30,74.6,68.75714285714285,2021,3,84.3,6,87,12,79.4,76.2,48.3,97.5,76.73333333333333,68.75714285714285,87.25
2021-03-29 00:00:00+05:30,84.3,70.35714285714286,2021,3,80.0,0,88,13,74.6,79.4,76.2,73.1,79.43333333333334,70.35714285714286,86.76428571428572
2021-03-30 00:00:00+05:30,80.0,71.62857142857142,2021,3,61.2,1,89,13,84.3,74.6,79.4,71.1,79.63333333333333,71.62857142857142,83.7642857142857
2021-03-31 00:00:00+05:30,61.2,72.0,2021,3,39.2,2,90,13,80.0,84.3,74.6,58.6,75.16666666666667,72.0,80.27857142857142
2021-04-01 00:00:00+05:30,39.2,70.7,2021,4,62.3,3,91,13,61.2,80.0,84.3,48.3,60.133333333333326,70.7,75.29285714285713
2021-04-02 00:00:00+05:30,62.3,68.71428571428571,2021,4,33.9,4,92,13,39.2,61.2,80.0,76.2,54.23333333333333,68.71428571428571,72.84285714285714
2021-04-03 00:00:00+05:30,33.9,62.214285714285715,2021,4,59.2,5,93,13,62.3,39.2,61.2,79.4,45.13333333333333,62.214285714285715,67.12142857142857
2021-04-04 00:00:00+05:30,59.2,60.01428571428572,2021,4,76.9,6,94,13,33.9,62.3,39.2,74.6,51.800000000000004,60.01428571428572,64.38571428571429
2021-04-05 00:00:00+05:30,76.9,58.957142857142856,2021,4,124.0,0,95,14,59.2,33.9,62.3,84.3,56.666666666666664,58.957142857142856,64.65714285714286
2021-04-06 00:00:00+05:30,124.0,65.24285714285715,2021,4,65.0,1,96,14,76.9,59.2,33.9,80.0,86.7,65.24285714285715,68.43571428571428
2021-04-07 00:00:00+05:30,65.0,65.78571428571429,2021,4,47.4,2,97,14,124.0,76.9,59.2,61.2,88.63333333333334,65.78571428571429,68.89285714285714
2021-04-08 00:00:00+05:30,47.4,66.95714285714286,2021,4,79.4,3,98,14,65.0,124.0,76.9,39.2,78.8,66.95714285714286,68.82857142857144
2021-04-09 00:00:00+05:30,79.4,69.4,2021,4,72.5,4,99,14,47.4,65.0,124.0,62.3,63.93333333333334,69.4,69.05714285714285
2021-04-10 00:00:00+05:30,72.5,74.91428571428573,2021,4,69.3,5,100,14,79.4,47.4,65.0,33.9,66.43333333333334,74.91428571428573,68.56428571428572
2021-04-11 00:00:00+05:30,69.3,76.35714285714286,2021,4,112.0,6,101,14,72.5,79.4,47.4,59.2,73.73333333333333,76.35714285714286,68.18571428571428
2021-04-12 00:00:00+05:30,112.0,81.37142857142858,2021,4,96.8,0,102,15,69.3,72.5,79.4,76.9,84.60000000000001,81.37142857142858,70.16428571428573
2021-04-13 00:00:00+05:30,96.8,77.48571428571428,2021,4,64.9,1,103,15,112.0,69.3,72.5,124.0,92.7,77.48571428571428,71.36428571428571
2021-04-14 00:00:00+05:30,64.9,77.47142857142856,2021,4,79.5,2,104,15,96.8,112.0,69.3,65.0,91.23333333333333,77.47142857142856,71.62857142857142
2021-04-15 00:00:00+05:30,79.5,82.05714285714286,2021,4,66.8,3,105,15,64.9,96.8,112.0,47.4,80.39999999999999,82.05714285714286,74.50714285714285
2021-04-16 00:00:00+05:30,66.8,80.25714285714285,2021,4,36.2,4,106,15,79.5,64.9,96.8,79.4,70.39999999999999,80.25714285714285,74.82857142857142
2021-04-17 00:00:00+05:30,36.2,75.07142857142857,2021,4,49.7,5,107,15,66.8,79.5,64.9,72.5,60.833333333333336,75.07142857142857,74.99285714285715
2021-04-18 00:00:00+05:30,49.7,72.27142857142857,2021,4,66.7,6,108,15,36.2,66.8,79.5,69.3,50.9,72.27142857142857,74.31428571428572
2021-04-19 00:00:00+05:30,66.7,65.8,2021,4,57.3,0,109,16,49.7,36.2,66.8,112.0,50.866666666666674,65.8,73.58571428571429
2021-04-20 00:00:00+05:30,57.3,60.15714285714286,2021,4,38.3,1,110,16,66.7,49.7,36.2,96.8,57.9,60.15714285714286,68.82142857142857
2021-04-21 00:00:00+05:30,38.3,56.357142857142854,2021,4,41.1,2,111,16,57.3,66.7,49.7,64.9,54.1,56.357142857142854,66.91428571428571
2021-04-22 00:00:00+05:30,41.1,50.871428571428574,2021,4,40.6,3,112,16,38.3,57.3,66.7,79.5,45.56666666666666,50.871428571428574,66.46428571428571
2021-04-23 00:00:00+05:30,40.6,47.128571428571426,2021,4,30.2,4,113,16,41.1,38.3,57.3,66.8,40.0,47.128571428571426,63.692857142857136
2021-04-24 00:00:00+05:30,30.2,46.271428571428565,2021,4,97.1,5,114,16,40.6,41.1,38.3,36.2,37.300000000000004,46.271428571428565,60.67142857142858
2021-04-27 00:00:00+05:30,97.1,53.042857142857144,2021,4,173.0,1,117,17,30.2,40.6,41.1,49.7,55.96666666666667,53.042857142857144,62.65714285714286
2021-04-28 00:00:00+05:30,173.0,68.22857142857143,2021,4,149.0,2,118,17,97.1,30.2,40.6,66.7,100.10000000000001,68.22857142857143,67.01428571428572
2021-04-29 00:00:00+05:30,149.0,81.32857142857142,2021,4,110.0,3,119,17,173.0,97.1,30.2,57.3,139.70000000000002,81.32857142857142,70.74285714285715
2021-04-30 00:00:00+05:30,110.0,91.57142857142857,2021,4,96.8,4,120,17,149.0,173.0,97.1,38.3,144.0,91.57142857142857,73.96428571428571
2021-05-01 00:00:00+05:30,96.8,99.52857142857144,2021,5,77.3,5,121,17,110.0,149.0,173.0,41.1,118.60000000000001,99.52857142857144,75.2
2021-05-02 00:00:00+05:30,77.3,104.77142857142857,2021,5,120.0,6,122,17,96.8,110.0,149.0,40.6,94.7,104.77142857142857,75.95
2021-05-03 00:00:00+05:30,120.0,117.6,2021,5,62.8,0,123,18,77.3,96.8,110.0,30.2,98.03333333333335,117.6,81.93571428571428
2021-05-04 00:00:00+05:30,62.8,112.7,2021,5,63.5,1,124,18,120.0,77.3,96.8,97.1,86.69999999999999,112.7,82.87142857142855
2021-05-05 00:00:00+05:30,63.5,97.05714285714286,2021,5,61.4,2,125,18,62.8,120.0,77.3,173.0,82.10000000000001,97.05714285714286,82.64285714285714
2021-05-06 00:00:00+05:30,61.4,84.54285714285716,2021,5,56.2,3,126,18,63.5,62.8,120.0,149.0,62.56666666666666,84.54285714285716,82.93571428571428
2021-05-07 00:00:00+05:30,56.2,76.85714285714286,2021,5,52.0,4,127,18,61.4,63.5,62.8,110.0,60.36666666666667,76.85714285714286,84.21428571428571
2021-05-08 00:00:00+05:30,52.0,70.45714285714286,2021,5,55.5,5,128,18,56.2,61.4,63.5,96.8,56.53333333333333,70.45714285714286,84.99285714285715
2021-05-09 00:00:00+05:30,55.5,67.34285714285714,2021,5,49.8,6,129,18,52.0,56.2,61.4,77.3,54.56666666666666,67.34285714285714,86.05714285714285
2021-05-10 00:00:00+05:30,49.8,57.31428571428571,2021,5,45.6,0,130,19,55.5,52.0,56.2,120.0,52.43333333333334,57.31428571428571,87.45714285714287
2021-05-11 00:00:00+05:30,45.6,54.857142857142854,2021,5,35.4,1,131,19,49.8,55.5,52.0,62.8,50.300000000000004,54.857142857142854,83.77857142857142
2021-05-12 00:00:00+05:30,35.4,50.84285714285715,2021,5,35.2,2,132,19,45.6,49.8,55.5,63.5,43.6,50.84285714285715,73.95
2021-05-13 00:00:00+05:30,35.2,47.1,2021,5,55.5,3,133,19,35.4,45.6,49.8,61.4,38.73333333333333,47.1,65.82142857142857
2021-05-14 00:00:00+05:30,55.5,47.0,2021,5,45.0,4,134,19,35.2,35.4,45.6,56.2,42.03333333333333,47.0,61.92857142857143
2021-05-15 00:00:00+05:30,45.0,46.0,2021,5,51.9,5,135,19,55.5,35.2,35.4,52.0,45.23333333333333,46.0,58.22857142857142
2021-05-16 00:00:00+05:30,51.9,45.48571428571428,2021,5,73.4,6,136,19,45.0,55.5,35.2,55.5,50.800000000000004,45.48571428571428,56.41428571428572
2021-05-17 00:00:00+05:30,73.4,48.857142857142854,2021,5,23.0,0,137,20,51.9,45.0,55.5,49.8,56.76666666666667,48.857142857142854,53.08571428571429
2021-05-18 00:00:00+05:30,23.0,45.62857142857143,2021,5,20.6,1,138,20,73.4,51.9,45.0,45.6,49.43333333333334,45.62857142857143,50.24285714285714
2021-05-19 00:00:00+05:30,20.6,43.51428571428571,2021,5,24.5,2,139,20,23.0,73.4,51.9,35.4,39.0,43.51428571428571,47.17857142857143
2021-05-20 00:00:00+05:30,24.5,41.98571428571428,2021,5,23.7,3,140,20,20.6,23.0,73.4,35.2,22.7,41.98571428571428,44.542857142857144
2021-05-21 00:00:00+05:30,23.7,37.44285714285714,2021,5,20.4,4,141,20,24.5,20.6,23.0,55.5,22.933333333333334,37.44285714285714,42.221428571428575
2021-05-22 00:00:00+05:30,20.4,33.92857142857143,2021,5,42.6,5,142,20,23.7,24.5,20.6,45.0,22.866666666666664,33.92857142857143,39.964285714285715
2021-05-25 00:00:00+05:30,42.6,32.6,2021,5,60.3,1,145,21,20.4,23.7,24.5,51.9,28.900000000000002,32.6,39.042857142857144
2021-05-26 00:00:00+05:30,60.3,30.72857142857143,2021,5,39.6,2,146,21,42.6,20.4,23.7,73.4,41.1,30.72857142857143,39.792857142857144
2021-05-27 00:00:00+05:30,39.6,33.1,2021,5,31.0,3,147,21,60.3,42.6,20.4,23.0,47.5,33.1,39.364285714285714
2021-05-28 00:00:00+05:30,31.0,34.58571428571428,2021,5,18.1,4,148,21,39.6,60.3,42.6,20.6,43.63333333333333,34.58571428571428,39.050000000000004
2021-05-29 00:00:00+05:30,18.1,33.67142857142857,2021,5,18.7,5,149,21,31.0,39.6,60.3,24.5,29.566666666666666,33.67142857142857,37.82857142857143
2021-05-30 00:00:00+05:30,18.7,32.957142857142856,2021,5,38.8,6,150,21,18.1,31.0,39.6,23.7,22.599999999999998,32.957142857142856,35.2
2021-05-31 00:00:00+05:30,38.8,35.58571428571428,2021,5,23.0,0,151,22,18.7,18.1,31.0,20.4,25.2,35.58571428571428,34.75714285714286
2021-06-01 00:00:00+05:30,23.0,32.785714285714285,2021,6,48.1,1,152,22,38.8,18.7,18.1,42.6,26.833333333333332,32.785714285714285,32.69285714285714
2021-06-02 00:00:00+05:30,48.1,31.04285714285714,2021,6,57.3,2,153,22,23.0,38.8,18.7,60.3,36.63333333333333,31.04285714285714,30.885714285714283
2021-06-03 00:00:00+05:30,57.3,33.57142857142857,2021,6,44.5,3,154,22,48.1,23.0,38.8,39.6,42.79999999999999,33.57142857142857,33.33571428571428
2021-06-04 00:00:00+05:30,44.5,35.5,2021,6,42.5,4,155,22,57.3,48.1,23.0,31.0,49.96666666666666,35.5,35.042857142857144
2021-06-05 00:00:00+05:30,42.5,38.98571428571428,2021,6,36.0,5,156,22,44.5,57.3,48.1,18.1,48.1,38.98571428571428,36.32857142857143
2021-06-06 00:00:00+05:30,36.0,41.457142857142856,2021,6,53.6,6,157,22,42.5,44.5,57.3,18.7,40.99999999999999,41.457142857142856,37.207142857142856
2021-06-07 00:00:00+05:30,53.6,43.57142857142857,2021,6,61.6,0,158,23,36.0,42.5,44.5,38.8,44.03333333333333,43.57142857142857,39.57857142857143
2021-06-08 00:00:00+05:30,61.6,49.08571428571429,2021,6,33.0,1,159,23,53.6,36.0,42.5,23.0,50.4,49.08571428571429,40.93571428571429
2021-06-10 00:00:00+05:30,33.0,46.92857142857143,2021,6,38.6,3,161,23,61.6,53.6,36.0,48.1,49.4,46.92857142857143,38.98571428571429
2021-06-11 00:00:00+05:30,38.6,44.25714285714286,2021,6,34.8,4,162,23,33.0,61.6,53.6,57.3,44.4,44.25714285714286,38.91428571428571
2021-06-12 00:00:00+05:30,34.8,42.871428571428574,2021,6,36.7,5,163,23,38.6,33.0,61.6,44.5,35.46666666666667,42.871428571428574,39.18571428571429
2021-06-13 00:00:00+05:30,36.7,42.042857142857144,2021,6,34.0,6,164,23,34.8,38.6,33.0,42.5,36.699999999999996,42.042857142857144,40.51428571428571
2021-06-14 00:00:00+05:30,34.0,41.75714285714286,2021,6,29.1,0,165,24,36.7,34.8,38.6,36.0,35.166666666666664,41.75714285714286,41.607142857142854
2021-06-15 00:00:00+05:30,29.1,38.25714285714286,2021,6,28.3,1,166,24,34.0,36.7,34.8,53.6,33.266666666666666,38.25714285714286,40.91428571428571
2021-06-16 00:00:00+05:30,28.3,33.5,2021,6,35.8,2,167,24,29.1,34.0,36.7,61.6,30.466666666666665,33.5,41.292857142857144
2021-06-17 00:00:00+05:30,35.8,33.9,2021,6,29.3,3,168,24,28.3,29.1,34.0,33.0,31.066666666666663,33.9,40.41428571428571
2021-06-18 00:00:00+05:30,29.3,32.57142857142857,2021,6,21.8,4,169,24,35.8,28.3,29.1,38.6,31.13333333333333,32.57142857142857,38.41428571428571
2021-06-19 00:00:00+05:30,21.8,30.714285714285715,2021,6,25.2,5,170,24,29.3,35.8,28.3,34.8,28.966666666666658,30.714285714285715,36.792857142857144
2021-06-20 00:00:00+05:30,25.2,29.071428571428577,2021,6,35.5,6,171,24,21.8,29.3,35.8,36.7,25.433333333333326,29.071428571428577,35.55714285714286
2021-06-21 00:00:00+05:30,35.5,29.285714285714285,2021,6,41.8,0,172,25,25.2,21.8,29.3,34.0,27.499999999999996,29.285714285714285,35.52142857142857
2021-06-22 00:00:00+05:30,41.8,31.099999999999998,2021,6,75.2,1,173,25,35.5,25.2,21.8,29.1,34.16666666666666,31.099999999999998,34.67857142857143
2021-06-23 00:00:00+05:30,75.2,37.800000000000004,2021,6,51.2,2,174,25,41.8,35.5,25.2,28.3,50.833333333333336,37.800000000000004,35.65
2021-06-24 00:00:00+05:30,51.2,40.0,2021,6,47.1,3,175,25,75.2,41.8,35.5,35.8,56.06666666666666,40.0,36.949999999999996
2021-06-25 00:00:00+05:30,47.1,42.542857142857144,2021,6,41.3,4,176,25,51.2,75.2,41.8,29.3,57.833333333333336,42.542857142857144,37.55714285714286
2021-06-26 00:00:00+05:30,41.3,45.32857142857142,2021,6,70.0,5,177,25,47.1,51.2,75.2,21.8,46.53333333333333,45.32857142857142,38.02142857142858
2021-06-27 00:00:00+05:30,70.0,51.728571428571435,2021,6,63.4,6,178,25,41.3,47.1,51.2,25.2,52.79999999999999,51.728571428571435,40.4
2021-06-28 00:00:00+05:30,63.4,55.714285714285715,2021,6,74.2,0,179,26,70.0,41.3,47.1,35.5,58.23333333333333,55.714285714285715,42.5
2021-06-29 00:00:00+05:30,74.2,60.34285714285715,2021,6,68.0,1,180,26,63.4,70.0,41.3,41.8,69.2,60.34285714285715,45.72142857142857
2021-06-30 00:00:00+05:30,68.0,59.31428571428571,2021,6,27.0,2,181,26,74.2,63.4,70.0,75.2,68.53333333333333,59.31428571428571,48.55714285714286
2021-07-01 00:00:00+05:30,27.0,55.857142857142854,2021,7,57.4,3,182,26,68.0,74.2,63.4,51.2,56.4,55.857142857142854,47.92857142857143
2021-07-02 00:00:00+05:30,57.4,57.32857142857142,2021,7,37.1,4,183,26,27.0,68.0,74.2,47.1,50.800000000000004,57.32857142857142,49.93571428571429
2021-07-03 00:00:00+05:30,37.1,56.728571428571435,2021,7,46.9,5,184,26,57.4,27.0,68.0,41.3,40.5,56.728571428571435,51.02857142857143
2021-07-04 00:00:00+05:30,46.9,53.42857142857143,2021,7,41.4,6,185,26,37.1,57.4,27.0,70.0,47.13333333333333,53.42857142857143,52.57857142857143
2021-07-05 00:00:00+05:30,41.4,50.285714285714285,2021,7,41.5,0,186,27,46.9,37.1,57.4,63.4,41.8,50.285714285714285,53.0
2021-07-06 00:00:00+05:30,41.5,45.614285714285714,2021,7,55.1,1,187,27,41.4,46.9,37.1,74.2,43.26666666666667,45.614285714285714,52.978571428571435
2021-07-07 00:00:00+05:30,55.1,43.771428571428565,2021,7,45.2,2,188,27,41.5,41.4,46.9,68.0,46.0,43.771428571428565,51.542857142857144
2021-07-08 00:00:00+05:30,45.2,46.371428571428574,2021,7,46.1,3,189,27,55.1,41.5,41.4,27.0,47.26666666666667,46.371428571428574,51.114285714285714
2021-07-09 00:00:00+05:30,46.1,44.75714285714286,2021,7,36.7,4,190,27,45.2,55.1,41.5,57.4,48.800000000000004,44.75714285714286,51.042857142857144
2021-07-10 00:00:00+05:30,36.7,44.699999999999996,2021,7,26.4,5,191,27,46.1,45.2,55.1,37.1,42.666666666666664,44.699999999999996,50.714285714285715
2021-07-13 00:00:00+05:30,26.4,41.77142857142858,2021,7,28.6,1,194,28,36.7,46.1,45.2,46.9,36.4,41.77142857142858,47.6
2021-07-14 00:00:00+05:30,28.6,39.94285714285714,2021,7,44.5,2,195,28,26.4,36.7,46.1,41.4,30.566666666666666,39.94285714285714,45.114285714285714
2021-07-15 00:00:00+05:30,44.5,40.371428571428574,2021,7,35.3,3,196,28,28.6,26.4,36.7,41.5,33.166666666666664,40.371428571428574,42.99285714285715
2021-07-16 00:00:00+05:30,35.3,37.542857142857144,2021,7,40.7,4,197,28,44.5,28.6,26.4,55.1,36.13333333333333,37.542857142857144,40.65714285714286
2021-07-17 00:00:00+05:30,40.7,36.9,2021,7,28.2,5,198,28,35.3,44.5,28.6,45.2,40.166666666666664,36.9,41.63571428571429
2021-07-18 00:00:00+05:30,28.2,34.34285714285714,2021,7,11.4,6,199,28,40.7,35.3,44.5,46.1,34.733333333333334,34.34285714285714,39.55
2021-07-19 00:00:00+05:30,11.4,30.728571428571428,2021,7,27.6,0,200,29,28.2,40.7,35.3,36.7,26.766666666666666,30.728571428571428,37.714285714285715
2021-07-20 00:00:00+05:30,27.6,30.900000000000002,2021,7,34.0,1,201,29,11.4,28.2,40.7,26.4,22.400000000000002,30.900000000000002,36.33571428571429
2021-07-21 00:00:00+05:30,34.0,31.67142857142857,2021,7,26.4,2,202,29,27.6,11.4,28.2,28.6,24.333333333333332,31.67142857142857,35.80714285714286
2021-07-22 00:00:00+05:30,26.4,29.085714285714285,2021,7,26.4,3,203,29,34.0,27.6,11.4,44.5,29.333333333333332,29.085714285714285,34.72857142857143
2021-07-23 00:00:00+05:30,26.4,27.814285714285717,2021,7,33.8,4,204,29,26.4,34.0,27.6,35.3,28.933333333333334,27.814285714285717,32.67857142857143
2021-07-24 00:00:00+05:30,33.8,26.82857142857143,2021,7,33.7,5,205,29,26.4,26.4,34.0,40.7,28.866666666666664,26.82857142857143,31.86428571428571
2021-07-25 00:00:00+05:30,33.7,27.614285714285717,2021,7,19.5,6,206,29,33.8,26.4,26.4,28.2,31.3,27.614285714285717,30.97857142857143
2021-08-03 00:00:00+05:30,19.5,28.771428571428572,2021,8,17.3,1,215,31,33.7,33.8,26.4,11.4,29.0,28.771428571428572,29.75
2021-08-04 00:00:00+05:30,17.3,27.300000000000004,2021,8,29.4,2,216,31,19.5,33.7,33.8,27.6,23.5,27.300000000000004,29.099999999999998
2021-08-05 00:00:00+05:30,29.4,26.642857142857142,2021,8,46.0,3,217,31,17.3,19.5,33.7,34.0,22.066666666666666,26.642857142857142,29.157142857142855
2021-08-06 00:00:00+05:30,46.0,29.442857142857147,2021,8,39.0,4,218,31,29.4,17.3,19.5,26.4,30.900000000000002,29.442857142857147,29.264285714285716
2021-08-07 00:00:00+05:30,39.0,31.24285714285714,2021,8,51.4,5,219,31,46.0,29.4,17.3,26.4,38.13333333333333,31.24285714285714,29.528571428571432
2021-08-08 00:00:00+05:30,51.4,33.75714285714285,2021,8,49.2,6,220,31,39.0,46.0,29.4,33.8,45.46666666666667,33.75714285714285,30.292857142857144
2021-08-09 00:00:00+05:30,49.2,35.971428571428575,2021,8,34.4,0,221,32,51.4,39.0,46.0,33.7,46.53333333333333,35.971428571428575,31.79285714285714
2021-08-10 00:00:00+05:30,34.4,38.1,2021,8,26.3,1,222,32,49.2,51.4,39.0,19.5,45.0,38.1,33.43571428571429
2021-08-11 00:00:00+05:30,26.3,39.385714285714286,2021,8,28.1,2,223,32,34.4,49.2,51.4,17.3,36.63333333333333,39.385714285714286,33.34285714285714
2021-08-12 00:00:00+05:30,28.1,39.2,2021,8,28.4,3,224,32,26.3,34.4,49.2,29.4,29.599999999999998,39.2,32.92142857142857
2021-08-13 00:00:00+05:30,28.4,36.68571428571429,2021,8,26.8,4,225,32,28.1,26.3,34.4,46.0,27.599999999999998,36.68571428571429,33.06428571428572
2021-08-14 00:00:00+05:30,26.8,34.94285714285714,2021,8,28.1,5,226,32,28.4,28.1,26.3,39.0,27.76666666666667,34.94285714285714,33.09285714285714
2021-08-15 00:00:00+05:30,28.1,31.614285714285717,2021,8,33.7,6,227,32,26.8,28.4,28.1,51.4,27.766666666666666,31.614285714285717,32.68571428571429
2021-08-16 00:00:00+05:30,33.7,29.400000000000002,2021,8,43.1,0,228,33,28.1,26.8,28.4,49.2,29.533333333333335,29.400000000000002,32.68571428571428
2021-08-17 00:00:00+05:30,43.1,30.642857142857146,2021,8,51.2,1,229,33,33.7,28.1,26.8,34.4,34.96666666666667,30.642857142857146,34.371428571428574
2021-08-18 00:00:00+05:30,51.2,34.2,2021,8,68.6,2,230,33,43.1,33.7,28.1,26.3,42.666666666666664,34.2,36.792857142857144
2021-08-19 00:00:00+05:30,68.6,39.98571428571428,2021,8,37.9,3,231,33,51.2,43.1,33.7,28.1,54.29999999999999,39.98571428571428,39.59285714285714
2021-08-20 00:00:00+05:30,37.9,41.34285714285714,2021,8,20.1,4,232,33,68.6,51.2,43.1,28.4,52.56666666666666,41.34285714285714,39.01428571428571
2021-08-21 00:00:00+05:30,20.1,40.385714285714286,2021,8,31.6,5,233,33,37.9,68.6,51.2,26.8,42.199999999999996,40.385714285714286,37.66428571428571
2021-08-22 00:00:00+05:30,31.6,40.885714285714286,2021,8,28.4,6,234,33,20.1,37.9,68.6,28.1,29.866666666666664,40.885714285714286,36.25
2021-08-23 00:00:00+05:30,28.4,40.128571428571426,2021,8,40.2,0,235,34,31.6,20.1,37.9,33.7,26.7,40.128571428571426,34.76428571428572
2021-08-24 00:00:00+05:30,40.2,39.714285714285715,2021,8,30.5,1,236,34,28.4,31.6,20.1,43.1,33.4,39.714285714285715,35.17857142857143
2021-08-25 00:00:00+05:30,30.5,36.75714285714286,2021,8,27.1,2,237,34,40.2,28.4,31.6,51.2,33.03333333333333,36.75714285714286,35.47857142857143
2021-08-26 00:00:00+05:30,27.1,30.82857142857143,2021,8,39.4,3,238,34,30.5,40.2,28.4,68.6,32.6,30.82857142857143,35.40714285714286
2021-08-27 00:00:00+05:30,39.4,31.042857142857144,2021,8,44.4,4,239,34,27.1,30.5,40.2,37.9,32.333333333333336,31.042857142857144,36.19285714285714
2021-08-28 00:00:00+05:30,44.4,34.51428571428571,2021,8,44.5,5,240,34,39.4,27.1,30.5,20.1,36.96666666666667,34.51428571428571,37.45
2021-08-29 00:00:00+05:30,44.5,36.357142857142854,2021,8,16.0,6,241,34,44.4,39.4,27.1,31.6,42.76666666666667,36.357142857142854,38.621428571428574
2021-08-30 00:00:00+05:30,16.0,34.58571428571428,2021,8,18.4,0,242,35,44.5,44.4,39.4,28.4,34.96666666666667,34.58571428571428,37.357142857142854
2021-08-31 00:00:00+05:30,18.4,31.471428571428568,2021,8,20.0,1,243,35,16.0,44.5,44.4,40.2,26.3,31.471428571428568,35.59285714285714
2021-09-01 00:00:00+05:30,20.0,29.97142857142857,2021,9,24.5,2,244,35,18.4,16.0,44.5,30.5,18.133333333333333,29.97142857142857,33.364285714285714
2021-09-02 00:00:00+05:30,24.5,29.599999999999998,2021,9,20.4,3,245,35,20.0,18.4,16.0,27.1,20.966666666666665,29.599999999999998,30.214285714285715
2021-09-03 00:00:00+05:30,20.4,26.88571428571429,2021,9,20.2,4,246,35,24.5,20.0,18.4,39.4,21.633333333333336,26.88571428571429,28.964285714285715
2021-09-04 00:00:00+05:30,20.2,23.428571428571427,2021,9,33.7,5,247,35,20.4,24.5,20.0,44.4,21.7,23.428571428571427,28.971428571428568
2021-09-05 00:00:00+05:30,33.7,21.885714285714283,2021,9,40.7,6,248,35,20.2,20.4,24.5,44.5,24.766666666666666,21.885714285714283,29.12142857142857
2021-09-06 00:00:00+05:30,40.7,25.414285714285715,2021,9,39.8,0,249,36,33.7,20.2,20.4,16.0,31.53333333333333,25.414285714285715,30.0
2021-09-07 00:00:00+05:30,39.8,28.47142857142857,2021,9,21.1,1,250,36,40.7,33.7,20.2,18.4,38.06666666666666,28.47142857142857,29.971428571428568
2021-09-08 00:00:00+05:30,21.1,28.62857142857143,2021,9,26.1,2,251,36,39.8,40.7,33.7,20.0,33.86666666666667,28.62857142857143,29.3
2021-09-09 00:00:00+05:30,26.1,28.857142857142858,2021,9,28.9,3,252,36,21.1,39.8,40.7,24.5,29.0,28.857142857142858,29.22857142857143
2021-09-10 00:00:00+05:30,28.9,30.071428571428573,2021,9,17.7,4,253,36,26.1,21.1,39.8,20.4,25.366666666666664,30.071428571428573,28.478571428571428
2021-09-11 00:00:00+05:30,17.7,29.714285714285715,2021,9,22.5,5,254,36,28.9,26.1,21.1,20.2,24.23333333333333,29.714285714285715,26.571428571428573
2021-09-12 00:00:00+05:30,22.5,28.114285714285717,2021,9,33.2,6,255,36,17.7,28.9,26.1,33.7,23.03333333333333,28.114285714285717,25.0
2021-09-13 00:00:00+05:30,33.2,27.042857142857144,2021,9,26.1,0,256,37,22.5,17.7,28.9,40.7,24.46666666666667,27.042857142857144,26.228571428571428
2021-09-14 00:00:00+05:30,26.1,25.085714285714285,2021,9,16.0,1,257,37,33.2,22.5,17.7,39.8,27.266666666666666,25.085714285714285,26.77857142857143
2021-09-15 00:00:00+05:30,16.0,24.357142857142858,2021,9,18.7,2,258,37,26.1,33.2,22.5,21.1,25.099999999999998,24.357142857142858,26.49285714285714
2021-09-16 00:00:00+05:30,18.7,23.3,2021,9,19.6,3,259,37,16.0,26.1,33.2,26.1,20.266666666666666,23.3,26.078571428571426
2021-09-17 00:00:00+05:30,19.6,21.971428571428568,2021,9,30.3,4,260,37,18.7,16.0,26.1,28.9,18.099999999999998,21.971428571428568,26.021428571428572
2021-09-18 00:00:00+05:30,30.3,23.771428571428572,2021,9,24.9,5,261,37,19.6,18.7,16.0,17.7,22.866666666666664,23.771428571428572,26.74285714285714
2021-09-19 00:00:00+05:30,24.9,24.114285714285717,2021,9,25.5,6,262,37,30.3,19.6,18.7,22.5,24.933333333333326,24.114285714285717,26.114285714285717
2021-09-20 00:00:00+05:30,25.5,23.014285714285716,2021,9,27.9,0,263,38,24.9,30.3,19.6,33.2,26.899999999999995,23.014285714285716,25.02857142857143
2021-09-21 00:00:00+05:30,27.9,23.27142857142857,2021,9,24.4,1,264,38,25.5,24.9,30.3,26.1,26.099999999999994,23.27142857142857,24.178571428571427
2021-09-22 00:00:00+05:30,24.4,24.471428571428568,2021,9,21.6,2,265,38,27.9,25.5,24.9,16.0,25.933333333333326,24.471428571428568,24.414285714285715
2021-09-23 00:00:00+05:30,21.6,24.885714285714283,2021,9,20.8,3,266,38,24.4,27.9,25.5,18.7,24.63333333333333,24.885714285714283,24.092857142857145
2021-09-24 00:00:00+05:30,20.8,25.057142857142857,2021,9,39.0,4,267,38,21.6,24.4,27.9,19.6,22.266666666666666,25.057142857142857,23.514285714285712
2021-09-25 00:00:00+05:30,39.0,26.3,2021,9,31.3,5,268,38,20.8,21.6,24.4,30.3,27.133333333333336,26.3,25.035714285714285
2021-09-26 00:00:00+05:30,31.3,27.214285714285715,2021,9,49.1,6,269,38,39.0,20.8,21.6,24.9,30.366666666666664,27.214285714285715,25.664285714285715
2021-09-27 00:00:00+05:30,49.1,30.585714285714285,2021,9,45.0,0,270,39,31.3,39.0,20.8,25.5,39.800000000000004,30.585714285714285,26.800000000000004
2021-09-28 00:00:00+05:30,45.0,33.028571428571425,2021,9,30.2,1,271,39,49.1,31.3,39.0,27.9,41.800000000000004,33.028571428571425,28.150000000000002
2021-09-29 00:00:00+05:30,30.2,33.857142857142854,2021,9,29.1,2,272,39,45.0,49.1,31.3,24.4,41.43333333333334,33.857142857142854,29.164285714285715
2021-09-30 00:00:00+05:30,29.1,34.92857142857143,2021,9,42.1,3,273,39,30.2,45.0,49.1,21.6,34.766666666666666,34.92857142857143,29.907142857142855
2021-10-01 00:00:00+05:30,42.1,37.971428571428575,2021,10,49.7,4,274,39,29.1,30.2,45.0,20.8,33.800000000000004,37.971428571428575,31.514285714285712
2021-10-02 00:00:00+05:30,49.7,39.5,2021,10,30.0,5,275,39,42.1,29.1,30.2,39.0,40.300000000000004,39.5,32.9
2021-10-03 00:00:00+05:30,30.0,39.31428571428571,2021,10,28.5,6,276,39,49.7,42.1,29.1,31.3,40.6,39.31428571428571,33.26428571428571
2021-10-04 00:00:00+05:30,28.5,36.371428571428574,2021,10,36.9,0,277,40,30.0,49.7,42.1,49.1,36.06666666666667,36.371428571428574,33.47857142857143
2021-10-05 00:00:00+05:30,36.9,35.214285714285715,2021,10,46.2,1,278,40,28.5,30.0,49.7,45.0,31.8,35.214285714285715,34.121428571428574
2021-10-06 00:00:00+05:30,46.2,37.5,2021,10,64.0,2,279,40,36.9,28.5,30.0,30.2,37.199999999999996,37.5,35.67857142857143
2021-10-07 00:00:00+05:30,64.0,42.48571428571428,2021,10,70.9,3,280,40,46.2,36.9,28.5,29.1,49.03333333333333,42.48571428571428,38.707142857142856
2021-10-08 00:00:00+05:30,70.9,46.60000000000001,2021,10,66.8,4,281,40,64.0,46.2,36.9,42.1,60.36666666666667,46.60000000000001,42.285714285714285
2021-10-09 00:00:00+05:30,66.8,49.042857142857144,2021,10,51.3,5,282,40,70.9,64.0,46.2,49.7,67.23333333333333,49.042857142857144,44.271428571428565
2021-10-10 00:00:00+05:30,51.3,52.08571428571429,2021,10,50.4,6,283,40,66.8,70.9,64.0,30.0,63.0,52.08571428571429,45.699999999999996
2021-10-11 00:00:00+05:30,50.4,55.214285714285715,2021,10,73.6,0,284,41,51.3,66.8,70.9,28.5,56.166666666666664,55.214285714285715,45.792857142857144
2021-10-27 00:00:00+05:30,108.0,62.82857142857142,2021,10,131.0,2,300,43,67.6,39.5,60.0,99.0,71.7,62.82857142857142,74.29285714285713
2021-10-28 00:00:00+05:30,131.0,72.11428571428571,2021,10,142.0,3,301,43,108.0,67.6,39.5,66.0,102.2,72.11428571428571,79.22857142857141
2021-10-29 00:00:00+05:30,142.0,85.92857142857143,2021,10,102.0,4,302,43,131.0,108.0,67.6,45.3,127.0,85.92857142857143,82.81428571428572
2021-10-30 00:00:00+05:30,102.0,92.87142857142858,2021,10,130.0,5,303,43,142.0,131.0,108.0,53.4,125.0,92.87142857142858,78.81428571428572
2021-10-31 00:00:00+05:30,130.0,102.87142857142858,2021,10,112.0,6,304,43,102.0,142.0,131.0,60.0,124.66666666666667,102.87142857142858,79.17142857142858
2021-11-01 00:00:00+05:30,112.0,113.22857142857143,2021,11,127.0,0,305,44,130.0,102.0,142.0,39.5,114.66666666666667,113.22857142857143,86.29285714285713
2021-11-02 00:00:00+05:30,127.0,121.71428571428571,2021,11,147.0,1,306,44,112.0,130.0,102.0,67.6,123.0,121.71428571428571,91.62857142857145
2021-11-03 00:00:00+05:30,147.0,127.28571428571429,2021,11,303.0,2,307,44,127.0,112.0,130.0,108.0,128.66666666666666,127.28571428571429,95.05714285714286
2021-11-04 00:00:00+05:30,303.0,151.85714285714286,2021,11,383.0,3,308,44,147.0,127.0,112.0,131.0,192.33333333333334,151.85714285714286,111.9857142857143
2021-11-05 00:00:00+05:30,383.0,186.28571428571428,2021,11,335.0,4,309,44,303.0,147.0,127.0,142.0,277.6666666666667,186.28571428571428,136.10714285714286
2021-11-06 00:00:00+05:30,335.0,219.57142857142858,2021,11,252.0,5,310,44,383.0,303.0,147.0,102.0,340.3333333333333,219.57142857142858,156.22142857142856
2021-11-07 00:00:00+05:30,252.0,237.0,2021,11,241.0,6,311,44,335.0,383.0,303.0,130.0,323.3333333333333,237.0,169.93571428571428
2021-11-08 00:00:00+05:30,241.0,255.42857142857142,2021,11,263.0,0,312,45,252.0,335.0,383.0,112.0,276.0,255.42857142857142,184.32857142857142
2021-11-09 00:00:00+05:30,263.0,274.85714285714283,2021,11,217.0,1,313,45,241.0,252.0,335.0,127.0,252.0,274.85714285714283,198.28571428571428
2021-11-10 00:00:00+05:30,217.0,284.85714285714283,2021,11,280.0,2,314,45,263.0,241.0,252.0,147.0,240.33333333333334,284.85714285714283,206.07142857142858
2021-11-11 00:00:00+05:30,280.0,281.57142857142856,2021,11,409.0,3,315,45,217.0,263.0,241.0,303.0,253.33333333333334,281.57142857142856,216.71428571428572
2021-11-12 00:00:00+05:30,409.0,285.2857142857143,2021,11,290.0,4,316,45,280.0,217.0,263.0,383.0,302.0,285.2857142857143,235.78571428571428
2021-11-13 00:00:00+05:30,290.0,278.85714285714283,2021,11,158.0,5,317,45,409.0,280.0,217.0,335.0,326.3333333333333,278.85714285714283,249.21428571428572
2021-11-14 00:00:00+05:30,158.0,265.42857142857144,2021,11,187.0,6,318,45,290.0,409.0,280.0,252.0,285.6666666666667,265.42857142857144,251.21428571428572
2021-11-15 00:00:00+05:30,187.0,257.7142857142857,2021,11,253.0,0,319,46,158.0,290.0,409.0,241.0,211.66666666666666,257.7142857142857,256.57142857142856
2021-11-16 00:00:00+05:30,253.0,256.2857142857143,2021,11,190.0,1,320,46,187.0,158.0,290.0,263.0,199.33333333333334,256.2857142857143,265.57142857142856
2021-11-17 00:00:00+05:30,190.0,252.42857142857142,2021,11,175.0,2,321,46,253.0,187.0,158.0,217.0,210.0,252.42857142857142,268.64285714285717
2021-11-18 00:00:00+05:30,175.0,237.42857142857142,2021,11,225.0,3,322,46,190.0,253.0,187.0,280.0,206.0,237.42857142857142,259.5
2021-11-19 00:00:00+05:30,225.0,211.14285714285714,2021,11,204.0,4,323,46,175.0,190.0,253.0,409.0,196.66666666666666,211.14285714285714,248.21428571428572
2021-11-20 00:00:00+05:30,204.0,198.85714285714286,2021,11,197.0,5,324,46,225.0,175.0,190.0,290.0,201.33333333333334,198.85714285714286,238.85714285714286
2021-11-21 00:00:00+05:30,197.0,204.42857142857142,2021,11,153.0,6,325,46,204.0,225.0,175.0,158.0,208.66666666666666,204.42857142857142,234.92857142857142
2021-11-22 00:00:00+05:30,153.0,199.57142857142858,2021,11,138.0,0,326,47,197.0,204.0,225.0,187.0,184.66666666666666,199.57142857142858,228.64285714285714
2021-11-23 00:00:00+05:30,138.0,183.14285714285714,2021,11,194.0,1,327,47,153.0,197.0,204.0,253.0,162.66666666666666,183.14285714285714,219.71428571428572
2021-11-24 00:00:00+05:30,194.0,183.71428571428572,2021,11,249.0,2,328,47,138.0,153.0,197.0,190.0,161.66666666666666,183.71428571428572,218.07142857142858
2021-11-25 00:00:00+05:30,249.0,194.28571428571428,2021,11,258.0,3,329,47,194.0,138.0,153.0,175.0,193.66666666666666,194.28571428571428,215.85714285714286
2021-11-26 00:00:00+05:30,258.0,199.0,2021,11,215.0,4,330,47,249.0,194.0,138.0,225.0,233.66666666666666,199.0,205.07142857142858
2021-11-27 00:00:00+05:30,215.0,200.57142857142858,2021,11,288.0,5,331,47,258.0,249.0,194.0,204.0,240.66666666666666,200.57142857142858,199.71428571428572
2021-11-28 00:00:00+05:30,288.0,213.57142857142858,2021,11,204.0,6,332,47,215.0,258.0,249.0,197.0,253.66666666666666,213.57142857142858,209.0
2021-11-29 00:00:00+05:30,204.0,220.85714285714286,2021,11,182.0,0,333,48,288.0,215.0,258.0,153.0,235.66666666666666,220.85714285714286,210.21428571428572
2021-11-30 00:00:00+05:30,182.0,227.14285714285714,2021,11,220.0,1,334,48,204.0,288.0,215.0,138.0,224.66666666666666,227.14285714285714,205.14285714285714
2021-12-01 00:00:00+05:30,220.0,230.85714285714286,2021,12,301.0,2,335,48,182.0,204.0,288.0,194.0,202.0,230.85714285714286,207.28571428571428
2021-12-02 00:00:00+05:30,301.0,238.28571428571428,2021,12,215.0,3,336,48,220.0,182.0,204.0,249.0,234.33333333333334,238.28571428571428,216.28571428571428
2021-12-03 00:00:00+05:30,215.0,232.14285714285714,2021,12,166.0,4,337,48,301.0,220.0,182.0,258.0,245.33333333333334,232.14285714285714,215.57142857142858
2021-12-04 00:00:00+05:30,166.0,225.14285714285714,2021,12,148.0,5,338,48,215.0,301.0,220.0,215.0,227.33333333333334,225.14285714285714,212.85714285714286
2021-12-05 00:00:00+05:30,148.0,205.14285714285714,2021,12,154.0,6,339,48,166.0,215.0,301.0,288.0,176.33333333333334,205.14285714285714,209.35714285714286
2021-12-06 00:00:00+05:30,154.0,198.0,2021,12,116.0,0,340,49,148.0,166.0,215.0,204.0,156.0,198.0,209.42857142857142
2021-12-07 00:00:00+05:30,116.0,188.57142857142858,2021,12,119.0,1,341,49,154.0,148.0,166.0,182.0,139.33333333333334,188.57142857142858,207.85714285714286
2021-12-08 00:00:00+05:30,119.0,174.14285714285714,2021,12,149.0,2,342,49,116.0,154.0,148.0,220.0,129.66666666666666,174.14285714285714,202.5
2021-12-09 00:00:00+05:30,149.0,152.42857142857142,2021,12,155.0,3,343,49,119.0,116.0,154.0,301.0,128.0,152.42857142857142,195.35714285714286
2021-12-10 00:00:00+05:30,155.0,143.85714285714286,2021,12,115.0,4,344,49,149.0,119.0,116.0,215.0,141.0,143.85714285714286,188.0
2021-12-11 00:00:00+05:30,115.0,136.57142857142858,2021,12,117.0,5,345,49,155.0,149.0,119.0,166.0,139.66666666666666,136.57142857142858,180.85714285714286
2021-12-12 00:00:00+05:30,117.0,132.14285714285714,2021,12,154.0,6,346,49,115.0,155.0,149.0,148.0,129.0,132.14285714285714,168.64285714285714
2021-12-13 00:00:00+05:30,154.0,132.14285714285714,2021,12,203.0,0,347,50,117.0,115.0,155.0,154.0,128.66666666666666,132.14285714285714,165.07142857142858
2021-12-14 00:00:00+05:30,203.0,144.57142857142858,2021,12,196.0,1,348,50,154.0,117.0,115.0,116.0,158.0,144.57142857142858,166.57142857142858
2021-12-15 00:00:00+05:30,196.0,155.57142857142858,2021,12,211.0,2,349,50,203.0,154.0,117.0,119.0,184.33333333333334,155.57142857142858,164.85714285714286
2021-12-16 00:00:00+05:30,211.0,164.42857142857142,2021,12,163.0,3,350,50,196.0,203.0,154.0,149.0,203.33333333333334,164.42857142857142,158.42857142857142
2021-12-17 00:00:00+05:30,163.0,165.57142857142858,2021,12,158.0,4,351,50,211.0,196.0,203.0,155.0,190.0,165.57142857142858,154.71428571428572
2021-12-18 00:00:00+05:30,158.0,171.71428571428572,2021,12,146.0,5,352,50,163.0,211.0,196.0,115.0,177.33333333333334,171.71428571428572,154.14285714285714
2021-12-19 00:00:00+05:30,146.0,175.85714285714286,2021,12,181.0,6,353,50,158.0,163.0,211.0,117.0,155.66666666666666,175.85714285714286,154.0
2021-12-20 00:00:00+05:30,181.0,179.71428571428572,2021,12,227.0,0,354,51,146.0,158.0,163.0,154.0,161.66666666666666,179.71428571428572,155.92857142857142
2021-12-21 00:00:00+05:30,227.0,183.14285714285714,2021,12,268.0,1,355,51,181.0,146.0,158.0,203.0,184.66666666666666,183.14285714285714,163.85714285714286
2021-12-22 00:00:00+05:30,268.0,193.42857142857142,2021,12,332.0,2,356,51,227.0,181.0,146.0,196.0,225.33333333333334,193.42857142857142,174.5
2021-12-23 00:00:00+05:30,332.0,210.71428571428572,2021,12,280.0,3,357,51,268.0,227.0,181.0,211.0,275.6666666666667,210.71428571428572,187.57142857142858
2021-12-24 00:00:00+05:30,280.0,227.42857142857142,2021,12,351.0,4,358,51,332.0,268.0,227.0,163.0,293.3333333333333,227.42857142857142,196.5
2021-12-25 00:00:00+05:30,351.0,255.0,2021,12,369.0,5,359,51,280.0,332.0,268.0,158.0,321.0,255.0,213.35714285714286
2021-12-26 00:00:00+05:30,369.0,286.85714285714283,2021,12,123.0,6,360,51,351.0,280.0,332.0,146.0,333.3333333333333,286.85714285714283,231.35714285714286
2021-12-27 00:00:00+05:30,123.0,278.57142857142856,2021,12,128.0,0,361,52,369.0,351.0,280.0,181.0,281.0,278.57142857142856,229.14285714285714
2021-12-28 00:00:00+05:30,128.0,264.42857142857144,2021,12,127.0,1,362,52,123.0,369.0,351.0,227.0,206.66666666666666,264.42857142857144,223.78571428571428
2021-12-29 00:00:00+05:30,127.0,244.28571428571428,2021,12,154.0,2,363,52,128.0,123.0,369.0,268.0,126.0,244.28571428571428,218.85714285714286
2021-12-30 00:00:00+05:30,154.0,218.85714285714286,2021,12,204.0,3,364,52,127.0,128.0,123.0,332.0,136.33333333333334,218.85714285714286,214.78571428571428
2021-12-31 00:00:00+05:30,204.0,208.0,2021,12,227.0,4,365,52,154.0,127.0,128.0,280.0,161.66666666666666,208.0,217.71428571428572
2022-01-01 00:00:00+05:30,227.0,190.28571428571428,2022,1,270.0,5,1,52,204.0,154.0,127.0,351.0,195.0,190.28571428571428,222.64285714285714
2022-01-02 00:00:00+05:30,270.0,176.14285714285714,2022,1,248.0,6,2,52,227.0,204.0,154.0,369.0,233.66666666666666,176.14285714285714,231.5
2022-01-03 00:00:00+05:30,248.0,194.0,2022,1,205.0,0,3,1,270.0,227.0,204.0,123.0,248.33333333333334,194.0,236.28571428571428
2022-01-04 00:00:00+05:30,205.0,205.0,2022,1,278.0,1,4,1,248.0,270.0,227.0,128.0,241.0,205.0,234.71428571428572
2022-01-05 00:00:00+05:30,278.0,226.57142857142858,2022,1,123.0,2,5,1,205.0,248.0,270.0,127.0,243.66666666666666,226.57142857142858,235.42857142857142
2022-01-06 00:00:00+05:30,123.0,222.14285714285714,2022,1,78.6,3,6,1,278.0,205.0,248.0,154.0,202.0,222.14285714285714,220.5
2022-01-07 00:00:00+05:30,78.6,204.22857142857143,2022,1,47.4,4,7,1,123.0,278.0,205.0,204.0,159.86666666666667,204.22857142857143,206.1142857142857
2022-01-08 00:00:00+05:30,47.4,178.57142857142858,2022,1,46.1,5,8,1,78.6,123.0,278.0,227.0,83.0,178.57142857142858,184.42857142857142
2022-01-09 00:00:00+05:30,46.1,146.58571428571426,2022,1,107.0,6,9,1,47.4,78.6,123.0,270.0,57.36666666666667,146.58571428571426,161.3642857142857
2022-01-10 00:00:00+05:30,107.0,126.44285714285715,2022,1,115.0,0,10,2,46.1,47.4,78.6,248.0,66.83333333333333,126.44285714285715,160.22142857142856
2022-01-11 00:00:00+05:30,115.0,113.58571428571429,2022,1,125.0,1,11,2,107.0,46.1,47.4,205.0,89.36666666666667,113.58571428571429,159.29285714285714
2022-01-12 00:00:00+05:30,125.0,91.72857142857143,2022,1,249.0,2,12,2,115.0,107.0,46.1,278.0,115.66666666666667,91.72857142857143,159.15
2022-01-13 00:00:00+05:30,249.0,109.72857142857143,2022,1,226.0,3,13,2,125.0,115.0,107.0,123.0,163.0,109.72857142857143,165.93571428571428
2022-01-14 00:00:00+05:30,226.0,130.78571428571428,2022,1,162.0,4,14,2,249.0,125.0,115.0,78.6,200.0,130.78571428571428,167.50714285714284
2022-01-15 00:00:00+05:30,162.0,147.15714285714284,2022,1,163.0,5,15,2,226.0,249.0,125.0,47.4,212.33333333333334,147.15714285714284,162.8642857142857
2022-01-16 00:00:00+05:30,163.0,163.85714285714286,2022,1,201.0,6,16,2,162.0,226.0,249.0,46.1,183.66666666666666,163.85714285714286,155.22142857142856
2022-01-17 00:00:00+05:30,201.0,177.28571428571428,2022,1,219.0,0,17,3,163.0,162.0,226.0,107.0,175.33333333333334,177.28571428571428,151.8642857142857
2022-01-18 00:00:00+05:30,219.0,192.14285714285714,2022,1,204.0,1,18,3,201.0,163.0,162.0,115.0,194.33333333333334,192.14285714285714,152.8642857142857
2022-01-19 00:00:00+05:30,204.0,203.42857142857142,2022,1,274.0,2,19,3,219.0,201.0,163.0,125.0,208.0,203.42857142857142,147.57857142857142
2022-01-20 00:00:00+05:30,274.0,207.0,2022,1,204.0,3,20,3,204.0,219.0,201.0,249.0,232.33333333333334,207.0,158.36428571428573
2022-01-21 00:00:00+05:30,204.0,203.85714285714286,2022,1,151.0,4,21,3,274.0,204.0,219.0,226.0,227.33333333333334,203.85714285714286,167.32142857142858
2022-01-22 00:00:00+05:30,151.0,202.28571428571428,2022,1,120.0,5,22,3,204.0,274.0,204.0,162.0,209.66666666666666,202.28571428571428,174.7214285714286
2022-01-23 00:00:00+05:30,120.0,196.14285714285714,2022,1,99.5,6,23,3,151.0,204.0,274.0,163.0,158.33333333333334,196.14285714285714,180.0
2022-01-24 00:00:00+05:30,99.5,181.64285714285714,2022,1,123.0,0,24,4,120.0,151.0,204.0,201.0,123.5,181.64285714285714,179.46428571428572
2022-01-25 00:00:00+05:30,123.0,167.92857142857142,2022,1,122.0,1,25,4,99.5,120.0,151.0,219.0,114.16666666666667,167.92857142857142,180.03571428571428
2022-01-26 00:00:00+05:30,122.0,156.21428571428572,2022,1,168.0,2,26,4,123.0,99.5,120.0,204.0,114.83333333333333,156.21428571428572,179.82142857142858
2022-01-27 00:00:00+05:30,168.0,141.07142857142858,2022,1,104.0,3,27,4,122.0,123.0,99.5,274.0,137.66666666666666,141.07142857142858,174.03571428571428
2022-01-28 00:00:00+05:30,104.0,126.78571428571429,2022,1,127.0,4,28,4,168.0,122.0,123.0,204.0,131.33333333333334,126.78571428571429,165.32142857142858
2022-01-29 00:00:00+05:30,127.0,123.35714285714286,2022,1,154.0,5,29,4,104.0,168.0,122.0,151.0,133.0,123.35714285714286,162.82142857142858
2022-01-30 00:00:00+05:30,154.0,128.21428571428572,2022,1,225.0,6,30,4,127.0,104.0,168.0,120.0,128.33333333333334,128.21428571428572,162.17857142857142
2022-01-31 00:00:00+05:30,225.0,146.14285714285714,2022,1,226.0,0,31,5,154.0,127.0,104.0,99.5,168.66666666666666,146.14285714285714,163.89285714285714
2022-02-01 00:00:00+05:30,226.0,160.85714285714286,2022,2,175.0,1,32,5,225.0,154.0,127.0,123.0,201.66666666666666,160.85714285714286,164.39285714285714
2022-02-02 00:00:00+05:30,175.0,168.42857142857142,2022,2,174.0,2,33,5,226.0,225.0,154.0,122.0,208.66666666666666,168.42857142857142,162.32142857142858
2022-02-03 00:00:00+05:30,174.0,169.28571428571428,2022,2,55.5,3,34,5,175.0,226.0,225.0,168.0,191.66666666666666,169.28571428571428,155.17857142857142
2022-02-04 00:00:00+05:30,55.5,162.35714285714286,2022,2,118.0,4,35,5,174.0,175.0,226.0,104.0,134.83333333333334,162.35714285714286,144.57142857142858
2022-02-05 00:00:00+05:30,118.0,161.07142857142858,2022,2,106.0,5,36,5,55.5,174.0,175.0,127.0,115.83333333333333,161.07142857142858,142.21428571428572
2022-02-06 00:00:00+05:30,106.0,154.21428571428572,2022,2,116.0,6,37,5,118.0,55.5,174.0,154.0,93.16666666666667,154.21428571428572,141.21428571428572
2022-02-07 00:00:00+05:30,116.0,138.64285714285714,2022,2,115.0,0,38,6,106.0,118.0,55.5,225.0,113.33333333333333,138.64285714285714,142.39285714285714
2022-02-08 00:00:00+05:30,115.0,122.78571428571429,2022,2,95.7,1,39,6,116.0,106.0,118.0,226.0,112.33333333333333,122.78571428571429,141.82142857142858
2022-02-09 00:00:00+05:30,95.7,111.45714285714287,2022,2,77.8,2,40,6,115.0,116.0,106.0,175.0,108.89999999999999,111.45714285714287,139.94285714285715
2022-02-10 00:00:00+05:30,77.8,97.71428571428571,2022,2,78.3,3,41,6,95.7,115.0,116.0,174.0,96.16666666666667,97.71428571428571,133.5
2022-02-11 00:00:00+05:30,78.3,100.97142857142856,2022,2,79.5,4,42,6,77.8,95.7,115.0,55.5,83.93333333333334,100.97142857142856,131.6642857142857
2022-02-12 00:00:00+05:30,79.5,95.47142857142856,2022,2,109.0,5,43,6,78.3,77.8,95.7,118.0,78.53333333333335,95.47142857142856,128.27142857142857
2022-02-13 00:00:00+05:30,109.0,95.89999999999999,2022,2,76.5,6,44,6,79.5,78.3,77.8,106.0,88.93333333333334,95.89999999999999,125.05714285714285
2022-02-14 00:00:00+05:30,76.5,90.25714285714285,2022,2,77.9,0,45,7,109.0,79.5,78.3,116.0,88.33333333333333,90.25714285714285,114.45
2022-02-15 00:00:00+05:30,77.9,84.95714285714287,2022,2,110.0,1,46,7,76.5,109.0,79.5,115.0,87.8,84.95714285714287,103.87142857142858
2022-02-16 00:00:00+05:30,110.0,87.0,2022,2,102.0,2,47,7,77.9,76.5,109.0,95.7,88.13333333333333,87.0,99.22857142857143
2022-02-17 00:00:00+05:30,102.0,90.45714285714287,2022,2,105.0,3,48,7,110.0,77.9,76.5,77.8,96.63333333333333,90.45714285714287,94.08571428571429
2022-02-18 00:00:00+05:30,105.0,94.27142857142857,2022,2,74.8,4,49,7,102.0,110.0,77.9,78.3,105.66666666666667,94.27142857142857,97.62142857142858
2022-02-19 00:00:00+05:30,74.8,93.60000000000001,2022,2,81.5,5,50,7,105.0,102.0,110.0,79.5,93.93333333333334,93.60000000000001,94.53571428571429
2022-02-20 00:00:00+05:30,81.5,89.67142857142858,2022,2,64.9,6,51,7,74.8,105.0,102.0,109.0,87.10000000000001,89.67142857142858,92.78571428571429
2022-02-21 00:00:00+05:30,64.9,88.01428571428572,2022,2,86.1,0,52,8,81.5,74.8,105.0,76.5,73.73333333333333,88.01428571428572,89.13571428571429
2022-02-22 00:00:00+05:30,86.1,89.18571428571428,2022,2,110.0,1,53,8,64.9,81.5,74.8,77.9,77.5,89.18571428571428,87.07142857142857
2022-02-23 00:00:00+05:30,110.0,89.18571428571428,2022,2,136.0,2,54,8,86.1,64.9,81.5,110.0,87.0,89.18571428571428,88.09285714285714
2022-02-24 00:00:00+05:30,136.0,94.04285714285713,2022,2,136.0,3,55,8,110.0,86.1,64.9,102.0,110.7,94.04285714285713,92.25
2022-02-25 00:00:00+05:30,136.0,98.47142857142856,2022,2,28.7,4,56,8,136.0,110.0,86.1,105.0,127.33333333333333,98.47142857142856,96.37142857142858
2022-02-26 00:00:00+05:30,28.7,91.88571428571429,2022,2,30.0,5,57,8,136.0,136.0,110.0,74.8,100.23333333333333,91.88571428571429,92.74285714285715
2022-02-27 00:00:00+05:30,30.0,84.52857142857144,2022,2,39.4,6,58,8,28.7,136.0,136.0,81.5,64.89999999999999,84.52857142857144,87.10000000000001
2022-02-28 00:00:00+05:30,39.4,80.88571428571427,2022,2,81.8,0,59,9,30.0,28.7,136.0,64.9,32.699999999999996,80.88571428571427,84.45
2022-03-01 00:00:00+05:30,81.8,80.27142857142857,2022,3,104.0,1,60,9,39.4,30.0,28.7,86.1,50.4,80.27142857142857,84.72857142857143
2022-03-02 00:00:00+05:30,104.0,79.41428571428571,2022,3,67.3,2,61,9,81.8,39.4,30.0,110.0,75.06666666666666,79.41428571428571,84.3
2022-03-03 00:00:00+05:30,67.3,69.6,2022,3,78.3,3,62,9,104.0,81.8,39.4,136.0,84.36666666666667,69.6,81.82142857142857
2022-03-04 00:00:00+05:30,78.3,61.357142857142854,2022,3,50.9,4,63,9,67.3,104.0,81.8,136.0,83.2,61.357142857142854,79.91428571428571
2022-03-05 00:00:00+05:30,50.9,64.52857142857142,2022,3,69.1,5,64,9,78.3,67.3,104.0,28.7,65.5,64.52857142857142,78.20714285714287
2022-03-06 00:00:00+05:30,69.1,70.11428571428571,2022,3,88.0,6,65,9,50.9,78.3,67.3,30.0,66.1,70.11428571428571,77.32142857142857
2022-03-07 00:00:00+05:30,88.0,77.05714285714285,2022,3,108.0,0,66,10,69.1,50.9,78.3,39.4,69.33333333333333,77.05714285714285,78.97142857142856
2022-03-08 00:00:00+05:30,108.0,80.8,2022,3,55.2,1,67,10,88.0,69.1,50.9,81.8,88.36666666666667,80.8,80.53571428571429
2022-03-09 00:00:00+05:30,55.2,73.82857142857142,2022,3,59.5,2,68,10,108.0,88.0,69.1,104.0,83.73333333333333,73.82857142857142,76.62142857142858
2022-03-10 00:00:00+05:30,59.5,72.71428571428571,2022,3,77.8,3,69,10,55.2,108.0,88.0,67.3,74.23333333333333,72.71428571428571,71.15714285714286
2022-03-11 00:00:00+05:30,77.8,72.64285714285714,2022,3,74.7,4,70,10,59.5,55.2,108.0,78.3,64.16666666666667,72.64285714285714,67.0
2022-03-12 00:00:00+05:30,74.7,76.04285714285713,2022,3,81.2,5,71,10,77.8,59.5,55.2,50.9,70.66666666666667,76.04285714285713,70.28571428571428
2022-03-13 00:00:00+05:30,81.2,77.77142857142857,2022,3,104.0,6,72,10,74.7,77.8,59.5,69.1,77.9,77.77142857142857,73.94285714285714
2022-03-14 00:00:00+05:30,104.0,80.05714285714285,2022,3,108.0,0,73,11,81.2,74.7,77.8,88.0,86.63333333333333,80.05714285714285,78.55714285714285
2022-03-15 00:00:00+05:30,108.0,80.05714285714285,2022,3,86.4,1,74,11,104.0,81.2,74.7,108.0,97.73333333333335,80.05714285714285,80.42857142857143
2022-03-16 00:00:00+05:30,86.4,84.51428571428572,2022,3,106.0,2,75,11,108.0,104.0,81.2,55.2,99.46666666666665,84.51428571428572,79.17142857142858
2022-03-17 00:00:00+05:30,106.0,91.15714285714286,2022,3,119.0,3,76,11,86.4,108.0,104.0,59.5,100.13333333333333,91.15714285714286,81.9357142857143
2022-03-18 00:00:00+05:30,119.0,97.04285714285716,2022,3,92.7,4,77,11,106.0,86.4,108.0,77.8,103.8,97.04285714285716,84.84285714285716
2022-03-19 00:00:00+05:30,92.7,99.61428571428571,2022,3,83.2,5,78,11,119.0,106.0,86.4,74.7,105.89999999999999,99.61428571428571,87.82857142857142
2022-03-20 00:00:00+05:30,83.2,99.89999999999999,2022,3,117.0,6,79,11,92.7,119.0,106.0,81.2,98.3,99.89999999999999,88.83571428571429
2022-03-21 00:00:00+05:30,117.0,101.75714285714285,2022,3,71.9,0,80,12,83.2,92.7,119.0,104.0,97.63333333333333,101.75714285714285,90.90714285714286
2022-03-22 00:00:00+05:30,71.9,96.6,2022,3,77.0,1,81,12,117.0,83.2,92.7,108.0,90.7,96.6,88.32857142857144
2022-03-23 00:00:00+05:30,77.0,95.25714285714285,2022,3,71.8,2,82,12,71.9,117.0,83.2,86.4,88.63333333333333,95.25714285714285,89.88571428571429
2022-03-24 00:00:00+05:30,71.8,90.37142857142858,2022,3,76.9,3,83,12,77.0,71.9,117.0,106.0,73.56666666666666,90.37142857142858,90.76428571428572
2022-03-25 00:00:00+05:30,76.9,84.35714285714286,2022,3,85.0,4,84,12,71.8,77.0,71.9,119.0,75.23333333333333,84.35714285714286,90.70000000000002
2022-03-26 00:00:00+05:30,85.0,83.25714285714285,2022,3,71.4,5,85,12,76.9,71.8,77.0,92.7,77.89999999999999,83.25714285714285,91.4357142857143
2022-03-27 00:00:00+05:30,71.4,81.57142857142857,2022,3,115.0,6,86,12,85.0,76.9,71.8,83.2,77.76666666666667,81.57142857142857,90.73571428571428
2022-03-28 00:00:00+05:30,115.0,81.28571428571429,2022,3,72.9,0,87,13,71.4,85.0,76.9,117.0,90.46666666666668,81.28571428571429,91.52142857142857
2022-03-29 00:00:00+05:30,72.9,81.42857142857143,2022,3,91.7,1,88,13,115.0,71.4,85.0,71.9,86.43333333333334,81.42857142857143,89.01428571428572
2022-03-30 00:00:00+05:30,91.7,83.52857142857144,2022,3,121.0,2,89,13,72.9,115.0,71.4,77.0,93.2,83.52857142857144,89.39285714285714
2022-03-31 00:00:00+05:30,121.0,90.55714285714285,2022,3,72.7,3,90,13,91.7,72.9,115.0,71.8,95.2,90.55714285714285,90.46428571428571
2022-04-01 00:00:00+05:30,72.7,89.95714285714287,2022,4,95.6,4,91,13,121.0,91.7,72.9,76.9,95.13333333333334,89.95714285714287,87.15714285714286
2022-04-02 00:00:00+05:30,95.6,91.47142857142856,2022,4,86.9,5,92,13,72.7,121.0,91.7,85.0,96.43333333333334,91.47142857142856,87.36428571428573
2022-04-03 00:00:00+05:30,86.9,93.6857142857143,2022,4,96.7,6,93,13,95.6,72.7,121.0,71.4,85.06666666666666,93.6857142857143,87.62857142857145
2022-04-04 00:00:00+05:30,96.7,91.07142857142857,2022,4,101.0,0,94,14,86.9,95.6,72.7,115.0,93.06666666666668,91.07142857142857,86.17857142857143
2022-04-05 00:00:00+05:30,101.0,95.08571428571429,2022,4,101.0,1,95,14,96.7,86.9,95.6,72.9,94.86666666666667,95.08571428571429,88.25714285714285
2022-04-06 00:00:00+05:30,101.0,96.41428571428571,2022,4,118.0,2,96,14,101.0,96.7,86.9,91.7,99.56666666666668,96.41428571428571,89.97142857142856
2022-04-07 00:00:00+05:30,118.0,95.98571428571428,2022,4,83.0,3,97,14,101.0,101.0,96.7,121.0,106.66666666666667,95.98571428571428,93.27142857142857
2022-04-08 00:00:00+05:30,83.0,97.45714285714284,2022,4,82.8,4,98,14,118.0,101.0,101.0,72.7,100.66666666666667,97.45714285714284,93.70714285714284
2022-04-09 00:00:00+05:30,82.8,95.62857142857145,2022,4,94.7,5,99,14,83.0,118.0,101.0,95.6,94.60000000000001,95.62857142857145,93.55
2022-04-10 00:00:00+05:30,94.7,96.74285714285713,2022,4,94.4,6,100,14,82.8,83.0,118.0,86.9,86.83333333333333,96.74285714285713,95.21428571428571
2022-04-11 00:00:00+05:30,94.4,96.41428571428573,2022,4,75.2,0,101,15,94.7,82.8,83.0,96.7,90.63333333333333,96.41428571428573,93.74285714285715
2022-04-12 00:00:00+05:30,75.2,92.72857142857143,2022,4,92.8,1,102,15,94.4,94.7,82.8,101.0,88.10000000000001,92.72857142857143,93.90714285714286
2022-04-13 00:00:00+05:30,92.8,91.55714285714286,2022,4,71.3,2,103,15,75.2,94.4,94.7,101.0,87.46666666666665,91.55714285714286,93.98571428571428
2022-04-14 00:00:00+05:30,71.3,84.88571428571429,2022,4,62.1,3,104,15,92.8,75.2,94.4,118.0,79.76666666666667,84.88571428571429,90.43571428571428
2022-04-15 00:00:00+05:30,62.1,81.9,2022,4,84.8,4,105,15,71.3,92.8,75.2,83.0,75.4,81.9,89.67857142857143
2022-04-16 00:00:00+05:30,84.8,82.18571428571428,2022,4,95.3,5,106,15,62.1,71.3,92.8,82.8,72.73333333333333,82.18571428571428,88.90714285714286
2022-04-17 00:00:00+05:30,95.3,82.27142857142857,2022,4,91.5,6,107,15,84.8,62.1,71.3,94.7,80.73333333333333,82.27142857142857,89.50714285714285
2022-04-18 00:00:00+05:30,91.5,81.85714285714286,2022,4,111.0,0,108,16,95.3,84.8,62.1,94.4,90.53333333333332,81.85714285714286,89.13571428571429
2022-04-19 00:00:00+05:30,111.0,86.97142857142856,2022,4,95.5,1,109,16,91.5,95.3,84.8,75.2,99.26666666666667,86.97142857142856,89.85000000000001
2022-04-20 00:00:00+05:30,95.5,87.35714285714286,2022,4,86.3,2,110,16,111.0,91.5,95.3,92.8,99.33333333333333,87.35714285714286,89.45714285714287
2022-04-21 00:00:00+05:30,86.3,89.5,2022,4,60.1,3,111,16,95.5,111.0,91.5,71.3,97.59999999999998,89.5,87.19285714285715
2022-04-22 00:00:00+05:30,60.1,89.21428571428571,2022,4,102.0,4,112,16,86.3,95.5,111.0,62.1,80.63333333333333,89.21428571428571,85.55714285714286
2022-04-23 00:00:00+05:30,102.0,91.67142857142858,2022,4,128.0,5,113,16,60.1,86.3,95.5,84.8,82.8,91.67142857142858,86.92857142857143
2022-04-24 00:00:00+05:30,128.0,96.34285714285716,2022,4,93.6,6,114,16,102.0,60.1,86.3,95.3,96.7,96.34285714285716,89.30714285714286
2022-04-25 00:00:00+05:30,93.6,96.64285714285714,2022,4,94.8,0,115,17,128.0,102.0,60.1,91.5,107.86666666666667,96.64285714285714,89.25
2022-04-26 00:00:00+05:30,94.8,94.32857142857144,2022,4,150.0,1,116,17,93.6,128.0,102.0,111.0,105.46666666666665,94.32857142857144,90.64999999999999
2022-04-27 00:00:00+05:30,150.0,102.11428571428571,2022,4,161.0,2,117,17,94.8,93.6,128.0,95.5,112.8,102.11428571428571,94.73571428571428
2022-04-28 00:00:00+05:30,161.0,112.78571428571429,2022,4,121.0,3,118,17,150.0,94.8,93.6,86.3,135.26666666666665,112.78571428571429,101.14285714285714
2022-04-29 00:00:00+05:30,121.0,121.48571428571427,2022,4,105.0,4,119,17,161.0,150.0,94.8,60.1,144.0,121.48571428571427,105.35
2022-04-30 00:00:00+05:30,105.0,121.9142857142857,2022,4,73.0,5,120,17,121.0,161.0,150.0,102.0,129.0,121.9142857142857,106.79285714285713
2022-05-01 00:00:00+05:30,73.0,114.05714285714284,2022,5,66.1,6,121,17,105.0,121.0,161.0,128.0,99.66666666666667,114.05714285714284,105.2
2022-05-02 00:00:00+05:30,66.1,110.12857142857142,2022,5,88.3,0,122,18,73.0,105.0,121.0,93.6,81.36666666666666,110.12857142857142,103.38571428571427
2022-05-03 00:00:00+05:30,88.3,109.2,2022,5,71.7,1,123,18,66.1,73.0,105.0,94.8,75.8,109.2,101.76428571428572
2022-05-04 00:00:00+05:30,71.7,98.01428571428572,2022,5,63.6,2,124,18,88.3,66.1,73.0,150.0,75.36666666666666,98.01428571428572,100.0642857142857
2022-05-05 00:00:00+05:30,63.6,84.1,2022,5,109.0,3,125,18,71.7,88.3,66.1,161.0,74.53333333333332,84.1,98.44285714285715
2022-05-06 00:00:00+05:30,109.0,82.38571428571429,2022,5,67.8,4,126,18,63.6,71.7,88.3,121.0,81.43333333333332,82.38571428571429,101.93571428571428
2022-05-07 00:00:00+05:30,67.8,77.07142857142857,2022,5,76.8,5,127,18,109.0,63.6,71.7,105.0,80.13333333333333,77.07142857142857,99.49285714285713
2022-05-08 00:00:00+05:30,76.8,77.61428571428571,2022,5,61.9,6,128,18,67.8,109.0,63.6,73.0,84.53333333333332,77.61428571428571,95.83571428571429
2022-05-09 00:00:00+05:30,61.9,77.0142857142857,2022,5,63.9,0,129,19,76.8,67.8,109.0,66.1,68.83333333333333,77.0142857142857,93.57142857142857
2022-06-21 00:00:00+05:30,35.2,29.771428571428572,2022,6,45.5,1,172,25,35.2,31.5,27.9,53.4,33.96666666666666,29.771428571428572,45.57142857142857
2022-06-22 00:00:00+05:30,45.5,32.3,2022,6,51.3,2,173,25,35.2,35.2,31.5,27.8,38.633333333333326,32.3,45.107142857142854
2022-06-23 00:00:00+05:30,51.3,35.728571428571435,2022,6,61.6,3,174,25,45.5,35.2,35.2,27.3,43.99999999999999,35.728571428571435,44.107142857142854
2022-06-24 00:00:00+05:30,61.6,41.17142857142858,2022,6,66.7,4,175,25,51.3,45.5,35.2,23.5,52.79999999999999,41.17142857142858,42.87857142857143
2022-06-25 00:00:00+05:30,66.7,46.714285714285715,2022,6,69.1,5,176,25,61.6,51.3,45.5,27.9,59.86666666666665,46.714285714285715,43.06428571428571
2022-06-26 00:00:00+05:30,69.1,52.08571428571428,2022,6,48.6,6,177,25,66.7,61.6,51.3,31.5,65.8,52.08571428571428,43.0
2022-06-27 00:00:00+05:30,48.6,54.0,2022,6,62.8,0,178,26,69.1,66.7,61.6,35.2,61.46666666666665,54.0,43.18571428571429
2022-06-28 00:00:00+05:30,62.8,57.94285714285714,2022,6,55.3,1,179,26,48.6,69.1,66.7,35.2,60.16666666666666,57.94285714285714,43.857142857142854
2022-06-29 00:00:00+05:30,55.3,59.34285714285714,2022,6,32.1,2,180,26,62.8,48.6,69.1,45.5,55.566666666666656,59.34285714285714,45.82142857142857
2022-06-30 00:00:00+05:30,32.1,56.6,2022,6,22.9,3,181,26,55.3,62.8,48.6,51.3,50.06666666666666,56.6,46.16428571428571
2022-07-01 00:00:00+05:30,22.9,51.07142857142857,2022,7,31.6,4,182,26,32.1,55.3,62.8,61.6,36.76666666666665,51.07142857142857,46.121428571428574
2022-07-02 00:00:00+05:30,31.6,46.05714285714286,2022,7,20.4,5,183,26,22.9,32.1,55.3,66.7,28.866666666666656,46.05714285714286,46.38571428571429
2022-07-03 00:00:00+05:30,20.4,39.1,2022,7,51.6,6,184,26,31.6,22.9,32.1,69.1,24.966666666666658,39.1,45.59285714285715
2022-07-04 00:00:00+05:30,51.6,39.528571428571425,2022,7,54.1,0,185,27,20.4,31.6,22.9,48.6,34.533333333333324,39.528571428571425,46.76428571428572
2022-07-05 00:00:00+05:30,54.1,38.285714285714285,2022,7,44.0,1,186,27,51.6,20.4,31.6,62.8,42.033333333333324,38.285714285714285,48.11428571428571
2022-07-06 00:00:00+05:30,44.0,36.67142857142857,2022,7,33.6,2,187,27,54.1,51.6,20.4,55.3,49.9,36.67142857142857,48.00714285714285
2022-07-07 00:00:00+05:30,33.6,36.885714285714286,2022,7,28.5,3,188,27,44.0,54.1,51.6,32.1,43.9,36.885714285714286,46.74285714285714
2022-07-08 00:00:00+05:30,28.5,37.68571428571429,2022,7,36.7,4,189,27,33.6,44.0,54.1,22.9,35.36666666666665,37.68571428571429,44.378571428571426
2022-07-09 00:00:00+05:30,36.7,38.41428571428571,2022,7,27.0,5,190,27,28.5,33.6,44.0,31.6,32.93333333333333,38.41428571428571,42.23571428571429
2022-07-10 00:00:00+05:30,27.0,39.357142857142854,2022,7,34.1,6,191,27,36.7,28.5,33.6,20.4,30.73333333333333,39.357142857142854,39.228571428571435
2022-07-11 00:00:00+05:30,34.1,36.857142857142854,2022,7,20.3,0,192,28,27.0,36.7,28.5,51.6,32.599999999999994,36.857142857142854,38.19285714285714
2022-07-12 00:00:00+05:30,20.3,32.02857142857143,2022,7,30.0,1,193,28,34.1,27.0,36.7,54.1,27.133333333333326,32.02857142857143,35.15714285714286
2022-07-13 00:00:00+05:30,30.0,30.028571428571432,2022,7,25.3,2,194,28,20.3,34.1,27.0,44.0,28.133333333333326,30.028571428571432,33.35
2022-07-14 00:00:00+05:30,25.3,28.84285714285715,2022,7,21.7,3,195,28,30.0,20.3,34.1,33.6,25.19999999999999,28.84285714285715,32.864285714285714
2022-07-15 00:00:00+05:30,21.7,27.871428571428574,2022,7,20.5,4,196,28,25.3,30.0,20.3,28.5,25.666666666666657,27.871428571428574,32.77857142857143
2022-07-16 00:00:00+05:30,20.5,25.557142857142857,2022,7,23.0,5,197,28,21.7,25.3,30.0,36.7,22.49999999999999,25.557142857142857,31.985714285714288
2022-07-17 00:00:00+05:30,23.0,24.985714285714288,2022,7,33.0,6,198,28,20.5,21.7,25.3,27.0,21.733333333333324,24.985714285714288,32.17142857142857
2022-07-18 00:00:00+05:30,33.0,24.82857142857143,2022,7,33.5,0,199,29,23.0,20.5,21.7,34.1,25.49999999999999,24.82857142857143,30.842857142857145
2022-07-19 00:00:00+05:30,33.5,26.714285714285715,2022,7,11.1,1,200,29,33.0,23.0,20.5,20.3,29.833333333333325,26.714285714285715,29.37142857142857
2022-07-20 00:00:00+05:30,11.1,24.014285714285712,2022,7,32.4,2,201,29,33.5,33.0,23.0,30.0,25.866666666666656,24.014285714285712,27.021428571428572
2022-07-21 00:00:00+05:30,32.4,25.028571428571432,2022,7,46.5,3,202,29,11.1,33.5,33.0,25.3,25.666666666666657,25.028571428571432,26.935714285714287
2022-07-22 00:00:00+05:30,46.5,28.571428571428573,2022,7,22.3,4,203,29,32.4,11.1,33.5,21.7,29.99999999999999,28.571428571428573,28.22142857142857
2022-07-23 00:00:00+05:30,22.3,28.82857142857143,2022,7,19.4,5,204,29,46.5,32.4,11.1,20.5,33.73333333333333,28.82857142857143,27.192857142857143
2022-07-24 00:00:00+05:30,19.4,28.314285714285713,2022,7,19.5,6,205,29,22.3,46.5,32.4,23.0,29.39999999999999,28.314285714285713,26.650000000000002
2022-07-25 00:00:00+05:30,19.5,26.385714285714283,2022,7,23.4,0,206,30,19.4,22.3,46.5,33.0,20.39999999999999,26.385714285714283,25.607142857142858
2022-07-26 00:00:00+05:30,23.4,24.942857142857143,2022,7,21.8,1,207,30,19.5,19.4,22.3,33.5,20.766666666666655,24.942857142857143,25.82857142857143
2022-07-27 00:00:00+05:30,21.8,26.47142857142857,2022,7,15.9,2,208,30,23.4,19.5,19.4,11.1,21.566666666666652,26.47142857142857,25.24285714285714
2022-07-28 00:00:00+05:30,15.9,24.114285714285717,2022,7,15.0,3,209,30,21.8,23.4,19.5,32.4,20.366666666666656,24.114285714285717,24.571428571428573
2022-07-29 00:00:00+05:30,15.0,19.614285714285717,2022,7,15.5,4,210,30,15.9,21.8,23.4,46.5,17.56666666666666,19.614285714285717,24.092857142857145
2022-07-30 00:00:00+05:30,15.5,18.642857142857142,2022,7,18.4,5,211,30,15.0,15.9,21.8,22.3,15.466666666666656,18.642857142857142,23.735714285714288
2022-07-31 00:00:00+05:30,18.4,18.5,2022,7,17.3,6,212,30,15.5,15.0,15.9,19.4,16.29999999999999,18.5,23.407142857142855
2022-08-01 00:00:00+05:30,17.3,18.185714285714287,2022,8,21.9,0,213,31,18.4,15.5,15.0,19.5,17.06666666666666,18.185714285714287,22.285714285714285
2022-08-02 00:00:00+05:30,21.9,17.97142857142857,2022,8,37.6,1,214,31,17.3,18.4,15.5,23.4,19.19999999999999,17.97142857142857,21.457142857142856
2022-08-03 00:00:00+05:30,37.6,20.22857142857143,2022,8,41.1,2,215,31,21.9,17.3,18.4,21.8,25.599999999999994,20.22857142857143,23.349999999999998
2022-08-04 00:00:00+05:30,41.1,23.82857142857143,2022,8,28.3,3,216,31,37.6,21.9,17.3,15.9,33.533333333333324,23.82857142857143,23.97142857142857
2022-08-05 00:00:00+05:30,28.3,25.728571428571428,2022,8,45.3,4,217,31,41.1,37.6,21.9,15.0,35.66666666666666,25.728571428571428,22.67142857142857
2022-08-06 00:00:00+05:30,45.3,29.985714285714288,2022,8,35.6,5,218,31,28.3,41.1,37.6,15.5,38.23333333333333,29.985714285714288,24.314285714285713
2022-08-07 00:00:00+05:30,35.6,32.44285714285714,2022,8,34.2,6,219,31,45.3,28.3,41.1,18.4,36.399999999999984,32.44285714285714,25.47142857142857
2022-08-08 00:00:00+05:30,34.2,34.85714285714286,2022,8,37.2,0,220,32,35.6,45.3,28.3,17.3,38.36666666666665,34.85714285714286,26.521428571428572
2022-08-09 00:00:00+05:30,37.2,37.042857142857144,2022,8,18.8,1,221,32,34.2,35.6,45.3,21.9,35.66666666666666,37.042857142857144,27.507142857142856
2022-08-10 00:00:00+05:30,18.8,34.357142857142854,2022,8,13.4,2,222,32,37.2,34.2,35.6,37.6,30.066666666666663,34.357142857142854,27.292857142857144
2022-08-11 00:00:00+05:30,13.4,30.400000000000002,2022,8,16.6,3,223,32,18.8,37.2,34.2,41.1,23.133333333333326,30.400000000000002,27.114285714285717
2022-08-12 00:00:00+05:30,16.6,28.72857142857143,2022,8,23.6,4,224,32,13.4,18.8,37.2,28.3,16.26666666666666,28.72857142857143,27.228571428571428
2022-08-13 00:00:00+05:30,23.6,25.62857142857143,2022,8,19.4,5,225,32,16.6,13.4,18.8,45.3,17.86666666666666,25.62857142857143,27.807142857142857
2022-08-14 00:00:00+05:30,19.4,23.314285714285717,2022,8,15.1,6,226,32,23.6,16.6,13.4,35.6,19.86666666666666,23.314285714285717,27.87857142857143
2022-08-15 00:00:00+05:30,15.1,20.585714285714285,2022,8,13.4,0,227,33,19.4,23.6,16.6,34.2,19.366666666666656,20.585714285714285,27.72142857142857
2022-08-16 00:00:00+05:30,13.4,17.185714285714287,2022,8,9.23,1,228,33,15.1,19.4,23.6,37.2,15.96666666666666,17.185714285714287,27.114285714285717
2022-08-17 00:00:00+05:30,9.23,15.81857142857143,2022,8,17.2,2,229,33,13.4,15.1,19.4,18.8,12.576666666666659,15.81857142857143,25.087857142857143
2022-08-18 00:00:00+05:30,17.2,16.361428571428572,2022,8,12.8,3,230,33,9.23,13.4,15.1,13.4,13.276666666666657,16.361428571428572,23.380714285714284
2022-08-19 00:00:00+05:30,12.8,15.81857142857143,2022,8,26.3,4,231,33,17.2,9.23,13.4,16.6,13.076666666666659,15.81857142857143,22.273571428571433
2022-08-20 00:00:00+05:30,26.3,16.204285714285714,2022,8,39.8,5,232,33,12.8,17.2,9.23,23.6,18.76666666666666,16.204285714285714,20.916428571428575
2022-08-21 00:00:00+05:30,39.8,19.118571428571425,2022,8,29.5,6,233,33,26.3,12.8,17.2,19.4,26.299999999999994,19.118571428571425,21.21642857142857
2022-08-22 00:00:00+05:30,29.5,21.17571428571429,2022,8,21.1,0,234,34,39.8,26.3,12.8,15.1,31.866666666666656,21.17571428571429,20.880714285714287
2022-08-23 00:00:00+05:30,21.1,22.275714285714287,2022,8,15.8,1,235,34,29.5,39.8,26.3,13.4,30.133333333333326,22.275714285714287,19.73071428571429
2022-08-24 00:00:00+05:30,15.8,23.214285714285715,2022,8,24.0,2,236,34,21.1,29.5,39.8,9.23,22.133333333333326,23.214285714285715,19.51642857142857
2022-08-25 00:00:00+05:30,24.0,24.185714285714283,2022,8,26.1,3,237,34,15.8,21.1,29.5,17.2,20.299999999999994,24.185714285714283,20.273571428571426
2022-08-26 00:00:00+05:30,26.1,26.08571428571429,2022,8,28.4,4,238,34,24.0,15.8,21.1,12.8,21.966666666666658,26.08571428571429,20.952142857142857
2022-08-27 00:00:00+05:30,28.4,26.385714285714283,2022,8,32.1,5,239,34,26.1,24.0,15.8,26.3,26.166666666666657,26.385714285714283,21.294999999999998
2022-08-28 00:00:00+05:30,32.1,25.285714285714285,2022,8,39.7,6,240,34,28.4,26.1,24.0,39.8,28.86666666666666,25.285714285714285,22.202142857142857
2022-08-29 00:00:00+05:30,39.7,26.74285714285714,2022,8,40.5,0,241,35,32.1,28.4,26.1,29.5,33.39999999999999,26.74285714285714,23.959285714285716
2022-08-30 00:00:00+05:30,40.5,29.514285714285712,2022,8,37.8,1,242,35,39.7,32.1,28.4,21.1,37.43333333333333,29.514285714285712,25.895
2022-08-31 00:00:00+05:30,37.8,32.65714285714286,2022,8,37.3,2,243,35,40.5,39.7,32.1,15.8,39.33333333333332,32.65714285714286,27.935714285714287
2022-09-01 00:00:00+05:30,37.3,34.55714285714286,2022,9,35.5,3,244,35,37.8,40.5,39.7,24.0,38.533333333333324,34.55714285714286,29.37142857142857
2022-09-02 00:00:00+05:30,35.5,35.9,2022,9,26.5,4,245,35,37.3,37.8,40.5,26.1,36.86666666666665,35.9,30.992857142857144
2022-09-03 00:00:00+05:30,26.5,35.628571428571426,2022,9,18.0,5,246,35,35.5,37.3,37.8,28.4,33.09999999999999,35.628571428571426,31.00714285714286
2022-09-04 00:00:00+05:30,18.0,33.614285714285714,2022,9,14.4,6,247,35,26.5,35.5,37.3,32.1,26.666666666666657,33.614285714285714,29.45
2022-09-05 00:00:00+05:30,14.4,30.0,2022,9,28.9,0,248,36,18.0,26.5,35.5,39.7,19.633333333333322,30.0,28.37142857142857
2022-09-06 00:00:00+05:30,28.9,28.342857142857138,2022,9,37.1,1,249,36,14.4,18.0,26.5,40.5,20.433333333333323,28.342857142857138,28.928571428571427
2022-09-07 00:00:00+05:30,37.1,28.24285714285714,2022,9,52.1,2,250,36,28.9,14.4,18.0,37.8,26.799999999999994,28.24285714285714,30.45
2022-09-08 00:00:00+05:30,52.1,30.357142857142858,2022,9,52.1,3,251,36,37.1,28.9,14.4,37.3,39.36666666666665,30.357142857142858,32.45714285714286
2022-09-09 00:00:00+05:30,52.1,32.72857142857143,2022,9,46.7,4,252,36,52.1,37.1,28.9,35.5,47.099999999999994,32.72857142857143,34.31428571428571
2022-09-10 00:00:00+05:30,46.7,35.614285714285714,2022,9,28.1,5,253,36,52.1,52.1,37.1,26.5,50.29999999999999,35.614285714285714,35.621428571428574
2022-09-11 00:00:00+05:30,28.1,37.05714285714286,2022,9,17.4,6,254,36,46.7,52.1,52.1,18.0,42.29999999999999,37.05714285714286,35.33571428571428
2022-09-12 00:00:00+05:30,17.4,37.48571428571428,2022,9,12.9,0,255,37,28.1,46.7,52.1,14.4,30.73333333333333,37.48571428571428,33.74285714285715
2022-09-13 00:00:00+05:30,12.9,35.2,2022,9,12.6,1,256,37,17.4,28.1,46.7,28.9,19.466666666666658,35.2,31.771428571428572
2022-09-14 00:00:00+05:30,12.6,31.7,2022,9,13.3,2,257,37,12.9,17.4,28.1,37.1,14.29999999999999,31.7,29.97142857142857
2022-09-15 00:00:00+05:30,13.3,26.157142857142855,2022,9,9.63,3,258,37,12.6,12.9,17.4,52.1,12.933333333333323,26.157142857142855,28.257142857142856
2022-09-16 00:00:00+05:30,9.63,20.090000000000003,2022,9,27.9,4,259,37,13.3,12.6,12.9,52.1,11.843333333333325,20.090000000000003,26.409285714285716
2022-09-17 00:00:00+05:30,27.9,17.404285714285713,2022,9,36.5,5,260,37,9.63,13.3,12.6,46.7,16.943333333333324,17.404285714285713,26.509285714285713
2022-09-18 00:00:00+05:30,36.5,18.604285714285712,2022,9,65.2,6,261,37,27.9,9.63,13.3,28.1,24.67666666666666,18.604285714285712,27.830714285714286
2022-09-19 00:00:00+05:30,65.2,25.43285714285714,2022,9,42.2,0,262,38,36.5,27.9,9.63,17.4,43.19999999999999,25.43285714285714,31.459285714285716
2022-09-20 00:00:00+05:30,42.2,29.618571428571425,2022,9,34.9,1,263,38,65.2,36.5,27.9,12.9,47.96666666666666,29.618571428571425,32.40928571428571
2022-09-21 00:00:00+05:30,34.9,32.80428571428571,2022,9,21.6,2,264,38,42.2,65.2,36.5,12.6,47.43333333333333,32.80428571428571,32.25214285714286
2022-09-22 00:00:00+05:30,21.6,33.99,2022,9,25.0,3,265,38,34.9,42.2,65.2,13.3,32.89999999999999,33.99,30.073571428571427
2022-09-23 00:00:00+05:30,25.0,36.18571428571429,2022,9,25.1,4,266,38,21.6,34.9,42.2,9.63,27.166666666666657,36.18571428571429,28.137857142857143
2022-09-24 00:00:00+05:30,25.1,35.78571428571429,2022,9,20.9,5,267,38,25.0,21.6,34.9,27.9,23.89999999999999,35.78571428571429,26.595
2022-09-25 00:00:00+05:30,20.9,33.557142857142864,2022,9,42.4,6,268,38,25.1,25.0,21.6,36.5,23.666666666666657,33.557142857142864,26.080714285714286
2022-09-26 00:00:00+05:30,42.4,30.3,2022,9,35.2,0,269,39,20.9,25.1,25.0,65.2,29.466666666666658,30.3,27.86642857142857
2022-09-27 00:00:00+05:30,35.2,29.3,2022,9,46.4,1,270,39,42.4,20.9,25.1,42.2,32.83333333333332,29.3,29.459285714285716
2022-09-28 00:00:00+05:30,46.4,30.942857142857147,2022,9,57.8,2,271,39,35.2,42.4,20.9,34.9,41.33333333333332,30.942857142857147,31.873571428571427
2022-09-29 00:00:00+05:30,57.8,36.114285714285714,2022,9,70.0,3,272,39,46.4,35.2,42.4,21.6,46.46666666666666,36.114285714285714,35.05214285714286
2022-09-30 00:00:00+05:30,70.0,42.542857142857144,2022,9,74.4,4,273,39,57.8,46.4,35.2,25.0,58.06666666666666,42.542857142857144,39.36428571428571
2022-10-01 00:00:00+05:30,74.4,49.58571428571429,2022,10,61.9,5,274,39,70.0,57.8,46.4,25.1,67.39999999999999,49.58571428571429,42.68571428571429
2022-10-02 00:00:00+05:30,61.9,55.44285714285714,2022,10,36.2,6,275,39,74.4,70.0,57.8,20.9,68.76666666666667,55.44285714285714,44.5
2022-10-03 00:00:00+05:30,36.2,54.55714285714286,2022,10,54.4,0,276,40,61.9,74.4,70.0,42.4,57.5,54.55714285714286,42.42857142857143
2022-10-04 00:00:00+05:30,54.4,57.300000000000004,2022,10,83.7,1,277,40,36.2,61.9,74.4,35.2,50.833333333333336,57.300000000000004,43.300000000000004
2022-10-05 00:00:00+05:30,83.7,62.62857142857143,2022,10,12.1,2,278,40,54.4,36.2,61.9,46.4,58.099999999999994,62.62857142857143,46.785714285714285
2022-10-06 00:00:00+05:30,12.1,56.1,2022,10,14.5,3,279,40,83.7,54.4,36.2,57.8,50.06666666666666,56.1,46.107142857142854
2022-10-07 00:00:00+05:30,14.5,48.17142857142857,2022,10,9.65,4,280,40,12.1,83.7,54.4,70.0,36.76666666666666,48.17142857142857,45.357142857142854
2022-10-08 00:00:00+05:30,9.65,38.92142857142857,2022,10,6.23,5,281,40,14.5,12.1,83.7,74.4,12.083333333333329,38.92142857142857,44.253571428571426
2022-10-09 00:00:00+05:30,6.23,30.96857142857143,2022,10,10.9,6,282,40,9.65,14.5,12.1,61.9,10.126666666666662,30.96857142857143,43.205714285714286
2022-10-10 00:00:00+05:30,10.9,27.354285714285716,2022,10,28.6,0,283,41,6.23,9.65,14.5,36.2,8.926666666666662,27.354285714285716,40.955714285714286
2022-10-11 00:00:00+05:30,28.6,23.66857142857143,2022,10,58.6,1,284,41,10.9,6.23,9.65,54.4,15.24333333333333,23.66857142857143,40.48428571428571
2022-10-12 00:00:00+05:30,58.6,20.082857142857144,2022,10,43.7,2,285,41,28.6,10.9,6.23,83.7,32.699999999999996,20.082857142857144,41.355714285714285
2022-10-13 00:00:00+05:30,43.7,24.59714285714286,2022,10,66.6,3,286,41,58.6,28.6,10.9,12.1,43.633333333333326,24.59714285714286,40.34857142857144
2022-10-14 00:00:00+05:30,66.6,32.04,2022,10,87.4,4,287,41,43.7,58.6,28.6,14.5,56.29999999999999,32.04,40.105714285714285
2022-10-15 00:00:00+05:30,87.4,43.14714285714285,2022,10,92.2,5,288,41,66.6,43.7,58.6,9.65,65.89999999999999,43.14714285714285,41.034285714285716
2022-10-16 00:00:00+05:30,92.2,55.42857142857143,2022,10,97.4,6,289,41,87.4,66.6,43.7,6.23,82.06666666666666,55.42857142857143,43.198571428571434
2022-10-17 00:00:00+05:30,97.4,67.78571428571429,2022,10,90.3,0,290,42,92.2,87.4,66.6,10.9,92.33333333333333,67.78571428571429,47.57
2022-10-18 00:00:00+05:30,90.3,76.60000000000001,2022,10,73.0,1,291,42,97.4,92.2,87.4,28.6,93.3,76.60000000000001,50.134285714285724
2022-10-19 00:00:00+05:30,73.0,78.65714285714286,2022,10,79.8,2,292,42,90.3,97.4,92.2,58.6,86.89999999999999,78.65714285714286,49.370000000000005
2022-10-20 00:00:00+05:30,79.8,83.8142857142857,2022,10,105.0,3,293,42,73.0,90.3,97.4,43.7,81.03333333333332,83.8142857142857,54.205714285714286
2022-10-21 00:00:00+05:30,105.0,89.29999999999998,2022,10,110.0,4,294,42,79.8,73.0,90.3,66.6,85.93333333333332,89.29999999999998,60.67
2022-10-22 00:00:00+05:30,110.0,92.52857142857142,2022,10,114.0,5,295,42,105.0,79.8,73.0,87.4,98.26666666666665,92.52857142857142,67.83785714285715
2022-10-23 00:00:00+05:30,114.0,95.64285714285714,2022,10,203.0,6,296,42,110.0,105.0,79.8,92.2,109.66666666666664,95.64285714285714,75.53571428571429
2022-10-24 00:00:00+05:30,203.0,110.72857142857141,2022,10,106.0,0,297,43,114.0,110.0,105.0,97.4,142.33333333333331,110.72857142857141,89.25714285714287
2022-10-25 00:00:00+05:30,106.0,112.97142857142856,2022,10,126.0,1,298,43,203.0,114.0,110.0,90.3,140.99999999999997,112.97142857142856,94.78571428571429
2022-10-26 00:00:00+05:30,126.0,120.54285714285713,2022,10,162.0,2,299,43,106.0,203.0,114.0,73.0,144.99999999999997,120.54285714285713,99.60000000000001
2022-10-27 00:00:00+05:30,162.0,132.28571428571428,2022,10,185.0,3,300,43,126.0,106.0,203.0,79.8,131.33333333333331,132.28571428571428,108.05
2022-10-28 00:00:00+05:30,185.0,143.71428571428572,2022,10,218.0,4,301,43,162.0,126.0,106.0,105.0,157.66666666666666,143.71428571428572,116.50714285714285
2022-10-29 00:00:00+05:30,218.0,159.14285714285714,2022,10,169.0,5,302,43,185.0,162.0,126.0,110.0,188.33333333333334,159.14285714285714,125.83571428571429
2022-10-30 00:00:00+05:30,169.0,167.0,2022,10,218.0,6,303,43,218.0,185.0,162.0,114.0,190.66666666666666,167.0,131.32142857142858
2022-10-31 00:00:00+05:30,218.0,169.14285714285714,2022,10,230.0,0,304,44,169.0,218.0,185.0,203.0,201.66666666666666,169.14285714285714,139.93571428571428
2022-11-01 00:00:00+05:30,230.0,186.85714285714286,2022,11,212.0,1,305,44,218.0,169.0,218.0,106.0,205.66666666666666,186.85714285714286,149.91428571428574
2022-11-02 00:00:00+05:30,212.0,199.14285714285714,2022,11,379.0,2,306,44,230.0,218.0,169.0,126.0,220.0,199.14285714285714,159.84285714285716
2022-11-03 00:00:00+05:30,379.0,230.14285714285714,2022,11,313.0,3,307,44,212.0,230.0,218.0,162.0,273.6666666666667,230.14285714285714,181.21428571428572
2022-11-04 00:00:00+05:30,313.0,248.42857142857142,2022,11,189.0,4,308,44,379.0,212.0,230.0,185.0,301.3333333333333,248.42857142857142,196.07142857142858
2022-11-05 00:00:00+05:30,189.0,244.28571428571428,2022,11,165.0,5,309,44,313.0,379.0,212.0,218.0,293.6666666666667,244.28571428571428,201.71428571428572
2022-11-06 00:00:00+05:30,165.0,243.71428571428572,2022,11,161.0,6,310,44,189.0,313.0,379.0,169.0,222.33333333333334,243.71428571428572,205.35714285714286
2022-11-07 00:00:00+05:30,161.0,235.57142857142858,2022,11,243.0,0,311,45,165.0,189.0,313.0,218.0,171.66666666666666,235.57142857142858,202.35714285714286
2022-11-08 00:00:00+05:30,243.0,237.42857142857142,2022,11,83.7,1,312,45,161.0,165.0,189.0,230.0,189.66666666666666,237.42857142857142,212.14285714285714
2022-11-09 00:00:00+05:30,83.7,219.1,2022,11,122.0,2,313,45,243.0,161.0,165.0,212.0,162.56666666666663,219.1,209.1214285714286
2022-11-10 00:00:00+05:30,122.0,182.3857142857143,2022,11,229.0,3,314,45,83.7,243.0,161.0,379.0,149.56666666666663,182.3857142857143,206.2642857142857
2022-11-11 00:00:00+05:30,229.0,170.3857142857143,2022,11,202.0,4,315,45,122.0,83.7,243.0,313.0,144.89999999999998,170.3857142857143,209.40714285714284
2022-11-12 00:00:00+05:30,202.0,172.24285714285716,2022,11,160.0,5,316,45,229.0,122.0,83.7,189.0,184.33333333333334,172.24285714285716,208.2642857142857
2022-11-13 00:00:00+05:30,160.0,171.52857142857144,2022,11,112.0,6,317,45,202.0,229.0,122.0,165.0,197.0,171.52857142857144,207.62142857142857
2022-11-14 00:00:00+05:30,112.0,164.52857142857144,2022,11,89.6,0,318,46,160.0,202.0,229.0,161.0,157.99999999999997,164.52857142857144,200.04999999999998
2022-11-15 00:00:00+05:30,89.6,142.61428571428573,2022,11,114.0,1,319,46,112.0,160.0,202.0,243.0,120.5333333333333,142.61428571428573,190.02142857142854
2022-11-16 00:00:00+05:30,114.0,146.94285714285712,2022,11,132.0,2,320,46,89.6,112.0,160.0,83.7,105.19999999999997,146.94285714285712,183.02142857142857
2022-11-17 00:00:00+05:30,132.0,148.37142857142857,2022,11,157.0,3,321,46,114.0,89.6,112.0,122.0,111.86666666666663,148.37142857142857,165.37857142857143
2022-11-18 00:00:00+05:30,157.0,138.0857142857143,2022,11,136.0,4,322,46,132.0,114.0,89.6,229.0,134.33333333333331,138.0857142857143,154.2357142857143
2022-11-19 00:00:00+05:30,136.0,128.65714285714287,2022,11,170.0,5,323,46,157.0,132.0,114.0,202.0,141.66666666666666,128.65714285714287,150.45000000000002
2022-11-20 00:00:00+05:30,170.0,130.0857142857143,2022,11,150.0,6,324,46,136.0,157.0,132.0,160.0,154.33333333333331,130.0857142857143,150.80714285714288
2022-11-21 00:00:00+05:30,150.0,135.5142857142857,2022,11,120.0,0,325,47,170.0,136.0,157.0,112.0,151.99999999999997,135.5142857142857,150.02142857142857
2022-11-22 00:00:00+05:30,120.0,139.85714285714286,2022,11,121.0,1,326,47,150.0,170.0,136.0,89.6,146.66666666666666,139.85714285714286,141.2357142857143
2022-11-23 00:00:00+05:30,121.0,140.85714285714286,2022,11,101.0,2,327,47,120.0,150.0,170.0,114.0,130.33333333333331,140.85714285714286,143.9
2022-11-24 00:00:00+05:30,101.0,136.42857142857142,2022,11,128.0,3,328,47,121.0,120.0,150.0,132.0,113.99999999999999,136.42857142857142,142.4
2022-11-25 00:00:00+05:30,128.0,132.28571428571428,2022,11,191.0,4,329,47,101.0,121.0,120.0,157.0,116.66666666666664,132.28571428571428,135.18571428571428
2022-11-26 00:00:00+05:30,191.0,140.14285714285714,2022,11,179.0,5,330,47,128.0,101.0,121.0,136.0,139.99999999999997,140.14285714285714,134.4
2022-11-27 00:00:00+05:30,179.0,141.42857142857142,2022,11,178.0,6,331,47,191.0,128.0,101.0,170.0,165.99999999999997,141.42857142857142,135.75714285714284
2022-11-28 00:00:00+05:30,178.0,145.42857142857142,2022,11,217.0,0,332,48,179.0,191.0,128.0,150.0,182.66666666666666,145.42857142857142,140.47142857142856
2022-11-29 00:00:00+05:30,217.0,159.28571428571428,2022,11,182.0,1,333,48,178.0,179.0,191.0,120.0,191.33333333333334,159.28571428571428,149.57142857142858
2022-11-30 00:00:00+05:30,182.0,168.0,2022,11,209.0,2,334,48,217.0,178.0,179.0,121.0,192.33333333333334,168.0,154.42857142857142
2022-12-01 00:00:00+05:30,209.0,183.42857142857142,2022,12,168.0,3,335,48,182.0,217.0,178.0,101.0,202.66666666666666,183.42857142857142,159.92857142857142
2022-12-02 00:00:00+05:30,168.0,189.14285714285714,2022,12,196.0,4,336,48,209.0,182.0,217.0,128.0,186.33333333333334,189.14285714285714,160.71428571428572
2022-12-03 00:00:00+05:30,196.0,189.85714285714286,2022,12,223.0,5,337,48,168.0,209.0,182.0,191.0,191.0,189.85714285714286,165.0
2022-12-04 00:00:00+05:30,223.0,196.14285714285714,2022,12,178.0,6,338,48,196.0,168.0,209.0,179.0,195.66666666666666,196.14285714285714,168.78571428571428
2022-12-05 00:00:00+05:30,178.0,196.14285714285714,2022,12,215.0,0,339,49,223.0,196.0,168.0,178.0,199.0,196.14285714285714,170.78571428571428
2022-12-06 00:00:00+05:30,215.0,195.85714285714286,2022,12,138.0,1,340,49,178.0,223.0,196.0,217.0,205.33333333333334,195.85714285714286,177.57142857142858
2022-12-07 00:00:00+05:30,138.0,189.57142857142858,2022,12,137.0,2,341,49,215.0,178.0,223.0,182.0,177.0,189.57142857142858,178.78571428571428
2022-12-08 00:00:00+05:30,137.0,179.28571428571428,2022,12,169.0,3,342,49,138.0,215.0,178.0,209.0,163.33333333333331,179.28571428571428,181.35714285714286
2022-12-09 00:00:00+05:30,169.0,179.42857142857142,2022,12,206.0,4,343,49,137.0,138.0,215.0,168.0,147.99999999999997,179.42857142857142,184.28571428571428
2022-12-10 00:00:00+05:30,206.0,180.85714285714286,2022,12,142.0,5,344,49,169.0,137.0,138.0,196.0,170.66666666666666,180.85714285714286,185.35714285714286
2022-12-11 00:00:00+05:30,142.0,169.28571428571428,2022,12,93.0,6,345,49,206.0,169.0,137.0,223.0,172.33333333333334,169.28571428571428,182.71428571428572
2022-12-12 00:00:00+05:30,93.0,157.14285714285714,2022,12,69.3,0,346,50,142.0,206.0,169.0,178.0,146.99999999999997,157.14285714285714,176.64285714285714
2022-12-13 00:00:00+05:30,69.3,136.32857142857142,2022,12,81.9,1,347,50,93.0,142.0,206.0,215.0,101.43333333333332,136.32857142857142,166.09285714285716
2022-12-14 00:00:00+05:30,81.9,128.31428571428572,2022,12,89.5,2,348,50,69.3,93.0,142.0,138.0,81.39999999999998,128.31428571428572,158.94285714285712
2022-12-15 00:00:00+05:30,89.5,121.52857142857142,2022,12,102.0,3,349,50,81.9,69.3,93.0,137.0,80.2333333333333,121.52857142857142,150.40714285714284
2023-01-01 00:00:00+05:30,128.0,198.57142857142858,2023,1,269.0,6,1,52,193.0,299.0,190.0,202.0,206.66666666666666,198.57142857142858,213.5
2023-01-02 00:00:00+05:30,269.0,205.14285714285714,2023,1,281.0,0,2,1,128.0,193.0,299.0,223.0,196.66666666666666,205.14285714285714,216.07142857142858
2023-01-03 00:00:00+05:30,281.0,217.85714285714286,2023,1,214.0,1,3,1,269.0,128.0,193.0,192.0,226.0,217.85714285714286,218.5
2023-01-04 00:00:00+05:30,214.0,224.85714285714286,2023,1,245.0,2,4,1,281.0,269.0,128.0,165.0,254.66666666666666,224.85714285714286,217.85714285714286
2023-01-05 00:00:00+05:30,245.0,232.71428571428572,2023,1,311.0,3,5,1,214.0,281.0,269.0,190.0,246.66666666666666,232.71428571428572,218.5
2023-01-06 00:00:00+05:30,311.0,234.42857142857142,2023,1,295.0,4,6,1,245.0,214.0,281.0,299.0,256.6666666666667,234.42857142857142,220.07142857142858
2023-01-07 00:00:00+05:30,295.0,249.0,2023,1,299.0,5,7,1,311.0,245.0,214.0,193.0,283.6666666666667,249.0,229.07142857142858
2023-01-08 00:00:00+05:30,299.0,273.42857142857144,2023,1,449.0,6,8,1,295.0,311.0,245.0,128.0,301.6666666666667,273.42857142857144,236.0
2023-01-09 00:00:00+05:30,449.0,299.14285714285717,2023,1,300.0,0,9,2,299.0,295.0,311.0,269.0,347.6666666666667,299.14285714285717,252.14285714285714
2023-01-10 00:00:00+05:30,300.0,301.85714285714283,2023,1,197.0,1,10,2,449.0,299.0,295.0,281.0,349.3333333333333,301.85714285714283,259.85714285714283
2023-01-11 00:00:00+05:30,197.0,299.42857142857144,2023,1,202.0,2,11,2,300.0,449.0,299.0,214.0,315.3333333333333,299.42857142857144,262.14285714285717
2023-01-12 00:00:00+05:30,202.0,293.2857142857143,2023,1,126.0,3,12,2,197.0,300.0,449.0,245.0,233.0,293.2857142857143,263.0
2023-01-16 00:00:00+05:30,126.0,266.85714285714283,2023,1,153.0,0,16,3,202.0,197.0,300.0,311.0,175.0,266.85714285714283,250.64285714285714
2023-01-17 00:00:00+05:30,153.0,246.57142857142858,2023,1,175.0,1,17,3,126.0,202.0,197.0,295.0,160.33333333333331,246.57142857142858,247.78571428571428
2023-01-18 00:00:00+05:30,175.0,228.85714285714286,2023,1,223.0,2,18,3,153.0,126.0,202.0,299.0,151.33333333333331,228.85714285714286,251.14285714285714
2023-01-19 00:00:00+05:30,223.0,196.57142857142858,2023,1,96.5,3,19,3,175.0,153.0,126.0,449.0,183.66666666666666,196.57142857142858,247.85714285714286
2023-01-20 00:00:00+05:30,96.5,167.5,2023,1,198.0,4,20,3,223.0,175.0,153.0,300.0,164.83333333333331,167.5,234.67857142857142
2023-01-21 00:00:00+05:30,198.0,167.64285714285714,2023,1,353.0,5,21,3,96.5,223.0,175.0,197.0,172.5,167.64285714285714,233.53571428571428
2023-01-22 00:00:00+05:30,353.0,189.21428571428572,2023,1,136.0,6,22,3,198.0,96.5,223.0,202.0,215.83333333333334,189.21428571428572,241.25
2023-01-23 00:00:00+05:30,136.0,190.64285714285714,2023,1,89.1,0,23,4,353.0,198.0,96.5,126.0,229.0,190.64285714285714,228.75
2023-01-24 00:00:00+05:30,89.1,181.51428571428573,2023,1,95.1,1,24,4,136.0,353.0,198.0,153.0,192.69999999999996,181.51428571428573,214.04285714285717
2023-01-25 00:00:00+05:30,95.1,170.1,2023,1,157.0,2,25,4,89.1,136.0,353.0,175.0,106.7333333333333,170.1,199.47857142857146
2023-01-26 00:00:00+05:30,157.0,160.67142857142858,2023,1,101.0,3,26,4,95.1,89.1,136.0,223.0,113.7333333333333,160.67142857142858,178.62142857142857
2023-01-27 00:00:00+05:30,101.0,161.31428571428572,2023,1,121.0,4,27,4,157.0,95.1,89.1,96.5,117.69999999999997,161.31428571428572,164.40714285714284
2023-01-28 00:00:00+05:30,121.0,150.31428571428572,2023,1,176.0,5,28,4,101.0,157.0,95.1,198.0,126.3333333333333,150.31428571428572,158.97857142857143
2023-01-29 00:00:00+05:30,176.0,125.02857142857144,2023,1,68.2,6,29,4,121.0,101.0,157.0,353.0,132.66666666666666,125.02857142857144,157.12142857142857
2023-01-30 00:00:00+05:30,68.2,115.34285714285716,2023,1,90.2,0,30,5,176.0,121.0,101.0,136.0,121.7333333333333,115.34285714285716,152.99285714285716
2023-01-31 00:00:00+05:30,90.2,115.5,2023,1,87.4,1,31,5,68.2,176.0,121.0,89.1,111.46666666666665,115.5,148.50714285714284
2023-02-01 00:00:00+05:30,87.4,114.39999999999999,2023,2,102.0,2,32,5,90.2,68.2,176.0,95.1,81.93333333333332,114.39999999999999,142.25
2023-02-02 00:00:00+05:30,102.0,106.54285714285713,2023,2,58.4,3,33,5,87.4,90.2,68.2,157.0,93.19999999999999,106.54285714285713,133.60714285714286
2023-02-14 00:00:00+05:30,58.4,100.45714285714287,2023,2,91.0,1,45,7,102.0,87.4,90.2,101.0,82.59999999999998,100.45714285714287,130.8857142857143
2023-02-15 00:00:00+05:30,91.0,96.17142857142858,2023,2,144.0,2,46,7,58.4,102.0,87.4,121.0,83.79999999999998,96.17142857142858,123.24285714285715
2023-02-16 00:00:00+05:30,144.0,91.60000000000001,2023,2,80.9,3,47,7,91.0,58.4,102.0,176.0,97.8,91.60000000000001,108.31428571428572
2023-03-19 00:00:00+05:30,80.9,93.41428571428571,2023,3,41.1,6,78,11,144.0,91.0,58.4,68.2,105.3,93.41428571428571,104.37857142857142
2023-03-20 00:00:00+05:30,41.1,86.4,2023,3,49.3,0,79,12,80.9,144.0,91.0,90.2,88.66666666666664,86.4,100.95000000000002
2023-03-21 00:00:00+05:30,49.3,80.95714285714287,2023,3,94.6,1,80,12,41.1,80.9,144.0,87.4,57.09999999999999,80.95714285714287,97.67857142857143
2023-03-22 00:00:00+05:30,94.6,79.89999999999999,2023,3,39.7,2,81,12,49.3,41.1,80.9,102.0,61.66666666666665,79.89999999999999,93.22142857142856
2023-03-23 00:00:00+05:30,39.7,77.22857142857143,2023,3,68.8,3,82,12,94.6,49.3,41.1,58.4,61.19999999999999,77.22857142857143,88.84285714285714
2023-03-24 00:00:00+05:30,68.8,74.05714285714286,2023,3,31.4,4,83,12,39.7,94.6,49.3,91.0,67.69999999999997,74.05714285714286,85.11428571428571
2023-03-25 00:00:00+05:30,31.4,57.971428571428575,2023,3,56.5,5,84,12,68.8,39.7,94.6,144.0,46.63333333333332,57.971428571428575,74.78571428571429
2023-03-26 00:00:00+05:30,56.5,54.48571428571428,2023,3,51.2,6,85,12,31.4,68.8,39.7,80.9,52.23333333333331,54.48571428571428,73.95
2023-03-27 00:00:00+05:30,51.2,55.92857142857143,2023,3,60.6,0,86,13,56.5,31.4,68.8,41.1,46.366666666666646,55.92857142857143,71.16428571428571
2023-03-28 00:00:00+05:30,60.6,57.542857142857144,2023,3,69.8,1,87,13,51.2,56.5,31.4,49.3,56.09999999999999,57.542857142857144,69.25
2023-03-29 00:00:00+05:30,69.8,54.0,2023,3,61.1,2,88,13,60.6,51.2,56.5,94.6,60.53333333333331,54.0,66.95
2023-03-30 00:00:00+05:30,61.1,57.057142857142864,2023,3,26.9,3,89,13,69.8,60.6,51.2,39.7,63.833333333333314,57.057142857142864,67.14285714285714
2023-03-31 00:00:00+05:30,26.9,51.07142857142857,2023,3,40.0,4,90,13,61.1,69.8,60.6,68.8,52.59999999999997,51.07142857142857,62.564285714285724
2023-04-01 00:00:00+05:30,40.0,52.300000000000004,2023,4,46.0,5,91,13,26.9,61.1,69.8,31.4,42.66666666666665,52.300000000000004,55.13571428571429
2023-04-02 00:00:00+05:30,46.0,50.800000000000004,2023,4,58.1,6,92,13,40.0,26.9,61.1,56.5,37.63333333333332,50.800000000000004,52.642857142857146
2023-04-03 00:00:00+05:30,58.1,51.785714285714285,2023,4,36.0,0,93,14,46.0,40.0,26.9,51.2,48.03333333333331,51.785714285714285,53.857142857142854
2023-04-04 00:00:00+05:30,36.0,48.27142857142858,2023,4,43.8,1,94,14,58.1,46.0,40.0,60.6,46.69999999999998,48.27142857142858,52.90714285714285
2023-04-05 00:00:00+05:30,43.8,44.55714285714286,2023,4,33.6,2,95,14,36.0,58.1,46.0,69.8,45.96666666666665,44.55714285714286,49.278571428571425
2023-04-06 00:00:00+05:30,33.6,40.628571428571426,2023,4,38.5,3,96,14,43.8,36.0,58.1,61.1,37.79999999999998,40.628571428571426,48.84285714285714
2023-04-07 00:00:00+05:30,38.5,42.285714285714285,2023,4,65.7,4,97,14,33.6,43.8,36.0,26.9,38.63333333333332,42.285714285714285,46.67857142857143
2023-04-08 00:00:00+05:30,65.7,45.957142857142856,2023,4,91.6,5,98,14,38.5,33.6,43.8,40.0,45.933333333333316,45.957142857142856,49.128571428571426
2023-04-09 00:00:00+05:30,91.6,52.471428571428575,2023,4,70.2,6,99,14,65.7,38.5,33.6,46.0,65.26666666666665,52.471428571428575,51.635714285714286
2023-04-10 00:00:00+05:30,70.2,54.199999999999996,2023,4,117.0,0,100,15,91.6,65.7,38.5,58.1,75.83333333333331,54.199999999999996,52.99285714285715
2023-04-11 00:00:00+05:30,117.0,65.77142857142857,2023,4,88.9,1,101,15,70.2,91.6,65.7,36.0,92.93333333333332,65.77142857142857,57.021428571428565
2023-04-12 00:00:00+05:30,88.9,72.21428571428571,2023,4,91.9,2,102,15,117.0,70.2,91.6,43.8,92.0333333333333,72.21428571428571,58.38571428571429
2023-04-13 00:00:00+05:30,91.9,80.54285714285713,2023,4,96.9,3,103,15,88.9,117.0,70.2,33.6,99.26666666666665,80.54285714285713,60.58571428571429
2023-04-14 00:00:00+05:30,96.9,88.88571428571429,2023,4,79.1,4,104,15,91.9,88.9,117.0,38.5,92.56666666666665,88.88571428571429,65.58571428571427
2023-04-15 00:00:00+05:30,79.1,90.79999999999998,2023,4,75.6,5,105,15,96.9,91.9,88.9,65.7,89.3,90.79999999999998,68.37857142857143
2023-04-16 00:00:00+05:30,75.6,88.51428571428572,2023,4,65.2,6,106,15,79.1,96.9,91.9,91.6,83.86666666666665,88.51428571428572,70.49285714285715
2023-04-17 00:00:00+05:30,65.2,87.8,2023,4,68.0,0,107,16,75.6,79.1,96.9,70.2,73.29999999999997,87.8,71.0
2023-04-18 00:00:00+05:30,68.0,80.8,2023,4,68.4,1,108,16,65.2,75.6,79.1,117.0,69.59999999999998,80.8,73.28571428571429
2023-04-19 00:00:00+05:30,68.4,77.87142857142858,2023,4,40.9,2,109,16,68.0,65.2,75.6,88.9,67.19999999999999,77.87142857142858,75.04285714285713
2023-04-20 00:00:00+05:30,40.9,70.58571428571429,2023,4,54.5,3,110,16,68.4,68.0,65.2,91.9,59.09999999999999,70.58571428571429,75.56428571428572
2023-04-21 00:00:00+05:30,54.5,64.52857142857144,2023,4,59.7,4,111,16,40.9,68.4,68.0,96.9,54.59999999999999,64.52857142857144,76.70714285714287
2023-04-22 00:00:00+05:30,59.7,61.75714285714286,2023,4,25.0,5,112,16,54.5,40.9,68.4,79.1,51.69999999999998,61.75714285714286,76.27857142857144
2023-04-23 00:00:00+05:30,25.0,54.52857142857143,2023,4,52.6,6,113,16,59.7,54.5,40.9,75.6,46.39999999999998,54.52857142857143,71.52142857142857
2023-04-24 00:00:00+05:30,52.6,52.728571428571435,2023,4,51.0,0,114,17,25.0,59.7,54.5,65.2,45.76666666666665,52.728571428571435,70.2642857142857
2023-04-25 00:00:00+05:30,51.0,50.300000000000004,2023,4,73.2,1,115,17,52.6,25.0,59.7,68.0,42.86666666666665,50.300000000000004,65.55
2023-04-26 00:00:00+05:30,73.2,50.98571428571429,2023,4,79.5,2,116,17,51.0,52.6,25.0,68.4,58.933333333333316,50.98571428571429,64.42857142857143
2023-04-27 00:00:00+05:30,79.5,56.5,2023,4,61.9,3,117,17,73.2,51.0,52.6,40.9,67.89999999999998,56.5,63.542857142857144
2023-04-28 00:00:00+05:30,61.9,57.55714285714286,2023,4,67.9,4,118,17,79.5,73.2,51.0,54.5,71.53333333333332,57.55714285714286,61.042857142857144
2023-04-29 00:00:00+05:30,67.9,58.728571428571435,2023,4,50.2,5,119,17,61.9,79.5,73.2,59.7,69.76666666666664,58.728571428571435,60.24285714285714
2023-04-30 00:00:00+05:30,50.2,62.32857142857143,2023,4,44.2,6,120,17,67.9,61.9,79.5,25.0,59.99999999999998,62.32857142857143,58.42857142857143
2023-05-01 00:00:00+05:30,44.2,61.12857142857143,2023,5,37.8,0,121,18,50.2,67.9,61.9,52.6,54.09999999999999,61.12857142857143,56.92857142857143
2023-05-02 00:00:00+05:30,37.8,59.24285714285714,2023,5,37.7,1,122,18,44.2,50.2,67.9,51.0,44.06666666666664,59.24285714285714,54.77142857142858
2023-05-03 00:00:00+05:30,37.7,54.17142857142857,2023,5,50.5,2,123,18,37.8,44.2,50.2,73.2,39.899999999999984,54.17142857142857,52.57857142857142
2023-05-04 00:00:00+05:30,50.5,50.028571428571425,2023,5,66.8,3,124,18,37.7,37.8,44.2,79.5,41.99999999999998,50.028571428571425,53.26428571428572
2023-05-05 00:00:00+05:30,66.8,50.728571428571435,2023,5,103.0,4,125,18,50.5,37.7,37.8,61.9,51.66666666666665,50.728571428571435,54.142857142857146
2023-05-06 00:00:00+05:30,103.0,55.74285714285715,2023,5,56.9,5,126,18,66.8,50.5,37.7,67.9,73.43333333333332,55.74285714285715,57.23571428571429
2023-05-07 00:00:00+05:30,56.9,56.699999999999996,2023,5,51.9,6,127,18,103.0,66.8,50.5,50.2,75.56666666666665,56.699999999999996,59.51428571428572
2023-05-08 00:00:00+05:30,51.9,57.800000000000004,2023,5,90.2,0,128,19,56.9,103.0,66.8,44.2,70.59999999999998,57.800000000000004,59.464285714285715
2023-05-09 00:00:00+05:30,90.2,65.28571428571429,2023,5,80.8,1,129,19,51.9,56.9,103.0,37.8,66.33333333333331,65.28571428571429,62.26428571428572
2023-05-10 00:00:00+05:30,80.8,71.44285714285715,2023,5,125.0,2,130,19,90.2,51.9,56.9,37.7,74.29999999999997,71.44285714285715,62.80714285714286
2023-05-11 00:00:00+05:30,125.0,82.08571428571429,2023,5,74.3,3,131,19,80.8,90.2,51.9,50.5,98.66666666666664,82.08571428571429,66.05714285714285
2023-05-12 00:00:00+05:30,74.3,83.15714285714286,2023,5,84.6,4,132,19,125.0,80.8,90.2,66.8,93.36666666666663,83.15714285714286,66.94285714285715
2023-05-13 00:00:00+05:30,84.6,80.52857142857142,2023,5,87.8,5,133,19,74.3,125.0,80.8,103.0,94.63333333333331,80.52857142857142,68.13571428571429
2023-05-14 00:00:00+05:30,87.8,84.94285714285715,2023,5,30.9,6,134,19,84.6,74.3,125.0,56.9,82.2333333333333,84.94285714285715,70.82142857142857
2023-05-15 00:00:00+05:30,30.9,81.94285714285715,2023,5,129.0,0,135,20,87.8,84.6,74.3,51.9,67.76666666666664,81.94285714285715,69.87142857142857
2023-05-16 00:00:00+05:30,129.0,87.48571428571428,2023,5,87.2,1,136,20,30.9,87.8,84.6,90.2,82.56666666666665,87.48571428571428,76.38571428571429
2023-05-17 00:00:00+05:30,87.2,88.4,2023,5,34.5,2,137,20,129.0,30.9,87.8,80.8,82.36666666666663,88.4,79.92142857142856
2023-05-18 00:00:00+05:30,34.5,75.47142857142858,2023,5,57.4,3,138,20,87.2,129.0,30.9,125.0,83.56666666666665,75.47142857142858,78.77857142857142
2023-05-19 00:00:00+05:30,57.4,73.05714285714286,2023,5,56.8,4,139,20,34.5,87.2,129.0,74.3,59.69999999999998,73.05714285714286,78.10714285714286
2023-05-20 00:00:00+05:30,56.8,69.08571428571427,2023,5,68.0,5,140,20,57.4,34.5,87.2,84.6,49.56666666666664,69.08571428571427,74.80714285714285
2023-05-21 00:00:00+05:30,68.0,66.25714285714285,2023,5,68.3,6,141,20,56.8,57.4,34.5,87.8,60.73333333333331,66.25714285714285,75.60000000000001
2023-05-22 00:00:00+05:30,68.3,71.6,2023,5,52.9,0,142,21,68.0,56.8,57.4,30.9,64.36666666666663,71.6,76.77142857142857
2023-05-23 00:00:00+05:30,52.9,60.728571428571435,2023,5,29.3,1,143,21,68.3,68.0,56.8,129.0,63.06666666666664,60.728571428571435,74.10714285714286
2023-05-24 00:00:00+05:30,29.3,52.457142857142856,2023,5,21.6,2,144,21,52.9,68.3,68.0,87.2,50.16666666666665,52.457142857142856,70.42857142857143
2023-05-25 00:00:00+05:30,21.6,50.614285714285714,2023,5,20.3,3,145,21,29.3,52.9,68.3,34.5,34.59999999999998,50.614285714285714,63.042857142857144
2023-05-26 00:00:00+05:30,20.3,45.31428571428571,2023,5,30.2,4,146,21,21.6,29.3,52.9,57.4,23.733333333333317,45.31428571428571,59.185714285714276
2023-05-27 00:00:00+05:30,30.2,41.51428571428572,2023,5,39.7,5,147,21,20.3,21.6,29.3,56.8,24.033333333333317,41.51428571428572,55.300000000000004
2023-05-28 00:00:00+05:30,39.7,37.471428571428575,2023,5,29.0,6,148,21,30.2,20.3,21.6,68.0,30.06666666666665,37.471428571428575,51.864285714285714
2023-05-29 00:00:00+05:30,29.0,31.857142857142858,2023,5,32.0,0,149,22,39.7,30.2,20.3,68.3,32.96666666666665,31.857142857142858,51.728571428571435
2023-05-30 00:00:00+05:30,32.0,28.871428571428574,2023,5,29.6,1,150,22,29.0,39.7,30.2,52.9,33.56666666666665,28.871428571428574,44.800000000000004
2023-05-31 00:00:00+05:30,29.6,28.914285714285715,2023,5,37.4,2,151,22,32.0,29.0,39.7,29.3,30.199999999999978,28.914285714285715,40.685714285714276
2023-06-01 00:00:00+05:30,37.4,31.17142857142857,2023,6,34.0,3,152,22,29.6,32.0,29.0,21.6,32.99999999999998,31.17142857142857,40.892857142857146
2023-06-02 00:00:00+05:30,34.0,33.128571428571426,2023,6,41.3,4,153,22,37.4,29.6,32.0,20.3,33.66666666666665,33.128571428571426,39.221428571428575
2023-06-03 00:00:00+05:30,41.3,34.714285714285715,2023,6,58.0,5,154,22,34.0,37.4,29.6,30.2,37.56666666666665,34.714285714285715,38.114285714285714
2023-06-19 00:00:00+05:30,14.0,32.471428571428575,2023,6,36.9,0,170,25,20.9,35.0,29.2,40.4,23.29999999999998,32.471428571428575,39.385714285714286
2023-06-20 00:00:00+05:30,36.9,29.5,2023,6,29.6,1,171,25,14.0,20.9,35.0,57.7,23.93333333333331,29.5,37.67142857142857
2023-06-21 00:00:00+05:30,29.6,28.485714285714288,2023,6,31.8,2,172,25,36.9,14.0,20.9,36.7,26.833333333333314,28.485714285714288,33.31428571428571
2023-06-22 00:00:00+05:30,31.8,28.199999999999996,2023,6,46.5,3,173,25,29.6,36.9,14.0,33.8,32.766666666666644,28.199999999999996,32.58571428571428
2023-06-23 00:00:00+05:30,46.5,30.67142857142857,2023,6,58.4,4,174,25,31.8,29.6,36.9,29.2,35.96666666666665,30.67142857142857,34.135714285714286
2023-06-24 00:00:00+05:30,58.4,34.01428571428571,2023,6,18.8,5,175,25,46.5,31.8,29.6,35.0,45.56666666666664,34.01428571428571,36.27857142857143
2023-06-25 00:00:00+05:30,18.8,33.714285714285715,2023,6,37.3,6,176,25,58.4,46.5,31.8,20.9,41.23333333333331,33.714285714285715,34.97857142857143
2023-06-26 00:00:00+05:30,37.3,37.042857142857144,2023,6,30.5,0,177,26,18.8,58.4,46.5,14.0,38.16666666666664,37.042857142857144,34.75714285714285
2023-06-27 00:00:00+05:30,30.5,36.12857142857143,2023,6,24.9,1,178,26,37.3,18.8,58.4,36.9,28.866666666666646,36.12857142857143,32.81428571428571
2023-06-28 00:00:00+05:30,24.9,35.457142857142856,2023,6,42.8,2,179,26,30.5,37.3,18.8,29.6,30.899999999999977,35.457142857142856,31.97142857142857
2023-06-29 00:00:00+05:30,42.8,37.028571428571425,2023,6,26.9,3,180,26,24.9,30.5,37.3,31.8,32.73333333333331,37.028571428571425,32.614285714285714
2023-06-30 00:00:00+05:30,26.9,34.228571428571435,2023,6,22.3,4,181,26,42.8,24.9,30.5,46.5,31.533333333333314,34.228571428571435,32.45
2023-07-01 00:00:00+05:30,22.3,29.071428571428573,2023,7,35.7,5,182,26,26.9,42.8,24.9,58.4,30.666666666666643,29.071428571428573,31.542857142857144
2023-07-02 00:00:00+05:30,35.7,31.485714285714284,2023,7,48.6,6,183,26,22.3,26.9,42.8,18.8,28.299999999999983,31.485714285714284,32.6
2023-07-03 00:00:00+05:30,48.6,33.1,2023,7,40.1,0,184,27,35.7,22.3,26.9,37.3,35.53333333333331,33.1,35.07142857142857
2023-07-04 00:00:00+05:30,40.1,34.47142857142857,2023,7,33.1,1,185,27,48.6,35.7,22.3,30.5,41.46666666666665,34.47142857142857,35.3
2023-07-05 00:00:00+05:30,33.1,35.642857142857146,2023,7,24.7,2,186,27,40.1,48.6,35.7,24.9,40.59999999999999,35.642857142857146,35.550000000000004
2023-07-06 00:00:00+05:30,24.7,33.05714285714286,2023,7,29.0,3,187,27,33.1,40.1,48.6,42.8,32.63333333333332,33.05714285714286,35.042857142857144
2023-07-07 00:00:00+05:30,29.0,33.357142857142854,2023,7,12.2,4,188,27,24.7,33.1,40.1,26.9,28.933333333333312,33.357142857142854,33.792857142857144
2023-07-08 00:00:00+05:30,12.2,31.914285714285715,2023,7,22.0,5,189,27,29.0,24.7,33.1,22.3,21.96666666666665,31.914285714285715,30.49285714285714
2023-07-09 00:00:00+05:30,22.0,29.957142857142856,2023,7,16.7,6,190,27,12.2,29.0,24.7,35.7,21.066666666666645,29.957142857142856,30.72142857142857
2023-07-10 00:00:00+05:30,16.7,25.4,2023,7,38.4,0,191,28,22.0,12.2,29.0,48.6,16.96666666666665,25.4,29.25
2023-07-11 00:00:00+05:30,38.4,25.157142857142855,2023,7,24.9,1,192,28,16.7,22.0,12.2,40.1,25.699999999999978,25.157142857142855,29.814285714285713
2023-07-12 00:00:00+05:30,24.9,23.985714285714288,2023,7,27.9,2,193,28,38.4,16.7,22.0,33.1,26.666666666666647,23.985714285714288,29.814285714285713
2023-07-13 00:00:00+05:30,27.9,24.44285714285714,2023,7,25.0,3,194,28,24.9,38.4,16.7,24.7,30.399999999999977,24.44285714285714,28.75
2023-07-14 00:00:00+05:30,25.0,23.871428571428567,2023,7,26.3,4,195,28,27.9,24.9,38.4,29.0,25.933333333333312,23.871428571428567,28.61428571428571
2023-07-15 00:00:00+05:30,26.3,25.885714285714283,2023,7,20.4,5,196,28,25.0,27.9,24.9,12.2,26.39999999999998,25.885714285714283,28.9
2023-07-16 00:00:00+05:30,20.4,25.657142857142855,2023,7,31.0,6,197,28,26.3,25.0,27.9,22.0,23.89999999999998,25.657142857142855,27.807142857142853
2023-07-17 00:00:00+05:30,31.0,27.7,2023,7,36.4,0,198,29,20.4,26.3,25.0,16.7,25.89999999999998,27.7,26.55
2023-07-18 00:00:00+05:30,36.4,27.41428571428571,2023,7,27.7,1,199,29,31.0,20.4,26.3,38.4,29.266666666666648,27.41428571428571,26.285714285714285
2023-07-19 00:00:00+05:30,27.7,27.814285714285713,2023,7,30.1,2,200,29,36.4,31.0,20.4,24.9,31.699999999999978,27.814285714285713,25.9
2023-07-20 00:00:00+05:30,30.1,28.12857142857143,2023,7,38.9,3,201,29,27.7,36.4,31.0,27.9,31.399999999999977,28.12857142857143,26.285714285714285
2023-07-21 00:00:00+05:30,38.9,30.11428571428571,2023,7,30.6,4,202,29,30.1,27.7,36.4,25.0,32.23333333333331,30.11428571428571,26.99285714285714
2023-07-22 00:00:00+05:30,30.6,30.728571428571428,2023,7,18.9,5,203,29,38.9,30.1,27.7,26.3,33.19999999999998,30.728571428571428,28.307142857142857
2023-07-23 00:00:00+05:30,18.9,30.514285714285712,2023,7,23.2,6,204,29,30.6,38.9,30.1,20.4,29.46666666666665,30.514285714285712,28.085714285714285
2023-07-24 00:00:00+05:30,23.2,29.4,2023,7,30.4,0,205,30,18.9,30.6,38.9,31.0,24.233333333333317,29.4,28.55
2023-07-25 00:00:00+05:30,30.4,28.54285714285714,2023,7,24.6,1,206,30,23.2,18.9,30.6,36.4,24.166666666666647,28.54285714285714,27.978571428571428
2023-07-26 00:00:00+05:30,24.6,28.099999999999998,2023,7,32.4,2,207,30,30.4,23.2,18.9,27.7,26.06666666666665,28.099999999999998,27.957142857142856
2023-07-27 00:00:00+05:30,32.4,28.428571428571427,2023,7,23.3,3,208,30,24.6,30.4,23.2,30.1,29.13333333333331,28.428571428571427,28.27857142857143
2023-07-28 00:00:00+05:30,23.3,26.2,2023,7,9.13,4,209,30,32.4,24.6,30.4,38.9,26.766666666666648,26.2,28.157142857142855
2023-07-29 00:00:00+05:30,9.13,23.132857142857144,2023,7,11.1,5,210,30,23.3,32.4,24.6,30.6,21.60999999999998,23.132857142857144,26.930714285714284
2023-07-30 00:00:00+05:30,11.1,22.018571428571427,2023,7,33.5,6,211,30,9.13,23.3,32.4,18.9,14.509999999999982,22.018571428571427,26.266428571428573
2023-08-15 00:00:00+05:30,39.3,30.400000000000002,2023,8,40.4,1,227,33,28.7,22.7,28.7,23.5,30.23333333333331,30.400000000000002,27.45
2023-08-16 00:00:00+05:30,40.4,32.199999999999996,2023,8,35.4,2,228,33,39.3,28.7,22.7,27.8,36.13333333333332,32.199999999999996,29.035714285714285
2023-08-17 00:00:00+05:30,35.4,32.68571428571428,2023,8,41.2,3,229,33,40.4,39.3,28.7,32.0,38.366666666666646,32.68571428571428,29.857142857142858
2023-08-18 00:00:00+05:30,41.2,33.771428571428565,2023,8,35.8,4,230,33,35.4,40.4,39.3,33.6,38.99999999999998,33.771428571428565,30.714285714285715
2023-08-19 00:00:00+05:30,35.8,34.785714285714285,2023,8,30.6,5,231,33,41.2,35.4,40.4,28.7,37.46666666666665,34.785714285714285,31.27142857142857
2023-08-20 00:00:00+05:30,30.6,35.91428571428572,2023,8,31.5,6,232,33,35.8,41.2,35.4,22.7,35.866666666666646,35.91428571428572,31.607142857142858
2023-08-21 00:00:00+05:30,31.5,36.31428571428571,2023,8,29.0,0,233,34,30.6,35.8,41.2,28.7,32.63333333333332,36.31428571428571,32.22857142857143
2023-08-22 00:00:00+05:30,29.0,34.84285714285714,2023,8,18.8,1,234,34,31.5,30.6,35.8,39.3,30.366666666666646,34.84285714285714,32.621428571428574
2023-08-23 00:00:00+05:30,18.8,31.75714285714286,2023,8,20.1,2,235,34,29.0,31.5,30.6,40.4,26.433333333333312,31.75714285714286,31.978571428571428
2023-08-24 00:00:00+05:30,20.1,29.571428571428573,2023,8,27.8,3,236,34,18.8,29.0,31.5,35.4,22.633333333333315,29.571428571428573,31.12857142857143
2023-08-25 00:00:00+05:30,27.8,27.657142857142862,2023,8,37.7,4,237,34,20.1,18.8,29.0,41.2,22.233333333333317,27.657142857142862,30.714285714285715
2023-08-26 00:00:00+05:30,37.7,27.928571428571427,2023,8,47.2,5,238,34,27.8,20.1,18.8,35.8,28.533333333333317,27.928571428571427,31.357142857142858
2023-08-27 00:00:00+05:30,47.2,30.300000000000004,2023,8,42.2,6,239,34,37.7,27.8,20.1,30.6,37.56666666666665,30.300000000000004,33.107142857142854
2023-08-28 00:00:00+05:30,42.2,31.82857142857143,2023,8,37.8,0,240,35,47.2,37.7,27.8,31.5,42.36666666666665,31.82857142857143,34.07142857142857
2023-08-29 00:00:00+05:30,37.8,33.08571428571429,2023,8,38.7,1,241,35,42.2,47.2,37.7,29.0,42.399999999999984,33.08571428571429,33.964285714285715
2023-08-30 00:00:00+05:30,38.7,35.92857142857143,2023,8,40.7,2,242,35,37.8,42.2,47.2,18.8,39.56666666666665,35.92857142857143,33.84285714285714
2023-08-31 00:00:00+05:30,40.7,38.871428571428574,2023,8,36.2,3,243,35,38.7,37.8,42.2,20.1,39.06666666666665,38.871428571428574,34.22142857142857
2023-09-01 00:00:00+05:30,36.2,40.07142857142857,2023,9,34.6,4,244,35,40.7,38.7,37.8,27.8,38.53333333333332,40.07142857142857,33.864285714285714
2023-09-02 00:00:00+05:30,34.6,39.62857142857143,2023,9,34.7,5,245,35,36.2,40.7,38.7,37.7,37.16666666666665,39.62857142857143,33.77857142857143
2023-09-03 00:00:00+05:30,34.7,37.84285714285714,2023,9,31.7,6,246,35,34.6,36.2,40.7,47.2,35.16666666666665,37.84285714285714,34.07142857142857
2023-09-04 00:00:00+05:30,31.7,36.34285714285714,2023,9,35.2,0,247,36,34.7,34.6,36.2,42.2,33.66666666666665,36.34285714285714,34.08571428571429
2023-09-05 00:00:00+05:30,35.2,35.971428571428575,2023,9,21.5,1,248,36,31.7,34.7,34.6,37.8,33.86666666666665,35.971428571428575,34.52857142857143
2023-09-06 00:00:00+05:30,21.5,33.51428571428572,2023,9,27.2,2,249,36,35.2,31.7,34.7,38.7,29.46666666666665,33.51428571428572,34.721428571428575
2023-09-07 00:00:00+05:30,27.2,31.585714285714285,2023,9,18.5,3,250,36,21.5,35.2,31.7,40.7,27.96666666666665,31.585714285714285,35.22857142857143
2023-09-08 00:00:00+05:30,18.5,29.057142857142857,2023,9,9.58,4,251,36,27.2,21.5,35.2,36.2,22.39999999999998,29.057142857142857,34.56428571428572
2023-09-09 00:00:00+05:30,9.58,25.482857142857146,2023,9,6.98,5,252,36,18.5,27.2,21.5,34.6,18.426666666666648,25.482857142857146,32.55571428571428
2023-09-10 00:00:00+05:30,6.98,21.52285714285714,2023,9,23.4,6,253,36,9.58,18.5,27.2,34.7,11.686666666666648,21.52285714285714,29.68285714285714
2023-09-11 00:00:00+05:30,23.4,20.337142857142858,2023,9,31.8,0,254,37,6.98,9.58,18.5,31.7,13.31999999999998,20.337142857142858,28.34
2023-09-12 00:00:00+05:30,31.8,19.851428571428574,2023,9,45.4,1,255,37,23.4,6.98,9.58,35.2,20.72666666666665,19.851428571428574,27.91142857142857
2023-09-13 00:00:00+05:30,45.4,23.26571428571429,2023,9,52.1,2,256,37,31.8,23.4,6.98,21.5,33.53333333333331,23.26571428571429,28.390000000000004
2023-09-14 00:00:00+05:30,52.1,26.822857142857146,2023,9,30.0,3,257,37,45.4,31.8,23.4,27.2,43.09999999999997,26.822857142857146,29.204285714285714
2023-09-15 00:00:00+05:30,30.0,28.465714285714288,2023,9,23.3,4,258,37,52.1,45.4,31.8,18.5,42.49999999999998,28.465714285714288,28.76142857142857
2023-09-16 00:00:00+05:30,23.3,30.425714285714285,2023,9,18.9,5,259,37,30.0,52.1,45.4,9.58,35.13333333333332,30.425714285714285,27.954285714285714
2023-09-17 00:00:00+05:30,18.9,32.128571428571426,2023,9,11.2,6,260,37,23.3,30.0,52.1,6.98,24.06666666666665,32.128571428571426,26.825714285714287
2023-09-18 00:00:00+05:30,11.2,30.385714285714283,2023,9,19.7,0,261,38,18.9,23.3,30.0,23.4,17.79999999999998,30.385714285714283,25.361428571428572
2023-09-19 00:00:00+05:30,19.7,28.657142857142855,2023,9,34.2,1,262,38,11.2,18.9,23.3,31.8,16.59999999999998,28.657142857142855,24.254285714285714
2023-09-20 00:00:00+05:30,34.2,27.057142857142853,2023,9,32.3,2,263,38,19.7,11.2,18.9,45.4,21.699999999999978,27.057142857142853,25.16142857142857
2023-09-21 00:00:00+05:30,32.3,24.228571428571428,2023,9,46.3,3,264,38,34.2,19.7,11.2,52.1,28.73333333333331,24.228571428571428,25.525714285714287
2023-09-22 00:00:00+05:30,46.3,26.557142857142853,2023,9,41.2,4,265,38,32.3,34.2,19.7,30.0,37.59999999999999,26.557142857142853,27.511428571428574
2023-09-23 00:00:00+05:30,41.2,29.114285714285717,2023,9,48.6,5,266,38,46.3,32.3,34.2,23.3,39.93333333333331,29.114285714285717,29.770000000000003
2023-09-24 00:00:00+05:30,48.6,33.357142857142854,2023,9,57.0,6,267,38,41.2,46.3,32.3,18.9,45.36666666666665,33.357142857142854,32.74285714285715
2023-09-25 00:00:00+05:30,57.0,39.9,2023,9,72.2,0,268,39,48.6,41.2,46.3,11.2,48.933333333333316,39.9,35.142857142857146
2023-09-26 00:00:00+05:30,72.2,47.40000000000001,2023,9,42.9,1,269,39,57.0,48.6,41.2,19.7,59.26666666666665,47.40000000000001,38.02857142857143
2023-09-27 00:00:00+05:30,42.9,48.642857142857146,2023,9,51.0,2,270,39,72.2,57.0,48.6,34.2,57.366666666666646,48.642857142857146,37.85
2023-09-28 00:00:00+05:30,51.0,51.314285714285724,2023,9,61.6,3,271,39,42.9,72.2,57.0,32.3,55.366666666666646,51.314285714285724,37.77142857142858
2023-09-29 00:00:00+05:30,61.6,53.5,2023,9,55.6,4,272,39,51.0,42.9,72.2,46.3,51.833333333333314,53.5,40.02857142857143
2023-09-30 00:00:00+05:30,55.6,55.55714285714286,2023,9,56.8,5,273,39,61.6,51.0,42.9,41.2,56.06666666666664,55.55714285714286,42.33571428571428
2023-10-01 00:00:00+05:30,56.8,56.728571428571435,2023,10,48.7,6,274,39,55.6,61.6,51.0,48.6,57.99999999999998,56.728571428571435,45.042857142857144
2023-10-02 00:00:00+05:30,48.7,55.542857142857144,2023,10,51.2,0,275,40,56.8,55.6,61.6,57.0,53.69999999999998,55.542857142857144,47.721428571428575
2023-10-03 00:00:00+05:30,51.2,52.542857142857144,2023,10,58.9,1,276,40,48.7,56.8,55.6,72.2,52.23333333333332,52.542857142857144,49.971428571428575
2023-10-04 00:00:00+05:30,58.9,54.82857142857143,2023,10,74.5,2,277,40,51.2,48.7,56.8,42.9,52.933333333333316,54.82857142857143,51.73571428571428
2023-10-05 00:00:00+05:30,74.5,58.18571428571429,2023,10,77.7,3,278,40,58.9,51.2,48.7,51.0,61.533333333333324,58.18571428571429,54.75
2023-10-06 00:00:00+05:30,77.7,60.48571428571429,2023,10,60.0,4,279,40,74.5,58.9,51.2,61.6,70.36666666666665,60.48571428571429,56.99285714285715
2023-10-07 00:00:00+05:30,60.0,61.114285714285714,2023,10,51.4,5,280,40,77.7,74.5,58.9,55.6,70.7333333333333,61.114285714285714,58.33571428571429
2023-10-08 00:00:00+05:30,51.4,60.34285714285714,2023,10,54.3,6,281,40,60.0,77.7,74.5,56.8,63.03333333333331,60.34285714285714,58.535714285714285
2023-10-09 00:00:00+05:30,54.3,61.142857142857146,2023,10,51.3,0,282,41,51.4,60.0,77.7,48.7,55.23333333333331,61.142857142857146,58.34285714285714
2023-10-10 00:00:00+05:30,51.3,61.15714285714286,2023,10,83.8,1,283,41,54.3,51.4,60.0,51.2,52.333333333333314,61.15714285714286,56.85
2023-10-11 00:00:00+05:30,83.8,64.71428571428571,2023,10,105.0,2,284,41,51.3,54.3,51.4,58.9,63.133333333333304,64.71428571428571,59.771428571428565
2023-10-12 00:00:00+05:30,105.0,69.07142857142857,2023,10,110.0,3,285,41,83.8,51.3,54.3,74.5,80.03333333333332,69.07142857142857,63.628571428571426
2023-10-13 00:00:00+05:30,110.0,73.68571428571428,2023,10,93.7,4,286,41,105.0,83.8,51.3,77.7,99.59999999999998,73.68571428571428,67.08571428571429
2023-10-14 00:00:00+05:30,93.7,78.5,2023,10,72.3,5,287,41,110.0,105.0,83.8,60.0,102.89999999999998,78.5,69.80714285714286
2023-10-15 00:00:00+05:30,72.3,81.48571428571428,2023,10,62.7,6,288,41,93.7,110.0,105.0,51.4,91.99999999999999,81.48571428571428,70.91428571428571
2023-10-16 00:00:00+05:30,62.7,82.68571428571428,2023,10,39.2,0,289,42,72.3,93.7,110.0,54.3,76.2333333333333,82.68571428571428,71.91428571428573
2023-10-17 00:00:00+05:30,39.2,80.95714285714287,2023,10,51.5,1,290,42,62.7,72.3,93.7,51.3,58.066666666666656,80.95714285714287,71.05714285714285
2023-10-18 00:00:00+05:30,51.5,76.34285714285716,2023,10,43.9,2,291,42,39.2,62.7,72.3,83.8,51.13333333333332,76.34285714285716,70.52857142857142
2023-10-19 00:00:00+05:30,43.9,67.61428571428571,2023,10,94.0,3,292,42,51.5,39.2,62.7,105.0,44.866666666666646,67.61428571428571,68.34285714285714
2023-10-20 00:00:00+05:30,94.0,65.32857142857142,2023,10,133.0,4,293,42,43.9,51.5,39.2,110.0,63.133333333333304,65.32857142857142,69.50714285714285
2023-10-21 00:00:00+05:30,133.0,70.94285714285715,2023,10,137.0,5,294,42,94.0,43.9,51.5,93.7,90.29999999999997,70.94285714285715,74.72142857142856
2023-10-22 00:00:00+05:30,137.0,80.1857142857143,2023,10,127.0,6,295,42,133.0,94.0,43.9,72.3,121.3333333333333,80.1857142857143,80.83571428571429
2023-10-23 00:00:00+05:30,127.0,89.37142857142858,2023,10,97.1,0,296,43,137.0,133.0,94.0,62.7,132.3333333333333,89.37142857142858,86.02857142857144
2023-10-24 00:00:00+05:30,97.1,97.64285714285714,2023,10,126.0,1,297,43,127.0,137.0,133.0,39.2,120.36666666666663,97.64285714285714,89.3
2023-10-25 00:00:00+05:30,126.0,108.28571428571429,2023,10,119.0,2,298,43,97.1,127.0,137.0,51.5,116.69999999999997,108.28571428571429,92.31428571428572
2023-10-26 00:00:00+05:30,119.0,119.0142857142857,2023,10,129.0,3,299,43,126.0,97.1,127.0,43.9,114.0333333333333,119.0142857142857,93.31428571428572
2023-10-27 00:00:00+05:30,129.0,124.0142857142857,2023,10,136.0,4,300,43,119.0,126.0,97.1,94.0,124.66666666666663,124.0142857142857,94.67142857142858
2023-10-28 00:00:00+05:30,136.0,124.44285714285714,2023,10,146.0,5,301,43,129.0,119.0,126.0,133.0,127.99999999999996,124.44285714285714,97.69285714285715
2023-10-29 00:00:00+05:30,146.0,125.72857142857141,2023,10,151.0,6,302,43,136.0,129.0,119.0,137.0,136.99999999999997,125.72857142857141,102.95714285714287
2023-10-30 00:00:00+05:30,151.0,129.15714285714284,2023,10,189.0,0,303,44,146.0,136.0,129.0,127.0,144.3333333333333,129.15714285714284,109.26428571428572
2023-10-31 00:00:00+05:30,189.0,142.28571428571428,2023,10,187.0,1,304,44,151.0,146.0,136.0,97.1,161.99999999999997,142.28571428571428,119.96428571428571
2023-11-01 00:00:00+05:30,187.0,151.0,2023,11,294.0,2,305,44,189.0,151.0,146.0,126.0,175.66666666666663,151.0,129.64285714285714
2023-11-02 00:00:00+05:30,294.0,176.0,2023,11,319.0,3,306,44,187.0,189.0,151.0,119.0,223.3333333333333,176.0,147.50714285714284
2023-11-03 00:00:00+05:30,319.0,203.14285714285714,2023,11,358.0,4,307,44,294.0,187.0,189.0,129.0,266.66666666666663,203.14285714285714,163.57857142857142
2023-11-04 00:00:00+05:30,358.0,234.85714285714286,2023,11,314.0,5,308,44,319.0,294.0,187.0,136.0,323.66666666666663,234.85714285714286,179.65
2023-11-05 00:00:00+05:30,314.0,258.85714285714283,2023,11,260.0,6,309,44,358.0,319.0,294.0,146.0,330.3333333333333,258.85714285714283,192.29285714285714
2023-11-06 00:00:00+05:30,260.0,274.42857142857144,2023,11,249.0,0,310,45,314.0,358.0,319.0,151.0,310.66666666666663,274.42857142857144,201.79285714285714
2023-11-07 00:00:00+05:30,249.0,283.0,2023,11,300.0,1,311,45,260.0,314.0,358.0,189.0,274.3333333333333,283.0,212.64285714285714
2023-11-08 00:00:00+05:30,300.0,299.14285714285717,2023,11,297.0,2,312,45,249.0,260.0,314.0,187.0,269.66666666666663,299.14285714285717,225.07142857142858
2023-11-09 00:00:00+05:30,297.0,299.57142857142856,2023,11,122.0,3,313,45,300.0,249.0,260.0,294.0,281.99999999999994,299.57142857142856,237.78571428571428
2023-11-10 00:00:00+05:30,122.0,271.42857142857144,2023,11,94.4,4,314,45,297.0,300.0,249.0,319.0,239.66666666666663,271.42857142857144,237.28571428571428
2023-11-11 00:00:00+05:30,94.4,233.77142857142857,2023,11,132.0,5,315,45,122.0,297.0,300.0,358.0,171.1333333333333,233.77142857142857,234.31428571428572
2023-11-12 00:00:00+05:30,132.0,207.77142857142857,2023,11,286.0,6,316,45,94.4,122.0,297.0,314.0,116.13333333333328,207.77142857142857,233.31428571428572
2023-11-13 00:00:00+05:30,286.0,211.4857142857143,2023,11,257.0,0,317,46,132.0,94.4,122.0,260.0,170.79999999999995,211.4857142857143,242.95714285714286
2023-11-14 00:00:00+05:30,257.0,212.62857142857143,2023,11,269.0,1,318,46,286.0,132.0,94.4,249.0,224.99999999999997,212.62857142857143,247.81428571428572
2023-11-15 00:00:00+05:30,269.0,208.20000000000002,2023,11,345.0,2,319,46,257.0,286.0,132.0,300.0,270.66666666666663,208.20000000000002,253.67142857142858
2023-11-16 00:00:00+05:30,345.0,215.05714285714288,2023,11,236.0,3,320,46,269.0,257.0,286.0,297.0,290.3333333333333,215.05714285714288,257.31428571428575
2023-11-17 00:00:00+05:30,236.0,231.34285714285716,2023,11,153.0,4,321,46,345.0,269.0,257.0,122.0,283.3333333333333,231.34285714285716,251.3857142857143
2023-11-18 00:00:00+05:30,153.0,239.71428571428572,2023,11,136.0,5,322,46,236.0,345.0,269.0,94.4,244.66666666666663,239.71428571428572,236.74285714285716
2023-11-19 00:00:00+05:30,136.0,240.28571428571428,2023,11,187.0,6,323,46,153.0,236.0,345.0,132.0,174.99999999999997,240.28571428571428,224.02857142857144
2023-11-20 00:00:00+05:30,187.0,226.14285714285714,2023,11,259.0,0,324,47,136.0,153.0,236.0,286.0,158.66666666666663,226.14285714285714,218.81428571428572
2023-11-21 00:00:00+05:30,259.0,226.42857142857142,2023,11,257.0,1,325,47,187.0,136.0,153.0,257.0,193.99999999999997,226.42857142857142,219.52857142857144
2023-11-22 00:00:00+05:30,257.0,224.71428571428572,2023,11,242.0,2,326,47,259.0,187.0,136.0,269.0,234.3333333333333,224.71428571428572,216.45714285714286
2023-11-23 00:00:00+05:30,242.0,210.0,2023,11,269.0,3,327,47,257.0,259.0,187.0,345.0,252.66666666666663,210.0,212.52857142857144
2023-11-24 00:00:00+05:30,269.0,214.71428571428572,2023,11,243.0,4,328,47,242.0,257.0,259.0,236.0,255.99999999999997,214.71428571428572,223.02857142857144
2023-11-25 00:00:00+05:30,243.0,227.57142857142858,2023,11,216.0,5,329,47,269.0,242.0,257.0,153.0,251.3333333333333,227.57142857142858,233.64285714285714
2023-11-26 00:00:00+05:30,216.0,239.0,2023,11,211.0,6,330,47,243.0,269.0,242.0,136.0,242.66666666666663,239.0,239.64285714285714
2023-11-27 00:00:00+05:30,211.0,242.42857142857142,2023,11,132.0,0,331,48,216.0,243.0,269.0,187.0,223.3333333333333,242.42857142857142,234.28571428571428
2023-11-28 00:00:00+05:30,132.0,224.28571428571428,2023,11,183.0,1,332,48,211.0,216.0,243.0,259.0,186.3333333333333,224.28571428571428,225.35714285714286
2023-11-29 00:00:00+05:30,183.0,213.71428571428572,2023,11,231.0,2,333,48,132.0,211.0,216.0,257.0,175.3333333333333,213.71428571428572,219.21428571428572
2023-11-30 00:00:00+05:30,231.0,212.14285714285714,2023,11,233.0,3,334,48,183.0,132.0,211.0,242.0,181.99999999999997,212.14285714285714,211.07142857142858
2023-12-01 00:00:00+05:30,233.0,207.0,2023,12,174.0,4,335,48,231.0,183.0,132.0,269.0,215.66666666666663,207.0,210.85714285714286
2023-12-02 00:00:00+05:30,174.0,197.14285714285714,2023,12,129.0,5,336,48,233.0,231.0,183.0,243.0,212.66666666666663,197.14285714285714,212.35714285714286
2023-12-03 00:00:00+05:30,129.0,184.71428571428572,2023,12,151.0,6,337,48,174.0,233.0,231.0,216.0,178.66666666666663,184.71428571428572,211.85714285714286
2023-12-04 00:00:00+05:30,151.0,176.14285714285714,2023,12,134.0,0,338,49,129.0,174.0,233.0,211.0,151.3333333333333,176.14285714285714,209.28571428571428
2023-12-05 00:00:00+05:30,134.0,176.42857142857142,2023,12,140.0,1,339,49,151.0,129.0,174.0,132.0,137.99999999999997,176.42857142857142,200.35714285714286
2023-12-06 00:00:00+05:30,140.0,170.28571428571428,2023,12,164.0,2,340,49,134.0,151.0,129.0,183.0,141.66666666666663,170.28571428571428,192.0
2023-12-07 00:00:00+05:30,164.0,160.71428571428572,2023,12,150.0,3,341,49,140.0,134.0,151.0,231.0,145.99999999999997,160.71428571428572,186.42857142857142
2023-12-08 00:00:00+05:30,150.0,148.85714285714286,2023,12,167.0,4,342,49,164.0,140.0,134.0,233.0,151.3333333333333,148.85714285714286,177.92857142857142
2023-12-09 00:00:00+05:30,167.0,147.85714285714286,2023,12,168.0,5,343,49,150.0,164.0,140.0,174.0,160.3333333333333,147.85714285714286,172.5
2023-12-10 00:00:00+05:30,168.0,153.42857142857142,2023,12,164.0,6,344,49,167.0,150.0,164.0,129.0,161.66666666666663,153.42857142857142,169.07142857142858
2023-12-11 00:00:00+05:30,164.0,155.28571428571428,2023,12,206.0,0,345,50,168.0,167.0,150.0,151.0,166.3333333333333,155.28571428571428,165.71428571428572
2023-12-12 00:00:00+05:30,206.0,165.57142857142858,2023,12,223.0,1,346,50,164.0,168.0,167.0,134.0,179.3333333333333,165.57142857142858,171.0
2023-12-13 00:00:00+05:30,223.0,177.42857142857142,2023,12,172.0,2,347,50,206.0,164.0,168.0,140.0,197.66666666666663,177.42857142857142,173.85714285714286
2023-12-14 00:00:00+05:30,172.0,178.57142857142858,2023,12,184.0,3,348,50,223.0,206.0,164.0,164.0,200.3333333333333,178.57142857142858,169.64285714285714
2023-12-15 00:00:00+05:30,184.0,183.42857142857142,2023,12,195.0,4,349,50,172.0,223.0,206.0,150.0,192.99999999999997,183.42857142857142,166.14285714285714
2023-12-16 00:00:00+05:30,195.0,187.42857142857142,2023,12,203.0,5,350,50,184.0,172.0,223.0,167.0,183.66666666666663,187.42857142857142,167.64285714285714
2023-12-17 00:00:00+05:30,203.0,192.42857142857142,2023,12,178.0,6,351,50,195.0,184.0,172.0,168.0,193.99999999999997,192.42857142857142,172.92857142857142
2023-12-18 00:00:00+05:30,178.0,194.42857142857142,2023,12,137.0,0,352,51,203.0,195.0,184.0,164.0,191.99999999999997,194.42857142857142,174.85714285714286
2023-12-19 00:00:00+05:30,137.0,184.57142857142858,2023,12,146.0,1,353,51,178.0,203.0,195.0,206.0,172.66666666666663,184.57142857142858,175.07142857142858
2023-12-20 00:00:00+05:30,146.0,173.57142857142858,2023,12,255.0,2,354,51,137.0,178.0,203.0,223.0,153.66666666666663,173.57142857142858,175.5
2023-12-21 00:00:00+05:30,255.0,185.42857142857142,2023,12,343.0,3,355,51,146.0,137.0,178.0,172.0,179.3333333333333,185.42857142857142,182.0
2023-12-22 00:00:00+05:30,343.0,208.14285714285714,2023,12,307.0,4,356,51,255.0,146.0,137.0,184.0,247.99999999999997,208.14285714285714,195.78571428571428
2023-12-23 00:00:00+05:30,307.0,224.14285714285714,2023,12,278.0,5,357,51,343.0,255.0,146.0,195.0,301.66666666666663,224.14285714285714,205.78571428571428
2023-12-24 00:00:00+05:30,278.0,234.85714285714286,2023,12,230.0,6,358,51,307.0,343.0,255.0,203.0,309.3333333333333,234.85714285714286,213.64285714285714
2023-12-25 00:00:00+05:30,230.0,242.28571428571428,2023,12,247.0,0,359,52,278.0,307.0,343.0,178.0,271.66666666666663,242.28571428571428,218.35714285714286
2023-12-26 00:00:00+05:30,247.0,258.0,2023,12,273.0,1,360,52,230.0,278.0,307.0,137.0,251.66666666666663,258.0,221.28571428571428
2023-12-27 00:00:00+05:30,273.0,276.14285714285717,2023,12,230.0,2,361,52,247.0,230.0,278.0,146.0,249.99999999999997,276.14285714285717,224.85714285714286
2023-12-28 00:00:00+05:30,230.0,272.57142857142856,2023,12,279.0,3,362,52,273.0,247.0,230.0,255.0,249.99999999999997,272.57142857142856,229.0
2023-12-29 00:00:00+05:30,279.0,263.42857142857144,2023,12,303.0,4,363,52,230.0,273.0,247.0,343.0,260.66666666666663,263.42857142857144,235.78571428571428
2023-12-30 00:00:00+05:30,303.0,262.85714285714283,2023,12,262.0,5,364,52,279.0,230.0,273.0,307.0,270.66666666666663,262.85714285714283,243.5
2023-12-31 00:00:00+05:30,262.0,260.57142857142856,2023,12,211.0,6,365,52,303.0,279.0,230.0,278.0,281.3333333333333,260.57142857142856,247.71428571428572
2024-01-01 00:00:00+05:30,211.0,257.85714285714283,2024,1,207.0,0,1,1,262.0,303.0,279.0,230.0,258.66666666666663,257.85714285714283,250.07142857142858
2024-01-02 00:00:00+05:30,207.0,252.14285714285714,2024,1,222.0,1,2,1,211.0,262.0,303.0,247.0,226.66666666666663,252.14285714285714,255.07142857142858
2024-01-03 00:00:00+05:30,222.0,244.85714285714286,2024,1,257.0,2,3,1,207.0,211.0,262.0,273.0,213.3333333333333,244.85714285714286,260.5
2024-01-04 00:00:00+05:30,257.0,248.71428571428572,2024,1,204.0,3,4,1,222.0,207.0,211.0,230.0,228.66666666666663,248.71428571428572,260.64285714285717
2024-01-05 00:00:00+05:30,204.0,238.0,2024,1,196.0,4,5,1,257.0,222.0,207.0,279.0,227.66666666666663,238.0,250.71428571428572
2024-01-06 00:00:00+05:30,196.0,222.71428571428572,2024,1,193.0,5,6,1,204.0,257.0,222.0,303.0,218.99999999999997,222.71428571428572,242.78571428571428
2024-01-07 00:00:00+05:30,193.0,212.85714285714286,2024,1,277.0,6,7,1,196.0,204.0,257.0,262.0,197.66666666666663,212.85714285714286,236.71428571428572
2024-01-08 00:00:00+05:30,277.0,222.28571428571428,2024,1,165.0,0,8,2,193.0,196.0,204.0,211.0,221.99999999999997,222.28571428571428,240.07142857142858
2024-01-09 00:00:00+05:30,165.0,216.28571428571428,2024,1,189.0,1,9,2,277.0,193.0,196.0,207.0,211.66666666666663,216.28571428571428,234.21428571428572
2024-01-10 00:00:00+05:30,189.0,211.57142857142858,2024,1,221.0,2,10,2,165.0,277.0,193.0,222.0,210.3333333333333,211.57142857142858,228.21428571428572
2024-01-11 00:00:00+05:30,221.0,206.42857142857142,2024,1,203.0,3,11,2,189.0,165.0,277.0,257.0,191.66666666666663,206.42857142857142,227.57142857142858
2024-01-12 00:00:00+05:30,203.0,206.28571428571428,2024,1,460.0,4,12,2,221.0,189.0,165.0,204.0,204.3333333333333,206.28571428571428,222.14285714285714
2024-01-13 00:00:00+05:30,460.0,244.0,2024,1,396.0,5,13,2,203.0,221.0,189.0,196.0,294.66666666666663,244.0,233.35714285714286
2024-01-14 00:00:00+05:30,396.0,273.0,2024,1,208.0,6,14,2,460.0,203.0,221.0,193.0,353.0,273.0,242.92857142857142
2024-01-15 00:00:00+05:30,208.0,263.14285714285717,2024,1,261.0,0,15,3,396.0,460.0,203.0,277.0,354.6666666666667,263.14285714285717,242.71428571428572
2024-01-16 00:00:00+05:30,261.0,276.85714285714283,2024,1,240.0,1,16,3,208.0,396.0,460.0,165.0,288.3333333333333,276.85714285714283,246.57142857142858
2024-01-17 00:00:00+05:30,240.0,284.14285714285717,2024,1,185.0,2,17,3,261.0,208.0,396.0,189.0,236.3333333333333,284.14285714285717,247.85714285714286
2024-01-18 00:00:00+05:30,185.0,279.0,2024,1,202.0,3,18,3,240.0,261.0,208.0,221.0,228.66666666666663,279.0,242.71428571428572
2024-01-19 00:00:00+05:30,202.0,278.85714285714283,2024,1,212.0,4,19,3,185.0,240.0,261.0,203.0,208.99999999999997,278.85714285714283,242.57142857142858
2024-01-20 00:00:00+05:30,212.0,243.42857142857142,2024,1,205.0,5,20,3,202.0,185.0,240.0,460.0,199.66666666666663,243.42857142857142,243.71428571428572
2024-01-21 00:00:00+05:30,205.0,216.14285714285714,2024,1,225.0,6,21,3,212.0,202.0,185.0,396.0,206.3333333333333,216.14285714285714,244.57142857142858
2024-01-22 00:00:00+05:30,225.0,218.57142857142858,2024,1,253.0,0,22,4,205.0,212.0,202.0,208.0,213.99999999999997,218.57142857142858,240.85714285714286
2024-01-23 00:00:00+05:30,253.0,217.42857142857142,2024,1,316.0,1,23,4,225.0,205.0,212.0,261.0,227.66666666666663,217.42857142857142,247.14285714285714
2024-01-24 00:00:00+05:30,316.0,228.28571428571428,2024,1,232.0,2,24,4,253.0,225.0,205.0,240.0,264.66666666666663,228.28571428571428,256.2142857142857
2024-01-25 00:00:00+05:30,232.0,235.0,2024,1,375.0,3,25,4,316.0,253.0,225.0,185.0,266.99999999999994,235.0,257.0
2024-01-26 00:00:00+05:30,375.0,259.7142857142857,2024,1,194.0,4,26,4,232.0,316.0,253.0,202.0,307.66666666666663,259.7142857142857,269.2857142857143
2024-01-27 00:00:00+05:30,194.0,257.14285714285717,2024,1,272.0,5,27,4,375.0,232.0,316.0,212.0,266.99999999999994,257.14285714285717,250.28571428571428
2024-01-28 00:00:00+05:30,272.0,266.7142857142857,2024,1,233.0,6,28,4,194.0,375.0,232.0,205.0,280.3333333333333,266.7142857142857,241.42857142857142
2024-01-29 00:00:00+05:30,233.0,267.85714285714283,2024,1,279.0,0,29,5,272.0,194.0,375.0,225.0,232.99999999999997,267.85714285714283,243.21428571428572
2024-01-30 00:00:00+05:30,279.0,271.57142857142856,2024,1,253.0,1,30,5,233.0,272.0,194.0,253.0,261.3333333333333,271.57142857142856,244.5
2024-01-31 00:00:00+05:30,253.0,262.57142857142856,2024,1,41.3,2,31,5,279.0,233.0,272.0,316.0,254.99999999999997,262.57142857142856,245.42857142857142
2024-02-01 00:00:00+05:30,41.3,235.32857142857142,2024,2,115.0,3,32,5,253.0,279.0,233.0,232.0,191.09999999999994,235.32857142857142,235.16428571428568
2024-02-02 00:00:00+05:30,115.0,198.18571428571428,2024,2,91.1,4,33,5,41.3,253.0,279.0,375.0,136.4333333333333,198.18571428571428,228.95
2024-02-03 00:00:00+05:30,91.1,183.4857142857143,2024,2,142.0,5,34,5,115.0,41.3,253.0,194.0,82.46666666666663,183.4857142857143,220.31428571428572
2024-02-04 00:00:00+05:30,142.0,164.91428571428574,2024,2,80.6,6,35,5,91.1,115.0,41.3,272.0,116.03333333333329,164.91428571428574,215.8142857142857
2024-02-05 00:00:00+05:30,80.6,143.14285714285714,2024,2,74.9,0,36,6,142.0,91.1,115.0,233.0,104.5666666666666,143.14285714285714,205.5
2024-02-06 00:00:00+05:30,74.9,113.98571428571428,2024,2,82.4,1,37,6,80.6,142.0,91.1,279.0,99.16666666666663,113.98571428571428,192.7785714285714
2024-02-07 00:00:00+05:30,82.4,89.61428571428571,2024,2,71.5,2,38,6,74.9,80.6,142.0,253.0,79.29999999999997,89.61428571428571,176.09285714285713
2024-02-08 00:00:00+05:30,71.5,93.92857142857143,2024,2,66.6,3,39,6,82.4,74.9,80.6,41.3,76.26666666666664,93.92857142857143,164.6285714285714
2024-02-09 00:00:00+05:30,66.6,87.01428571428572,2024,2,179.0,4,40,6,71.5,82.4,74.9,115.0,73.49999999999996,87.01428571428572,142.6
2024-02-10 00:00:00+05:30,179.0,99.57142857142857,2024,2,169.0,5,41,6,66.6,71.5,82.4,91.1,105.69999999999997,99.57142857142857,141.52857142857144
2024-02-11 00:00:00+05:30,169.0,103.42857142857143,2024,2,179.0,6,42,6,179.0,66.6,71.5,142.0,138.19999999999996,103.42857142857143,134.17142857142858
2024-02-12 00:00:00+05:30,179.0,117.48571428571428,2024,2,227.0,0,43,7,169.0,179.0,66.6,80.6,175.66666666666663,117.48571428571428,130.31428571428572
2024-02-13 00:00:00+05:30,227.0,139.21428571428572,2024,2,196.0,1,44,7,179.0,169.0,179.0,74.9,191.66666666666663,139.21428571428572,126.60000000000001
2024-02-14 00:00:00+05:30,196.0,155.44285714285712,2024,2,137.0,2,45,7,227.0,179.0,169.0,82.4,200.66666666666663,155.44285714285712,122.52857142857144
2024-02-15 00:00:00+05:30,137.0,164.79999999999998,2024,2,127.0,3,46,7,196.0,227.0,179.0,71.5,186.66666666666663,164.79999999999998,129.3642857142857
2024-02-16 00:00:00+05:30,127.0,173.42857142857142,2024,2,123.0,4,47,7,137.0,196.0,227.0,66.6,153.3333333333333,173.42857142857142,130.22142857142856
2024-02-17 00:00:00+05:30,123.0,165.42857142857142,2024,2,109.0,5,48,7,127.0,137.0,196.0,179.0,128.99999999999997,165.42857142857142,132.5
2024-02-18 00:00:00+05:30,109.0,156.85714285714286,2024,2,99.4,6,49,7,123.0,127.0,137.0,169.0,119.66666666666663,156.85714285714286,130.14285714285714
2024-02-19 00:00:00+05:30,99.4,145.4857142857143,2024,2,136.0,0,50,8,109.0,123.0,127.0,179.0,110.46666666666663,145.4857142857143,131.4857142857143
2024-02-20 00:00:00+05:30,136.0,132.4857142857143,2024,2,94.1,1,51,8,99.4,109.0,123.0,227.0,114.79999999999995,132.4857142857143,135.85
2024-02-21 00:00:00+05:30,94.1,117.92857142857143,2024,2,58.4,2,52,8,136.0,99.4,109.0,196.0,109.8333333333333,117.92857142857143,136.68571428571428
2024-02-22 00:00:00+05:30,58.4,106.7,2024,2,62.3,3,53,8,94.1,136.0,99.4,137.0,96.16666666666663,106.7,135.75
2024-02-23 00:00:00+05:30,62.3,97.45714285714287,2024,2,81.2,4,54,8,58.4,94.1,136.0,127.0,71.59999999999995,97.45714285714287,135.44285714285715
2024-02-24 00:00:00+05:30,81.2,91.48571428571428,2024,2,76.5,5,55,8,62.3,58.4,94.1,123.0,67.29999999999997,91.48571428571428,128.45714285714286
2024-02-25 00:00:00+05:30,76.5,86.84285714285714,2024,2,72.0,6,56,8,81.2,62.3,58.4,109.0,73.3333333333333,86.84285714285714,121.85000000000001
2024-02-26 00:00:00+05:30,72.0,82.92857142857143,2024,2,65.0,0,57,9,76.5,81.2,62.3,99.4,76.56666666666663,82.92857142857143,114.20714285714287
2024-02-27 00:00:00+05:30,65.0,72.78571428571429,2024,2,63.7,1,58,9,72.0,76.5,81.2,136.0,71.16666666666663,72.78571428571429,102.63571428571429
2024-02-28 00:00:00+05:30,63.7,68.44285714285715,2024,2,70.5,2,59,9,65.0,72.0,76.5,94.1,66.89999999999996,68.44285714285715,93.18571428571428
2024-02-29 00:00:00+05:30,70.5,70.17142857142858,2024,2,90.7,3,60,9,63.7,65.0,72.0,58.4,66.39999999999996,70.17142857142858,88.43571428571428
2024-03-01 00:00:00+05:30,90.7,74.22857142857143,2024,3,32.3,4,61,9,70.5,63.7,65.0,62.3,74.96666666666663,74.22857142857143,85.84285714285714
2024-03-02 00:00:00+05:30,32.3,67.24285714285715,2024,3,51.2,5,62,9,90.7,70.5,63.7,81.2,64.49999999999996,67.24285714285715,79.36428571428571
2024-03-03 00:00:00+05:30,51.2,63.62857142857143,2024,3,42.9,6,63,9,32.3,90.7,70.5,76.5,58.06666666666663,63.62857142857143,75.23571428571428
2024-03-04 00:00:00+05:30,42.9,59.47142857142857,2024,3,54.3,0,64,10,51.2,32.3,90.7,72.0,42.1333333333333,59.47142857142857,71.2
2024-03-05 00:00:00+05:30,54.3,57.942857142857136,2024,3,65.8,1,65,10,42.9,51.2,32.3,65.0,49.46666666666663,57.942857142857136,65.36428571428571
2024-03-06 00:00:00+05:30,65.8,58.24285714285714,2024,3,79.3,2,66,10,54.3,42.9,51.2,63.7,54.33333333333329,58.24285714285714,63.34285714285714
2024-03-07 00:00:00+05:30,79.3,59.5,2024,3,60.5,3,67,10,65.8,54.3,42.9,70.5,66.46666666666663,59.5,64.83571428571429
2024-03-08 00:00:00+05:30,60.5,55.18571428571429,2024,3,57.5,4,68,10,79.3,65.8,54.3,90.7,68.53333333333329,55.18571428571429,64.70714285714286
2024-03-09 00:00:00+05:30,57.5,58.785714285714285,2024,3,96.7,5,69,10,60.5,79.3,65.8,32.3,65.76666666666662,58.785714285714285,63.01428571428572
2024-03-10 00:00:00+05:30,96.7,65.28571428571429,2024,3,77.5,6,70,10,57.5,60.5,79.3,51.2,71.56666666666662,65.28571428571429,64.45714285714287
2024-03-11 00:00:00+05:30,77.5,70.22857142857143,2024,3,79.4,0,71,11,96.7,57.5,60.5,42.9,77.23333333333329,70.22857142857143,64.85000000000001
2024-03-12 00:00:00+05:30,79.4,73.81428571428572,2024,3,71.3,1,72,11,77.5,96.7,57.5,54.3,84.53333333333329,73.81428571428572,65.87857142857143
2024-03-13 00:00:00+05:30,71.3,74.60000000000001,2024,3,80.0,2,73,11,79.4,77.5,96.7,65.8,76.06666666666662,74.60000000000001,66.42142857142856
2024-03-14 00:00:00+05:30,80.0,74.7,2024,3,39.4,3,74,11,71.3,79.4,77.5,79.3,76.89999999999996,74.7,67.1
2024-03-15 00:00:00+05:30,39.4,71.68571428571428,2024,3,72.7,4,75,11,80.0,71.3,79.4,60.5,63.56666666666663,71.68571428571428,63.43571428571429
2024-03-16 00:00:00+05:30,72.7,73.85714285714286,2024,3,96.3,5,76,11,39.4,80.0,71.3,57.5,64.03333333333329,73.85714285714286,66.32142857142857
2024-03-17 00:00:00+05:30,96.3,73.8,2024,3,103.0,6,77,11,72.7,39.4,80.0,96.7,69.46666666666663,73.8,69.54285714285713
2024-03-18 00:00:00+05:30,103.0,77.44285714285715,2024,3,96.5,0,78,12,96.3,72.7,39.4,77.5,90.66666666666663,77.44285714285715,73.83571428571429
2024-03-19 00:00:00+05:30,96.5,79.88571428571429,2024,3,117.0,1,79,12,103.0,96.3,72.7,79.4,98.59999999999997,79.88571428571429,76.85000000000001
2024-03-20 00:00:00+05:30,117.0,86.41428571428571,2024,3,73.7,2,80,12,96.5,103.0,96.3,71.3,105.49999999999996,86.41428571428571,80.50714285714287
2024-03-21 00:00:00+05:30,73.7,85.51428571428572,2024,3,69.5,3,81,12,117.0,96.5,103.0,80.0,95.73333333333329,85.51428571428572,80.10714285714286
2024-03-22 00:00:00+05:30,69.5,89.81428571428572,2024,3,89.6,4,82,12,73.7,117.0,96.5,39.4,86.73333333333329,89.81428571428572,80.75
2024-03-23 00:00:00+05:30,89.6,92.22857142857143,2024,3,80.1,5,83,12,69.5,73.7,117.0,72.7,77.59999999999995,92.22857142857143,83.04285714285716
2024-03-24 00:00:00+05:30,80.1,89.91428571428573,2024,3,217.0,6,84,12,89.6,69.5,73.7,96.3,79.73333333333329,89.91428571428573,81.85714285714286
2024-03-25 00:00:00+05:30,217.0,106.20000000000002,2024,3,61.9,0,85,13,80.1,89.6,69.5,103.0,128.89999999999995,106.20000000000002,91.82142857142857
2024-03-26 00:00:00+05:30,61.9,101.25714285714287,2024,3,53.7,1,86,13,217.0,80.1,89.6,96.5,119.66666666666663,101.25714285714287,90.57142857142857
2024-03-27 00:00:00+05:30,53.7,92.21428571428571,2024,3,59.8,2,87,13,61.9,217.0,80.1,117.0,110.86666666666663,92.21428571428571,89.31428571428572
2024-03-28 00:00:00+05:30,59.8,90.22857142857143,2024,3,61.1,3,88,13,53.7,61.9,217.0,73.7,58.46666666666663,90.22857142857143,87.87142857142858
2024-03-29 00:00:00+05:30,61.1,89.02857142857144,2024,3,78.1,4,89,13,59.8,53.7,61.9,69.5,58.19999999999996,89.02857142857144,89.42142857142856
2024-03-30 00:00:00+05:30,78.1,87.38571428571427,2024,3,75.7,5,90,13,61.1,59.8,53.7,89.6,66.3333333333333,87.38571428571427,89.80714285714285
2024-03-31 00:00:00+05:30,75.7,86.75714285714285,2024,3,64.3,6,91,13,78.1,61.1,59.8,80.1,71.63333333333328,86.75714285714285,88.33571428571427
2024-04-01 00:00:00+05:30,64.3,64.94285714285715,2024,4,59.0,0,92,14,75.7,78.1,61.1,217.0,72.69999999999996,64.94285714285715,85.57142857142857
2024-04-02 00:00:00+05:30,59.0,64.52857142857144,2024,4,54.7,1,93,14,64.3,75.7,78.1,61.9,66.3333333333333,64.52857142857144,82.89285714285714
2024-04-03 00:00:00+05:30,54.7,64.67142857142856,2024,4,42.5,2,94,14,59.0,64.3,75.7,53.7,59.33333333333329,64.67142857142856,78.44285714285714
2024-05-04 00:00:00+05:30,130.0,83.58571428571429,2024,5,130.0,5,125,18,155.0,69.9,59.9,50.9,118.29999999999995,83.58571428571429,65.75714285714285
2024-05-05 00:00:00+05:30,130.0,95.22857142857143,2024,5,132.0,6,126,18,130.0,155.0,69.9,48.5,138.3333333333333,95.22857142857143,73.82857142857142
2024-05-06 00:00:00+05:30,132.0,104.10000000000001,2024,5,146.0,0,127,19,130.0,130.0,155.0,69.9,130.66666666666663,104.10000000000001,80.54285714285713
2024-05-07 00:00:00+05:30,146.0,117.54285714285716,2024,5,84.5,1,128,19,132.0,130.0,130.0,51.9,135.99999999999997,117.54285714285716,87.57142857142857
2024-05-08 00:00:00+05:30,84.5,121.05714285714285,2024,5,57.7,2,129,19,146.0,132.0,130.0,59.9,120.8333333333333,121.05714285714285,89.95714285714287
2024-05-09 00:00:00+05:30,57.7,119.31428571428572,2024,5,70.8,3,130,19,84.5,146.0,132.0,69.9,96.06666666666662,119.31428571428572,88.5642857142857
2024-05-10 00:00:00+05:30,70.8,107.28571428571429,2024,5,65.5,4,131,19,57.7,84.5,146.0,155.0,70.99999999999996,107.28571428571429,89.78571428571429
2024-05-11 00:00:00+05:30,65.5,98.07142857142857,2024,5,74.7,5,132,19,70.8,57.7,84.5,130.0,64.66666666666661,98.07142857142857,90.82857142857142
2024-05-12 00:00:00+05:30,74.7,90.17142857142858,2024,5,77.4,6,133,19,65.5,70.8,57.7,130.0,70.33333333333327,90.17142857142858,92.7
2024-05-13 00:00:00+05:30,77.4,82.37142857142858,2024,5,98.9,0,134,20,74.7,65.5,70.8,132.0,72.53333333333329,82.37142857142858,93.23571428571428
2024-05-14 00:00:00+05:30,98.9,75.64285714285714,2024,5,108.0,1,135,20,77.4,74.7,65.5,146.0,83.66666666666663,75.64285714285714,96.59285714285716
2024-05-15 00:00:00+05:30,108.0,79.0,2024,5,99.4,2,136,20,98.9,77.4,74.7,84.5,94.76666666666664,79.0,100.02857142857144
2024-05-16 00:00:00+05:30,99.4,84.95714285714287,2024,5,83.1,3,137,20,108.0,98.9,77.4,57.7,102.09999999999995,84.95714285714287,102.13571428571427
2024-05-17 00:00:00+05:30,83.1,86.71428571428574,2024,5,88.7,4,138,20,99.4,108.0,98.9,70.8,96.8333333333333,86.71428571428574,97.00000000000001
2024-05-18 00:00:00+05:30,88.7,90.02857142857142,2024,5,74.7,5,139,20,83.1,99.4,108.0,65.5,90.39999999999996,90.02857142857142,94.04999999999998
2024-05-19 00:00:00+05:30,74.7,90.02857142857144,2024,5,74.3,6,140,20,88.7,83.1,99.4,74.7,82.16666666666661,90.02857142857144,90.1
2024-05-20 00:00:00+05:30,74.3,89.58571428571429,2024,5,78.9,0,141,21,74.7,88.7,83.1,77.4,79.23333333333329,89.58571428571429,85.97857142857143
2024-05-21 00:00:00+05:30,78.9,86.72857142857141,2024,5,75.9,1,142,21,74.3,74.7,88.7,98.9,75.96666666666663,86.72857142857141,81.18571428571428
2024-05-22 00:00:00+05:30,75.9,82.14285714285714,2024,5,53.6,2,143,21,78.9,74.3,74.7,108.0,76.36666666666663,82.14285714285714,80.57142857142857
2024-05-23 00:00:00+05:30,53.6,75.60000000000001,2024,5,50.5,3,144,21,75.9,78.9,74.3,99.4,69.46666666666663,75.60000000000001,80.27857142857144
2024-05-24 00:00:00+05:30,50.5,70.94285714285715,2024,5,55.0,4,145,21,53.6,75.9,78.9,83.1,59.99999999999995,70.94285714285715,78.82857142857142
2024-05-25 00:00:00+05:30,55.0,66.12857142857142,2024,5,67.0,5,146,21,50.5,53.6,75.9,88.7,53.03333333333328,66.12857142857142,78.07857142857142
2024-05-26 00:00:00+05:30,67.0,65.02857142857142,2024,5,80.5,6,147,21,55.0,50.5,53.6,74.7,57.49999999999995,65.02857142857142,77.52857142857144
2024-05-27 00:00:00+05:30,80.5,65.91428571428571,2024,5,82.0,0,148,22,67.0,55.0,50.5,74.3,67.49999999999996,65.91428571428571,77.75
2024-05-28 00:00:00+05:30,82.0,66.35714285714286,2024,5,72.2,1,149,22,80.5,67.0,55.0,78.9,76.49999999999996,66.35714285714286,76.54285714285713
2024-05-29 00:00:00+05:30,72.2,65.82857142857144,2024,5,54.2,2,150,22,82.0,80.5,67.0,75.9,78.23333333333329,65.82857142857144,73.98571428571428
2024-05-30 00:00:00+05:30,54.2,65.91428571428571,2024,5,49.6,3,151,22,72.2,82.0,80.5,53.6,69.46666666666663,65.91428571428571,70.75714285714285
2024-05-31 00:00:00+05:30,49.6,65.78571428571429,2024,5,70.9,4,152,22,54.2,72.2,82.0,50.5,58.66666666666662,65.78571428571429,68.36428571428571
2024-06-01 00:00:00+05:30,70.9,68.05714285714285,2024,6,37.7,5,153,22,49.6,54.2,72.2,55.0,58.23333333333329,68.05714285714285,67.09285714285714
2024-06-02 00:00:00+05:30,37.7,63.871428571428574,2024,6,48.5,6,154,22,70.9,49.6,54.2,67.0,52.73333333333329,63.871428571428574,64.45
2024-06-03 00:00:00+05:30,48.5,59.300000000000004,2024,6,71.1,0,155,23,37.7,70.9,49.6,80.5,52.36666666666662,59.300000000000004,62.607142857142854
2024-06-04 00:00:00+05:30,71.1,57.74285714285714,2024,6,66.2,1,156,23,48.5,37.7,70.9,82.0,52.43333333333328,57.74285714285714,62.050000000000004
2024-06-05 00:00:00+05:30,66.2,56.88571428571429,2024,6,57.2,2,157,23,71.1,48.5,37.7,72.2,61.93333333333328,56.88571428571429,61.357142857142854
2024-06-06 00:00:00+05:30,57.2,57.31428571428571,2024,6,109.0,3,158,23,66.2,71.1,48.5,54.2,64.83333333333329,57.31428571428571,61.614285714285714
2024-06-07 00:00:00+05:30,109.0,65.8,2024,6,59.8,4,159,23,57.2,66.2,71.1,49.6,77.46666666666663,65.8,65.79285714285714
2024-06-08 00:00:00+05:30,59.8,64.21428571428571,2024,6,46.2,5,160,23,109.0,57.2,66.2,70.9,75.3333333333333,64.21428571428571,66.13571428571429
2024-06-09 00:00:00+05:30,46.2,65.42857142857143,2024,6,40.4,6,161,23,59.8,109.0,57.2,37.7,71.66666666666661,65.42857142857143,64.65
2024-06-10 00:00:00+05:30,40.4,64.27142857142857,2024,6,83.3,0,162,24,46.2,59.8,109.0,48.5,48.799999999999955,64.27142857142857,61.785714285714285
2024-06-11 00:00:00+05:30,83.3,66.01428571428572,2024,6,87.5,1,163,24,40.4,46.2,59.8,71.1,56.63333333333329,66.01428571428572,61.878571428571426
2024-06-12 00:00:00+05:30,87.5,69.05714285714285,2024,6,79.2,2,164,24,83.3,40.4,46.2,66.2,70.39999999999995,69.05714285714285,62.97142857142857
2024-06-13 00:00:00+05:30,79.2,72.2,2024,6,67.4,3,165,24,87.5,83.3,40.4,57.2,83.33333333333327,72.2,64.75714285714285
2024-06-14 00:00:00+05:30,67.4,66.25714285714285,2024,6,42.8,4,166,24,79.2,87.5,83.3,109.0,78.03333333333329,66.25714285714285,66.02857142857142
2024-06-15 00:00:00+05:30,42.8,63.82857142857142,2024,6,75.4,5,167,24,67.4,79.2,87.5,59.8,63.13333333333329,63.82857142857142,64.02142857142857
2024-06-16 00:00:00+05:30,75.4,68.0,2024,6,69.6,6,168,24,42.8,67.4,79.2,46.2,61.86666666666662,68.0,66.71428571428571
2024-06-17 00:00:00+05:30,69.6,72.17142857142858,2024,6,116.0,0,169,25,75.4,42.8,67.4,40.4,62.599999999999945,72.17142857142858,68.22142857142858
2024-06-18 00:00:00+05:30,116.0,76.84285714285714,2024,6,76.3,1,170,25,69.6,75.4,42.8,83.3,86.99999999999994,76.84285714285714,71.42857142857143
2024-06-19 00:00:00+05:30,76.3,75.24285714285715,2024,6,46.0,2,171,25,116.0,69.6,75.4,87.5,87.29999999999995,75.24285714285715,72.15
2024-06-20 00:00:00+05:30,46.0,70.5,2024,6,61.2,3,172,25,76.3,116.0,69.6,79.2,79.43333333333328,70.5,71.35
2024-06-21 00:00:00+05:30,61.2,69.61428571428571,2024,6,80.0,4,173,25,46.0,76.3,116.0,67.4,61.16666666666662,69.61428571428571,67.93571428571428
2024-06-22 00:00:00+05:30,80.0,74.92857142857143,2024,6,55.7,5,174,25,61.2,46.0,76.3,42.8,62.399999999999956,74.92857142857143,69.37857142857143
2024-06-23 00:00:00+05:30,55.7,72.11428571428571,2024,6,52.0,6,175,25,80.0,61.2,46.0,75.4,65.63333333333328,72.11428571428571,70.05714285714285
2024-06-24 00:00:00+05:30,52.0,69.60000000000001,2024,6,60.7,0,176,26,55.7,80.0,61.2,69.6,62.56666666666663,69.60000000000001,70.88571428571429
2024-06-25 00:00:00+05:30,60.7,61.7,2024,6,47.4,1,177,26,52.0,55.7,80.0,116.0,56.13333333333329,61.7,69.27142857142857
2024-06-26 00:00:00+05:30,47.4,57.57142857142857,2024,6,27.1,2,178,26,60.7,52.0,55.7,76.3,53.36666666666662,57.57142857142857,66.40714285714286
2024-06-27 00:00:00+05:30,27.1,54.871428571428574,2024,6,29.5,3,179,26,47.4,60.7,52.0,46.0,45.06666666666663,54.871428571428574,62.68571428571429
2024-06-28 00:00:00+05:30,29.5,50.34285714285714,2024,6,39.1,4,180,26,27.1,47.4,60.7,61.2,34.66666666666662,50.34285714285714,59.978571428571435
2024-06-29 00:00:00+05:30,39.1,44.5,2024,6,47.8,5,181,26,29.5,27.1,47.4,80.0,31.899999999999952,44.5,59.714285714285715
2024-06-30 00:00:00+05:30,47.8,43.37142857142857,2024,6,29.9,6,182,26,39.1,29.5,27.1,55.7,38.79999999999995,43.37142857142857,57.74285714285714
2024-07-01 00:00:00+05:30,29.9,40.214285714285715,2024,7,32.3,0,183,27,47.8,39.1,29.5,52.0,38.93333333333329,40.214285714285715,54.90714285714285
2024-07-02 00:00:00+05:30,32.3,36.15714285714286,2024,7,30.3,1,184,27,29.9,47.8,39.1,60.7,36.66666666666662,36.15714285714286,48.92857142857143
2024-07-03 00:00:00+05:30,30.3,33.714285714285715,2024,7,18.5,2,185,27,32.3,29.9,47.8,47.4,30.833333333333286,33.714285714285715,45.642857142857146
2024-07-04 00:00:00+05:30,18.5,32.48571428571429,2024,7,25.0,3,186,27,30.3,32.3,29.9,27.1,27.033333333333285,32.48571428571429,43.67857142857143
2024-07-05 00:00:00+05:30,25.0,31.842857142857145,2024,7,22.9,4,187,27,18.5,30.3,32.3,29.5,24.59999999999995,31.842857142857145,41.09285714285714
2024-07-06 00:00:00+05:30,22.9,29.52857142857143,2024,7,7.19,5,188,27,25.0,18.5,30.3,39.1,22.133333333333287,29.52857142857143,37.01428571428571
2024-07-07 00:00:00+05:30,7.19,23.727142857142855,2024,7,20.8,6,189,27,22.9,25.0,18.5,47.8,18.363333333333287,23.727142857142855,33.549285714285716
2024-07-08 00:00:00+05:30,20.8,22.427142857142858,2024,7,38.1,0,190,28,7.19,22.9,25.0,29.9,16.963333333333285,22.427142857142858,31.320714285714285
2024-07-09 00:00:00+05:30,38.1,23.255714285714287,2024,7,51.0,1,191,28,20.8,7.19,22.9,32.3,22.029999999999955,23.255714285714287,29.70642857142857
2024-07-10 00:00:00+05:30,51.0,26.212857142857143,2024,7,45.4,2,192,28,38.1,20.8,7.19,30.3,36.63333333333329,26.212857142857143,29.96357142857143
2024-07-11 00:00:00+05:30,45.4,30.055714285714284,2024,7,24.6,3,193,28,51.0,38.1,20.8,18.5,44.833333333333286,30.055714285714284,31.270714285714288
2024-07-12 00:00:00+05:30,24.6,29.99857142857143,2024,7,34.9,4,194,28,45.4,51.0,38.1,25.0,40.333333333333286,29.99857142857143,30.920714285714286
2024-07-13 00:00:00+05:30,34.9,31.712857142857143,2024,7,44.1,5,195,28,24.6,45.4,51.0,22.9,34.96666666666662,31.712857142857143,30.620714285714286
2024-07-14 00:00:00+05:30,44.1,36.98571428571429,2024,7,40.9,6,196,28,34.9,24.6,45.4,7.19,34.53333333333328,36.98571428571429,30.356428571428573
2024-07-15 00:00:00+05:30,40.9,39.857142857142854,2024,7,39.5,0,197,29,44.1,34.9,24.6,20.8,39.96666666666662,39.857142857142854,31.142142857142858
2024-07-16 00:00:00+05:30,39.5,40.05714285714286,2024,7,32.0,1,198,29,40.9,44.1,34.9,38.1,41.49999999999995,40.05714285714286,31.656428571428574
2024-07-17 00:00:00+05:30,32.0,37.34285714285714,2024,7,39.8,2,199,29,39.5,40.9,44.1,51.0,37.46666666666662,37.34285714285714,31.777857142857147
2024-07-18 00:00:00+05:30,39.8,36.542857142857144,2024,7,58.0,3,200,29,32.0,39.5,40.9,45.4,37.09999999999995,36.542857142857144,33.299285714285716
2024-07-19 00:00:00+05:30,58.0,41.31428571428571,2024,7,47.2,4,201,29,39.8,32.0,39.5,24.6,43.266666666666616,41.31428571428571,35.65642857142857
2024-07-20 00:00:00+05:30,47.2,43.07142857142857,2024,7,36.9,5,202,29,58.0,39.8,32.0,34.9,48.333333333333286,43.07142857142857,37.39214285714286
2024-07-21 00:00:00+05:30,36.9,42.04285714285714,2024,7,34.6,6,203,29,47.2,58.0,39.8,44.1,47.36666666666662,42.04285714285714,39.51428571428572
2024-07-22 00:00:00+05:30,34.6,41.142857142857146,2024,7,44.7,0,204,30,36.9,47.2,58.0,40.9,39.56666666666662,41.142857142857146,40.5
2024-07-23 00:00:00+05:30,44.7,41.885714285714286,2024,7,47.7,1,205,30,34.6,36.9,47.2,39.5,38.733333333333285,41.885714285714286,40.97142857142857
2024-07-24 00:00:00+05:30,47.7,44.12857142857143,2024,7,33.4,2,206,30,44.7,34.6,36.9,32.0,42.33333333333329,44.12857142857143,40.73571428571428
2024-07-25 00:00:00+05:30,33.4,43.214285714285715,2024,7,50.3,3,207,30,47.7,44.7,34.6,39.8,41.93333333333329,43.214285714285715,39.878571428571426
2024-07-26 00:00:00+05:30,50.3,42.114285714285714,2024,7,37.9,4,208,30,33.4,47.7,44.7,58.0,43.799999999999955,42.114285714285714,41.714285714285715
2024-07-27 00:00:00+05:30,37.9,40.785714285714285,2024,7,23.4,5,209,30,50.3,33.4,47.7,47.2,40.53333333333328,40.785714285714285,41.92857142857143
2024-07-28 00:00:00+05:30,23.4,38.857142857142854,2024,7,27.4,6,210,30,37.9,50.3,33.4,36.9,37.19999999999995,38.857142857142854,40.449999999999996
2024-07-29 00:00:00+05:30,27.4,37.82857142857143,2024,7,31.3,0,211,31,23.4,37.9,50.3,34.6,29.566666666666617,37.82857142857143,39.48571428571428
2024-07-30 00:00:00+05:30,31.3,35.91428571428571,2024,7,23.7,1,212,31,27.4,23.4,37.9,44.7,27.366666666666617,35.91428571428571,38.9
2024-07-31 00:00:00+05:30,23.7,32.48571428571429,2024,7,9.64,2,213,31,31.3,27.4,23.4,47.7,27.466666666666622,32.48571428571429,38.30714285714286
2024-08-01 00:00:00+05:30,9.64,29.09142857142857,2024,8,21.7,3,214,31,23.7,31.3,27.4,33.4,21.54666666666662,29.09142857142857,36.152857142857144
2024-08-02 00:00:00+05:30,21.7,25.005714285714284,2024,8,14.8,4,215,31,9.64,23.7,31.3,50.3,18.34666666666662,25.005714285714284,33.56
2024-08-03 00:00:00+05:30,14.8,21.705714285714286,2024,8,11.4,5,216,31,21.7,9.64,23.7,37.9,15.379999999999953,21.705714285714286,31.245714285714286
2024-08-04 00:00:00+05:30,11.4,19.99142857142857,2024,8,14.8,6,217,31,14.8,21.7,9.64,23.4,15.966666666666619,19.99142857142857,29.424285714285713
2024-08-05 00:00:00+05:30,14.8,18.19142857142857,2024,8,12.2,0,218,32,11.4,14.8,21.7,27.4,13.66666666666662,18.19142857142857,28.009999999999998
2024-08-06 00:00:00+05:30,12.2,15.462857142857143,2024,8,11.3,1,219,32,14.8,11.4,14.8,31.3,12.799999999999953,15.462857142857143,25.68857142857143
2024-08-07 00:00:00+05:30,11.3,13.69142857142857,2024,8,12.8,2,220,32,12.2,14.8,11.4,23.7,12.766666666666621,13.69142857142857,23.08857142857143
2024-08-08 00:00:00+05:30,12.8,14.142857142857142,2024,8,18.5,3,221,32,11.3,12.2,14.8,9.64,12.099999999999952,14.142857142857142,21.61714285714286
2024-08-09 00:00:00+05:30,18.5,13.685714285714287,2024,8,24.5,4,222,32,12.8,11.3,12.2,21.7,14.199999999999953,13.685714285714287,19.345714285714287
2024-08-10 00:00:00+05:30,24.5,15.071428571428571,2024,8,16.5,5,223,32,18.5,12.8,11.3,14.8,18.59999999999995,15.071428571428571,18.388571428571428
2024-08-11 00:00:00+05:30,16.5,15.799999999999999,2024,8,23.7,6,224,32,24.5,18.5,12.8,11.4,19.833333333333286,15.799999999999999,17.895714285714284
2024-08-12 00:00:00+05:30,23.7,17.071428571428573,2024,8,12.8,0,225,33,16.5,24.5,18.5,14.8,21.56666666666662,17.071428571428573,17.63142857142857
2024-08-13 00:00:00+05:30,12.8,17.157142857142855,2024,8,24.6,1,226,33,23.7,16.5,24.5,12.2,17.666666666666618,17.157142857142855,16.31
2024-08-14 00:00:00+05:30,24.6,19.057142857142857,2024,8,15.4,2,227,33,12.8,23.7,16.5,11.3,20.36666666666662,19.057142857142857,16.374285714285715
2024-08-15 00:00:00+05:30,15.4,19.428571428571427,2024,8,12.7,3,228,33,24.6,12.8,23.7,12.8,17.599999999999955,19.428571428571427,16.785714285714285
2024-08-16 00:00:00+05:30,12.7,18.599999999999998,2024,8,24.1,4,229,33,15.4,24.6,12.8,18.5,17.56666666666662,18.599999999999998,16.142857142857142
2024-08-17 00:00:00+05:30,24.1,18.542857142857144,2024,8,21.9,5,230,33,12.7,15.4,24.6,24.5,17.399999999999952,18.542857142857144,16.807142857142857
2024-08-18 00:00:00+05:30,21.9,19.314285714285713,2024,8,18.7,6,231,33,24.1,12.7,15.4,16.5,19.56666666666662,19.314285714285713,17.557142857142857
2024-08-19 00:00:00+05:30,18.7,18.6,2024,8,16.9,0,232,34,21.9,24.1,12.7,23.7,21.56666666666662,18.6,17.835714285714285
2024-08-20 00:00:00+05:30,16.9,19.185714285714283,2024,8,22.4,1,233,34,18.7,21.9,24.1,12.8,19.166666666666618,19.185714285714283,18.17142857142857
2024-08-21 00:00:00+05:30,22.4,18.87142857142857,2024,8,20.9,2,234,34,16.9,18.7,21.9,24.6,19.333333333333286,18.87142857142857,18.964285714285715
2024-08-22 00:00:00+05:30,20.9,19.657142857142855,2024,8,24.9,3,235,34,22.4,16.9,18.7,15.4,20.066666666666617,19.657142857142855,19.542857142857144
2024-08-23 00:00:00+05:30,24.9,21.400000000000002,2024,8,49.6,4,236,34,20.9,22.4,16.9,12.7,22.733333333333288,21.400000000000002,20.0
2024-08-24 00:00:00+05:30,49.6,25.042857142857144,2024,8,17.1,5,237,34,24.9,20.9,22.4,24.1,31.79999999999995,25.042857142857144,21.792857142857144
2024-08-25 00:00:00+05:30,17.1,24.357142857142858,2024,8,21.2,6,238,34,49.6,24.9,20.9,21.9,30.533333333333285,24.357142857142858,21.835714285714285
2024-08-26 00:00:00+05:30,21.2,24.714285714285715,2024,8,16.1,0,239,35,17.1,49.6,24.9,18.7,29.29999999999995,24.714285714285715,21.657142857142862
2024-08-27 00:00:00+05:30,16.1,24.599999999999998,2024,8,15.3,1,240,35,21.2,17.1,49.6,16.9,18.133333333333287,24.599999999999998,21.892857142857142
2024-08-28 00:00:00+05:30,15.3,23.585714285714285,2024,8,17.9,2,241,35,16.1,21.2,17.1,22.4,17.533333333333285,23.585714285714285,21.228571428571428
2024-08-29 00:00:00+05:30,17.9,23.157142857142862,2024,8,33.7,3,242,35,15.3,16.1,21.2,20.9,16.433333333333284,23.157142857142862,21.407142857142855
2024-08-30 00:00:00+05:30,33.7,24.414285714285715,2024,8,32.2,4,243,35,17.9,15.3,16.1,24.9,22.299999999999955,24.414285714285715,22.907142857142862
2024-08-31 00:00:00+05:30,32.2,21.928571428571427,2024,8,33.7,5,244,35,33.7,17.9,15.3,49.6,27.93333333333329,21.928571428571427,23.485714285714288
2024-09-01 00:00:00+05:30,33.7,24.300000000000004,2024,9,26.1,6,245,35,32.2,33.7,17.9,17.1,33.19999999999995,24.300000000000004,24.32857142857143
2024-09-02 00:00:00+05:30,26.1,25.0,2024,9,22.0,0,246,36,33.7,32.2,33.7,21.2,30.666666666666618,25.0,24.857142857142858
2024-09-03 00:00:00+05:30,22.0,25.842857142857145,2024,9,16.5,1,247,36,26.1,33.7,32.2,16.1,27.26666666666662,25.842857142857145,25.22142857142857
2024-09-04 00:00:00+05:30,16.5,26.014285714285716,2024,9,25.0,2,248,36,22.0,26.1,33.7,15.3,21.533333333333285,26.014285714285716,24.800000000000004
2024-09-05 00:00:00+05:30,25.0,27.028571428571432,2024,9,16.9,3,249,36,16.5,22.0,26.1,17.9,21.166666666666618,27.028571428571432,25.092857142857145
2024-09-06 00:00:00+05:30,16.9,24.62857142857143,2024,9,23.4,4,250,36,25.0,16.5,22.0,33.7,19.466666666666615,24.62857142857143,24.521428571428572
2024-09-07 00:00:00+05:30,23.4,23.371428571428574,2024,9,43.4,5,251,36,16.9,25.0,16.5,32.2,21.766666666666612,23.371428571428574,22.650000000000002
2024-09-08 00:00:00+05:30,43.4,24.757142857142856,2024,9,41.6,6,252,36,23.4,16.9,25.0,33.7,27.89999999999995,24.757142857142856,24.528571428571432
2024-09-09 00:00:00+05:30,41.6,26.97142857142857,2024,9,36.2,0,253,37,43.4,23.4,16.9,26.1,36.133333333333276,26.97142857142857,25.985714285714284
2024-09-10 00:00:00+05:30,36.2,29.0,2024,9,26.9,1,254,37,41.6,43.4,23.4,22.0,40.39999999999995,29.0,27.421428571428574
2024-09-11 00:00:00+05:30,26.9,30.485714285714288,2024,9,9.91,2,255,37,36.2,41.6,43.4,16.5,34.89999999999995,30.485714285714288,28.25
2024-09-12 00:00:00+05:30,9.91,28.330000000000002,2024,9,11.4,3,256,37,26.9,36.2,41.6,25.0,24.336666666666616,28.330000000000002,27.67928571428572
2024-09-13 00:00:00+05:30,11.4,27.544285714285714,2024,9,21.6,4,257,37,9.91,26.9,36.2,16.9,16.06999999999995,27.544285714285714,26.08642857142857
2024-09-14 00:00:00+05:30,21.6,27.28714285714286,2024,9,30.8,5,258,37,11.4,9.91,26.9,23.4,14.303333333333285,27.28714285714286,25.329285714285714
2024-09-15 00:00:00+05:30,30.8,25.48714285714286,2024,9,39.0,6,259,37,21.6,11.4,9.91,43.4,21.26666666666662,25.48714285714286,25.122142857142858
2024-09-16 00:00:00+05:30,39.0,25.115714285714287,2024,9,46.6,0,260,38,30.8,21.6,11.4,41.6,30.466666666666615,25.115714285714287,26.04357142857143
2024-09-17 00:00:00+05:30,46.6,26.601428571428574,2024,9,29.6,1,261,38,39.0,30.8,21.6,36.2,38.79999999999995,26.601428571428574,27.800714285714285
2024-09-18 00:00:00+05:30,29.6,26.987142857142857,2024,9,26.0,2,262,38,46.6,39.0,30.8,26.9,38.39999999999995,26.987142857142857,28.736428571428572
2024-09-19 00:00:00+05:30,26.0,29.285714285714285,2024,9,26.7,3,263,38,29.6,46.6,39.0,9.91,34.06666666666661,29.285714285714285,28.80785714285714
2024-09-20 00:00:00+05:30,26.7,31.471428571428568,2024,9,32.7,4,264,38,26.0,29.6,46.6,11.4,27.43333333333328,31.471428571428568,29.507857142857144
2024-09-21 00:00:00+05:30,32.7,33.05714285714286,2024,9,61.5,5,265,38,26.7,26.0,29.6,21.6,28.46666666666661,33.05714285714286,30.17214285714286
2024-09-22 00:00:00+05:30,61.5,37.44285714285714,2024,9,70.8,6,266,38,32.7,26.7,26.0,30.8,40.29999999999995,37.44285714285714,31.465
2024-09-23 00:00:00+05:30,70.8,41.98571428571428,2024,9,81.0,0,267,39,61.5,32.7,26.7,39.0,54.99999999999994,41.98571428571428,33.550714285714285
2024-09-24 00:00:00+05:30,81.0,46.9,2024,9,71.0,1,268,39,70.8,61.5,32.7,46.6,71.09999999999995,46.9,36.75071428571429
2024-09-25 00:00:00+05:30,71.0,52.814285714285724,2024,9,23.2,2,269,39,81.0,70.8,61.5,29.6,74.26666666666661,52.814285714285724,39.90071428571429
2024-09-26 00:00:00+05:30,23.2,52.41428571428572,2024,9,11.3,3,270,39,71.0,81.0,70.8,26.0,58.39999999999995,52.41428571428572,40.85000000000001
2024-09-27 00:00:00+05:30,11.3,50.214285714285715,2024,9,16.1,4,271,39,23.2,71.0,81.0,26.7,35.166666666666615,50.214285714285715,40.84285714285714
2024-09-28 00:00:00+05:30,16.1,47.84285714285714,2024,9,23.1,5,272,39,11.3,23.2,71.0,32.7,16.866666666666614,47.84285714285714,40.45
2024-09-29 00:00:00+05:30,23.1,42.357142857142854,2024,9,52.9,6,273,39,16.1,11.3,23.2,61.5,16.833333333333282,42.357142857142854,39.9
2024-09-30 00:00:00+05:30,52.9,39.8,2024,9,58.9,0,274,40,23.1,16.1,11.3,70.8,30.69999999999995,39.8,40.892857142857146
2024-10-01 00:00:00+05:30,58.9,36.642857142857146,2024,10,59.0,1,275,40,52.9,23.1,16.1,81.0,44.96666666666661,36.642857142857146,41.771428571428565
2024-10-02 00:00:00+05:30,59.0,34.92857142857143,2024,10,45.0,2,276,40,58.9,52.9,23.1,71.0,56.93333333333328,34.92857142857143,43.871428571428574
2024-10-03 00:00:00+05:30,45.0,38.042857142857144,2024,10,50.8,3,277,40,59.0,58.9,52.9,23.2,54.29999999999995,38.042857142857144,45.228571428571435
2024-10-04 00:00:00+05:30,50.8,43.685714285714276,2024,10,36.8,4,278,40,45.0,59.0,58.9,11.3,51.599999999999945,43.685714285714276,46.949999999999996
2024-10-05 00:00:00+05:30,36.8,46.642857142857146,2024,10,39.1,5,279,40,50.8,45.0,59.0,16.1,44.19999999999994,46.642857142857146,47.24285714285714
2024-10-06 00:00:00+05:30,39.1,48.92857142857143,2024,10,43.7,6,280,40,36.8,50.8,45.0,23.1,42.23333333333328,48.92857142857143,45.642857142857146
2024-10-07 00:00:00+05:30,43.7,47.614285714285714,2024,10,62.7,0,281,41,39.1,36.8,50.8,52.9,39.86666666666661,47.614285714285714,43.707142857142856
2024-10-08 00:00:00+05:30,62.7,48.15714285714285,2024,10,60.0,1,282,41,43.7,39.1,36.8,58.9,48.49999999999994,48.15714285714285,42.4
2024-10-09 00:00:00+05:30,60.0,48.3,2024,10,43.3,2,283,41,62.7,43.7,39.1,59.0,55.46666666666662,48.3,41.614285714285714
2024-10-10 00:00:00+05:30,43.3,48.05714285714286,2024,10,55.9,3,284,41,60.0,62.7,43.7,45.0,55.33333333333328,48.05714285714286,43.05
2024-10-11 00:00:00+05:30,55.9,48.785714285714285,2024,10,60.0,4,285,41,43.3,60.0,62.7,50.8,53.06666666666661,48.785714285714285,46.23571428571428
2024-10-12 00:00:00+05:30,60.0,52.10000000000001,2024,10,84.3,5,286,41,55.9,43.3,60.0,36.8,53.06666666666661,52.10000000000001,49.37142857142857
2024-10-13 00:00:00+05:30,84.3,58.55714285714286,2024,10,85.9,6,287,41,60.0,55.9,43.3,39.1,66.73333333333328,58.55714285714286,53.74285714285714
2024-10-14 00:00:00+05:30,85.9,64.58571428571429,2024,10,76.2,0,288,42,84.3,60.0,55.9,43.7,76.73333333333328,64.58571428571429,56.1
2024-10-15 00:00:00+05:30,76.2,66.51428571428572,2024,10,92.2,1,289,42,85.9,84.3,60.0,62.7,82.13333333333328,66.51428571428572,57.33571428571429
2024-10-16 00:00:00+05:30,92.2,71.11428571428571,2024,10,112.0,2,290,42,76.2,85.9,84.3,60.0,84.76666666666661,71.11428571428571,59.707142857142856
2024-10-17 00:00:00+05:30,112.0,80.92857142857143,2024,10,97.8,3,291,42,92.2,76.2,85.9,43.3,93.46666666666663,80.92857142857143,64.49285714285715
2024-10-18 00:00:00+05:30,97.8,86.91428571428573,2024,10,101.0,4,292,42,112.0,92.2,76.2,55.9,100.66666666666663,86.91428571428573,67.85000000000001
2024-10-19 00:00:00+05:30,101.0,92.77142857142859,2024,10,120.0,5,293,42,97.8,112.0,92.2,60.0,103.59999999999995,92.77142857142859,72.43571428571428
2024-10-20 00:00:00+05:30,120.0,97.87142857142855,2024,10,131.0,6,294,42,101.0,97.8,112.0,84.3,106.26666666666661,97.87142857142855,78.21428571428571
2024-10-21 00:00:00+05:30,131.0,104.31428571428572,2024,10,136.0,0,295,43,120.0,101.0,97.8,85.9,117.33333333333327,104.31428571428572,84.45
2024-10-22 00:00:00+05:30,136.0,112.85714285714286,2024,10,194.0,1,296,43,131.0,120.0,101.0,76.2,128.99999999999994,112.85714285714286,89.6857142857143
2024-10-23 00:00:00+05:30,194.0,127.39999999999999,2024,10,130.0,2,297,43,136.0,131.0,120.0,92.2,153.6666666666666,127.39999999999999,99.25714285714287
2024-10-24 00:00:00+05:30,130.0,129.97142857142856,2024,10,111.0,3,298,43,194.0,136.0,131.0,112.0,153.3333333333333,129.97142857142856,105.45
2024-10-25 00:00:00+05:30,111.0,131.85714285714286,2024,10,137.0,4,299,43,130.0,194.0,136.0,97.8,144.99999999999994,131.85714285714286,109.38571428571429
2024-10-26 00:00:00+05:30,137.0,137.0,2024,10,157.0,5,300,43,111.0,130.0,194.0,101.0,125.99999999999994,137.0,114.88571428571429
2024-10-27 00:00:00+05:30,157.0,142.28571428571428,2024,10,115.0,6,301,43,137.0,111.0,130.0,120.0,134.99999999999994,142.28571428571428,120.07857142857144
2024-10-28 00:00:00+05:30,115.0,140.0,2024,10,97.7,0,302,44,157.0,137.0,111.0,131.0,136.3333333333333,140.0,122.15714285714286
2024-10-29 00:00:00+05:30,97.7,134.52857142857144,2024,10,131.0,1,303,44,115.0,157.0,137.0,136.0,123.23333333333328,134.52857142857144,123.69285714285715
2024-10-30 00:00:00+05:30,131.0,125.52857142857144,2024,10,176.0,2,304,44,97.7,115.0,157.0,194.0,114.5666666666666,125.52857142857144,126.46428571428571
2024-10-31 00:00:00+05:30,176.0,132.1,2024,10,117.0,3,305,44,131.0,97.7,115.0,130.0,134.89999999999995,132.1,131.03571428571428
2024-11-01 00:00:00+05:30,117.0,132.95714285714286,2024,11,184.0,4,306,44,176.0,131.0,97.7,111.0,141.3333333333333,132.95714285714286,132.40714285714284
2024-11-02 00:00:00+05:30,184.0,139.67142857142858,2024,11,207.0,5,307,44,117.0,176.0,131.0,137.0,158.99999999999994,139.67142857142858,138.33571428571426
2024-11-03 00:00:00+05:30,207.0,146.81428571428572,2024,11,218.0,6,308,44,184.0,117.0,176.0,157.0,169.3333333333333,146.81428571428572,144.54999999999998
2024-11-04 00:00:00+05:30,218.0,161.52857142857144,2024,11,171.0,0,309,45,207.0,184.0,117.0,115.0,202.99999999999991,161.52857142857144,150.7642857142857
2024-11-05 00:00:00+05:30,171.0,172.0,2024,11,168.0,1,310,45,218.0,207.0,184.0,97.7,198.6666666666666,172.0,153.2642857142857
2024-11-06 00:00:00+05:30,168.0,177.28571428571428,2024,11,206.0,2,311,45,171.0,218.0,207.0,131.0,185.6666666666666,177.28571428571428,151.40714285714284
2024-11-07 00:00:00+05:30,206.0,181.57142857142858,2024,11,180.0,3,312,45,168.0,171.0,218.0,176.0,181.6666666666666,181.57142857142858,156.83571428571426
2024-11-08 00:00:00+05:30,180.0,190.57142857142858,2024,11,164.0,4,313,45,206.0,168.0,171.0,117.0,184.6666666666666,190.57142857142858,161.7642857142857
2024-11-09 00:00:00+05:30,164.0,187.71428571428572,2024,11,156.0,5,314,45,180.0,206.0,168.0,184.0,183.33333333333326,187.71428571428572,163.69285714285712
2024-11-10 00:00:00+05:30,156.0,180.42857142857142,2024,11,167.0,6,315,45,164.0,180.0,206.0,207.0,166.6666666666666,180.42857142857142,163.62142857142857
2024-11-11 00:00:00+05:30,167.0,173.14285714285714,2024,11,177.0,0,316,46,156.0,164.0,180.0,218.0,162.3333333333333,173.14285714285714,167.33571428571426
2024-11-12 00:00:00+05:30,177.0,174.0,2024,11,385.0,1,317,46,167.0,156.0,164.0,171.0,166.6666666666666,174.0,173.0
2024-11-13 00:00:00+05:30,385.0,205.0,2024,11,292.0,2,318,46,177.0,167.0,156.0,168.0,242.99999999999991,205.0,191.14285714285714
2024-11-14 00:00:00+05:30,292.0,217.28571428571428,2024,11,251.0,3,319,46,385.0,177.0,167.0,206.0,284.6666666666666,217.28571428571428,199.42857142857142
2024-11-15 00:00:00+05:30,251.0,227.42857142857142,2024,11,321.0,4,320,46,292.0,385.0,177.0,180.0,309.33333333333326,227.42857142857142,209.0
2024-11-16 00:00:00+05:30,321.0,249.85714285714286,2024,11,470.0,5,321,46,251.0,292.0,385.0,164.0,287.99999999999994,249.85714285714286,218.78571428571428
2024-11-17 00:00:00+05:30,470.0,294.7142857142857,2024,11,665.0,6,322,46,321.0,251.0,292.0,156.0,347.33333333333326,294.7142857142857,237.57142857142858
2024-11-18 00:00:00+05:30,665.0,365.85714285714283,2024,11,310.0,0,323,47,470.0,321.0,251.0,167.0,485.33333333333326,365.85714285714283,269.5
2024-11-19 00:00:00+05:30,310.0,384.85714285714283,2024,11,253.0,1,324,47,665.0,470.0,321.0,177.0,481.6666666666666,384.85714285714283,279.42857142857144
2024-11-20 00:00:00+05:30,253.0,366.0,2024,11,190.0,2,325,47,310.0,665.0,470.0,385.0,409.33333333333326,366.0,285.5
2024-11-21 00:00:00+05:30,190.0,351.42857142857144,2024,11,264.0,3,326,47,253.0,310.0,665.0,292.0,250.99999999999991,351.42857142857144,284.35714285714283
2024-11-22 00:00:00+05:30,264.0,353.2857142857143,2024,11,208.0,4,327,47,190.0,253.0,310.0,251.0,235.6666666666666,353.2857142857143,290.35714285714283
2024-11-23 00:00:00+05:30,208.0,337.14285714285717,2024,11,134.0,5,328,47,264.0,190.0,253.0,321.0,220.6666666666666,337.14285714285717,293.5
2024-11-24 00:00:00+05:30,134.0,289.14285714285717,2024,11,259.0,6,329,47,208.0,264.0,190.0,470.0,201.99999999999991,289.14285714285717,291.92857142857144
2024-11-25 00:00:00+05:30,259.0,231.14285714285714,2024,11,154.0,0,330,48,134.0,208.0,264.0,665.0,200.33333333333326,231.14285714285714,298.5
2024-11-26 00:00:00+05:30,154.0,208.85714285714286,2024,11,149.0,1,331,48,259.0,134.0,208.0,310.0,182.33333333333326,208.85714285714286,296.85714285714283
2024-11-27 00:00:00+05:30,149.0,194.0,2024,11,167.0,2,332,48,154.0,259.0,134.0,253.0,187.33333333333326,194.0,280.0
2024-11-28 00:00:00+05:30,167.0,190.71428571428572,2024,11,195.0,3,333,48,149.0,154.0,259.0,190.0,156.6666666666666,190.71428571428572,271.07142857142856
2024-11-29 00:00:00+05:30,195.0,180.85714285714286,2024,11,186.0,4,334,48,167.0,149.0,154.0,264.0,170.33333333333326,180.85714285714286,267.07142857142856
2024-11-30 00:00:00+05:30,186.0,177.71428571428572,2024,11,152.0,5,335,48,195.0,167.0,149.0,208.0,182.6666666666666,177.71428571428572,257.42857142857144
2024-12-01 00:00:00+05:30,152.0,180.28571428571428,2024,12,134.0,6,336,48,186.0,195.0,167.0,134.0,177.6666666666666,180.28571428571428,234.71428571428572
2024-12-02 00:00:00+05:30,134.0,162.42857142857142,2024,12,120.0,0,337,49,152.0,186.0,195.0,259.0,157.33333333333326,162.42857142857142,196.78571428571428
2024-12-03 00:00:00+05:30,120.0,157.57142857142858,2024,12,82.3,1,338,49,134.0,152.0,186.0,154.0,135.33333333333326,157.57142857142858,183.21428571428572
2024-12-04 00:00:00+05:30,82.3,148.04285714285714,2024,12,82.6,2,339,49,120.0,134.0,152.0,149.0,112.09999999999992,148.04285714285714,171.02142857142857
2024-12-05 00:00:00+05:30,82.6,135.9857142857143,2024,12,93.9,3,340,49,82.3,120.0,134.0,167.0,94.96666666666658,135.9857142857143,163.35
2024-12-06 00:00:00+05:30,93.9,121.54285714285713,2024,12,108.0,4,341,49,82.6,82.3,120.0,195.0,86.2666666666666,121.54285714285713,151.20000000000002
2024-12-07 00:00:00+05:30,108.0,110.39999999999999,2024,12,148.0,5,342,49,93.9,82.6,82.3,186.0,94.83333333333326,110.39999999999999,144.05714285714288
2024-12-08 00:00:00+05:30,148.0,109.82857142857142,2024,12,96.1,6,343,49,108.0,93.9,82.6,152.0,116.63333333333327,109.82857142857142,145.05714285714288
2024-12-09 00:00:00+05:30,96.1,104.41428571428571,2024,12,109.0,0,344,50,148.0,108.0,93.9,134.0,117.3666666666666,104.41428571428571,133.42142857142858
2024-12-10 00:00:00+05:30,109.0,102.84285714285714,2024,12,119.0,1,345,50,96.1,148.0,108.0,120.0,117.69999999999993,102.84285714285714,130.20714285714286
2024-12-11 00:00:00+05:30,119.0,108.08571428571429,2024,12,164.0,2,346,50,109.0,96.1,148.0,82.3,108.03333333333326,108.08571428571429,128.06428571428572
2024-12-12 00:00:00+05:30,164.0,119.71428571428571,2024,12,120.0,3,347,50,119.0,109.0,96.1,82.6,130.6666666666666,119.71428571428571,127.85000000000001
2024-12-13 00:00:00+05:30,120.0,123.44285714285715,2024,12,106.0,4,348,50,164.0,119.0,109.0,93.9,134.33333333333326,123.44285714285715,122.49285714285715
2024-12-14 00:00:00+05:30,106.0,123.15714285714286,2024,12,177.0,5,349,50,120.0,164.0,119.0,108.0,129.99999999999991,123.15714285714286,116.77857142857144
2024-12-15 00:00:00+05:30,177.0,127.29999999999998,2024,12,267.0,6,350,50,106.0,120.0,164.0,148.0,134.33333333333326,127.29999999999998,118.56428571428572
2024-12-16 00:00:00+05:30,267.0,151.71428571428572,2024,12,298.0,0,351,51,177.0,106.0,120.0,96.1,183.33333333333326,151.71428571428572,128.06428571428572
2024-12-17 00:00:00+05:30,298.0,178.71428571428572,2024,12,373.0,1,352,51,267.0,177.0,106.0,109.0,247.33333333333326,178.71428571428572,140.77857142857144
2024-12-18 00:00:00+05:30,373.0,215.0,2024,12,299.0,2,353,51,298.0,267.0,177.0,119.0,312.6666666666666,215.0,161.54285714285714
2024-12-19 00:00:00+05:30,299.0,234.28571428571428,2024,12,332.0,3,354,51,373.0,298.0,267.0,164.0,323.33333333333326,234.28571428571428,177.0
2024-12-20 00:00:00+05:30,332.0,264.57142857142856,2024,12,226.0,4,355,51,299.0,373.0,298.0,120.0,334.6666666666666,264.57142857142856,194.00714285714284
2024-12-21 00:00:00+05:30,226.0,281.7142857142857,2024,12,286.0,5,356,51,332.0,299.0,373.0,106.0,285.6666666666666,281.7142857142857,202.43571428571428
2024-12-22 00:00:00+05:30,286.0,297.2857142857143,2024,12,275.0,6,357,51,226.0,332.0,299.0,177.0,281.33333333333326,297.2857142857143,212.29285714285714
2024-12-23 00:00:00+05:30,275.0,298.42857142857144,2024,12,191.0,0,358,52,286.0,226.0,332.0,267.0,262.33333333333326,298.42857142857144,225.07142857142858
2024-12-24 00:00:00+05:30,191.0,283.14285714285717,2024,12,212.0,1,359,52,275.0,286.0,226.0,298.0,250.6666666666666,283.14285714285717,230.92857142857142
2024-12-25 00:00:00+05:30,212.0,260.14285714285717,2024,12,210.0,2,360,52,191.0,275.0,286.0,373.0,225.99999999999991,260.14285714285717,237.57142857142858
2024-12-26 00:00:00+05:30,210.0,247.42857142857142,2024,12,149.0,3,361,52,212.0,191.0,275.0,299.0,204.33333333333326,247.42857142857142,240.85714285714286
2024-12-27 00:00:00+05:30,149.0,221.28571428571428,2024,12,91.8,4,362,52,210.0,212.0,191.0,332.0,190.33333333333326,221.28571428571428,242.92857142857142
2024-12-28 00:00:00+05:30,91.8,202.1142857142857,2024,12,109.0,5,363,52,149.0,210.0,212.0,226.0,150.2666666666666,202.1142857142857,241.91428571428574
2024-12-29 00:00:00+05:30,109.0,176.82857142857142,2024,12,116.0,6,364,52,91.8,149.0,210.0,286.0,116.59999999999992,176.82857142857142,237.05714285714288
2024-12-30 00:00:00+05:30,116.0,154.1142857142857,2024,12,183.0,0,365,1,109.0,91.8,149.0,275.0,105.59999999999992,154.1142857142857,226.27142857142857
2024-12-31 00:00:00+05:30,183.0,152.97142857142856,2024,12,210.0,1,366,1,116.0,109.0,91.8,191.0,135.99999999999991,152.97142857142856,218.05714285714288
2025-01-01 00:00:00+05:30,210.0,152.68571428571428,2025,1,199.0,2,1,1,183.0,116.0,109.0,212.0,169.6666666666666,152.68571428571428,206.41428571428574
2025-01-02 00:00:00+05:30,199.0,151.1142857142857,2025,1,268.0,3,2,1,210.0,183.0,116.0,210.0,197.33333333333326,151.1142857142857,199.27142857142857
2025-01-03 00:00:00+05:30,268.0,168.1142857142857,2025,1,275.0,4,3,1,199.0,210.0,183.0,149.0,225.6666666666666,168.1142857142857,194.70000000000002
2025-01-04 00:00:00+05:30,275.0,194.28571428571428,2025,1,237.0,5,4,1,268.0,199.0,210.0,91.8,247.33333333333326,194.28571428571428,198.20000000000002
2025-01-21 00:00:00+05:30,136.0,180.14285714285714,2025,1,124.0,1,21,4,169.0,219.0,166.0,159.0,174.6666666666666,180.14285714285714,179.85714285714286
2025-01-22 00:00:00+05:30,124.0,160.14285714285714,2025,1,111.0,2,22,4,136.0,169.0,219.0,264.0,142.99999999999991,160.14285714285714,178.92857142857142
2025-01-23 00:00:00+05:30,111.0,153.14285714285714,2025,1,90.8,3,23,4,124.0,136.0,169.0,160.0,123.66666666666659,153.14285714285714,168.14285714285714
2025-01-24 00:00:00+05:30,90.8,145.11428571428573,2025,1,71.7,4,24,4,111.0,124.0,136.0,147.0,108.59999999999992,145.11428571428573,156.41428571428574
2025-01-25 00:00:00+05:30,71.7,131.64285714285714,2025,1,86.1,5,25,4,90.8,111.0,124.0,166.0,91.16666666666659,131.64285714285714,149.82142857142858
2025-01-26 00:00:00+05:30,86.1,112.65714285714284,2025,1,113.0,6,26,4,71.7,90.8,111.0,219.0,82.86666666666659,112.65714285714284,144.9
2025-01-27 00:00:00+05:30,113.0,104.65714285714284,2025,1,116.0,0,27,5,86.1,71.7,90.8,169.0,90.2666666666666,104.65714285714284,144.04285714285714
2025-01-28 00:00:00+05:30,116.0,101.79999999999998,2025,1,231.0,1,28,5,113.0,86.1,71.7,136.0,105.03333333333326,101.79999999999998,140.9714285714286
2025-01-29 00:00:00+05:30,231.0,117.08571428571427,2025,1,180.0,2,29,5,116.0,113.0,86.1,124.0,153.33333333333326,117.08571428571427,138.61428571428573
2025-01-30 00:00:00+05:30,180.0,126.94285714285714,2025,1,183.0,3,30,5,231.0,116.0,113.0,111.0,175.6666666666666,126.94285714285714,140.04285714285714
2025-01-31 00:00:00+05:30,183.0,140.1142857142857,2025,1,221.0,4,31,5,180.0,231.0,116.0,90.8,197.99999999999991,140.1142857142857,142.61428571428573
2025-02-01 00:00:00+05:30,221.0,161.44285714285712,2025,2,183.0,5,32,5,183.0,180.0,231.0,71.7,194.6666666666666,161.44285714285712,146.54285714285714
2025-02-02 00:00:00+05:30,183.0,175.28571428571428,2025,2,111.0,6,33,5,221.0,183.0,180.0,86.1,195.6666666666666,175.28571428571428,143.9714285714286
2025-02-03 00:00:00+05:30,111.0,175.0,2025,2,157.0,0,34,6,183.0,221.0,183.0,113.0,171.6666666666666,175.0,139.82857142857145
2025-02-04 00:00:00+05:30,157.0,180.85714285714286,2025,2,109.0,1,35,6,111.0,183.0,221.0,116.0,150.33333333333326,180.85714285714286,141.32857142857145
2025-02-05 00:00:00+05:30,109.0,163.42857142857142,2025,2,90.5,2,36,6,157.0,111.0,183.0,231.0,125.66666666666659,163.42857142857142,140.25714285714287
2025-02-06 00:00:00+05:30,90.5,150.64285714285714,2025,2,68.4,3,37,6,109.0,157.0,111.0,180.0,118.83333333333326,150.64285714285714,138.79285714285714
2025-02-07 00:00:00+05:30,68.4,134.27142857142857,2025,2,75.9,4,38,6,90.5,109.0,157.0,183.0,89.29999999999991,134.27142857142857,137.19285714285715
2025-02-08 00:00:00+05:30,75.9,113.54285714285716,2025,2,108.0,5,39,6,68.4,90.5,109.0,221.0,78.2666666666666,113.54285714285716,137.49285714285716
2025-02-09 00:00:00+05:30,108.0,102.82857142857144,2025,2,127.0,6,40,6,75.9,68.4,90.5,183.0,84.09999999999992,102.82857142857144,139.05714285714285
2025-02-10 00:00:00+05:30,127.0,105.11428571428573,2025,2,120.0,0,41,7,108.0,75.9,68.4,111.0,103.63333333333325,105.11428571428573,140.05714285714285
2025-02-11 00:00:00+05:30,120.0,99.82857142857144,2025,2,78.3,1,42,7,127.0,108.0,75.9,157.0,118.33333333333326,99.82857142857144,140.34285714285713
2025-02-12 00:00:00+05:30,78.3,95.44285714285715,2025,2,57.5,2,43,7,120.0,127.0,108.0,109.0,108.43333333333327,95.44285714285715,129.43571428571428
2025-02-13 00:00:00+05:30,57.5,90.72857142857143,2025,2,62.4,3,44,7,78.3,120.0,127.0,90.5,85.2666666666666,90.72857142857143,120.68571428571428
2025-02-14 00:00:00+05:30,62.4,89.87142857142858,2025,2,87.0,4,45,7,57.5,78.3,120.0,68.4,66.06666666666659,89.87142857142858,112.07142857142857
2025-02-15 00:00:00+05:30,87.0,91.45714285714284,2025,2,146.0,5,46,7,62.4,57.5,78.3,75.9,68.96666666666658,91.45714285714284,102.5
2025-02-16 00:00:00+05:30,146.0,96.88571428571427,2025,2,92.4,6,47,7,87.0,62.4,57.5,108.0,98.46666666666658,96.88571428571427,99.85714285714286
2025-02-17 00:00:00+05:30,92.4,91.94285714285714,2025,2,81.9,0,48,8,146.0,87.0,62.4,127.0,108.46666666666658,91.94285714285714,98.52857142857142
2025-02-18 00:00:00+05:30,81.9,86.5,2025,2,76.6,1,49,8,92.4,146.0,87.0,120.0,106.76666666666658,86.5,93.16428571428571
2025-02-19 00:00:00+05:30,76.6,86.25714285714285,2025,2,53.5,2,50,8,81.9,92.4,146.0,78.3,83.63333333333325,86.25714285714285,90.85
2025-02-20 00:00:00+05:30,53.5,85.68571428571428,2025,2,83.9,3,51,8,76.6,81.9,92.4,57.5,70.66666666666659,85.68571428571428,88.20714285714284
2025-02-21 00:00:00+05:30,83.9,88.75714285714287,2025,2,63.2,4,52,8,53.5,76.6,81.9,62.4,71.33333333333324,88.75714285714287,89.31428571428572
2025-02-22 00:00:00+05:30,63.2,85.35714285714286,2025,2,66.6,5,53,8,83.9,53.5,76.6,87.0,66.86666666666657,85.35714285714286,88.40714285714286
2025-02-23 00:00:00+05:30,66.6,74.01428571428572,2025,2,84.0,6,54,8,63.2,83.9,53.5,146.0,71.23333333333325,74.01428571428572,85.45
2025-02-24 00:00:00+05:30,84.0,72.81428571428572,2025,2,87.7,0,55,9,66.6,63.2,83.9,92.4,71.26666666666658,72.81428571428572,82.37857142857142
2025-02-25 00:00:00+05:30,87.7,73.64285714285714,2025,2,108.0,1,56,9,84.0,66.6,63.2,81.9,79.43333333333325,73.64285714285714,80.07142857142857
2025-02-26 00:00:00+05:30,108.0,78.12857142857142,2025,2,63.0,2,57,9,87.7,84.0,66.6,76.6,93.23333333333325,78.12857142857142,82.19285714285715
2025-02-27 00:00:00+05:30,63.0,79.48571428571428,2025,2,52.8,3,58,9,108.0,87.7,84.0,53.5,86.23333333333325,79.48571428571428,82.58571428571429
2025-02-28 00:00:00+05:30,52.8,75.04285714285716,2025,2,58.1,4,59,9,63.0,108.0,87.7,83.9,74.59999999999991,75.04285714285716,81.89999999999999
2025-03-01 00:00:00+05:30,58.1,74.3142857142857,2025,3,44.5,5,60,9,52.8,63.0,108.0,63.2,57.96666666666658,74.3142857142857,79.83571428571427
2025-03-02 00:00:00+05:30,44.5,71.15714285714286,2025,3,60.0,6,61,9,58.1,52.8,63.0,66.6,51.79999999999992,71.15714285714286,72.58571428571429
2025-03-03 00:00:00+05:30,60.0,67.72857142857143,2025,3,49.3,0,62,10,44.5,58.1,52.8,84.0,54.19999999999991,67.72857142857143,70.27142857142857
2025-03-04 00:00:00+05:30,49.3,62.24285714285714,2025,3,30.5,1,63,10,60.0,44.5,58.1,87.7,51.26666666666659,62.24285714285714,67.94285714285714
2025-03-05 00:00:00+05:30,30.5,51.17142857142858,2025,3,47.1,2,64,10,49.3,60.0,44.5,108.0,46.599999999999916,51.17142857142858,64.64999999999999
2025-03-06 00:00:00+05:30,47.1,48.9,2025,3,91.4,3,65,10,30.5,49.3,60.0,63.0,42.29999999999992,48.9,64.19285714285714
2025-03-07 00:00:00+05:30,91.4,54.41428571428572,2025,3,67.6,4,66,10,47.1,30.5,49.3,52.8,56.33333333333325,54.41428571428572,64.72857142857143
2025-03-08 00:00:00+05:30,67.6,55.771428571428565,2025,3,81.9,5,67,10,91.4,47.1,30.5,58.1,68.69999999999992,55.771428571428565,65.04285714285714
2025-03-09 00:00:00+05:30,81.9,61.114285714285714,2025,3,88.6,6,68,10,67.6,91.4,47.1,44.5,80.29999999999991,61.114285714285714,66.13571428571429
2025-03-10 00:00:00+05:30,88.6,65.2,2025,3,100.0,0,69,11,81.9,67.6,91.4,60.0,79.36666666666657,65.2,66.46428571428571
2025-03-11 00:00:00+05:30,100.0,72.44285714285714,2025,3,96.0,1,70,11,88.6,81.9,67.6,49.3,90.16666666666659,72.44285714285714,67.34285714285714
2025-03-12 00:00:00+05:30,96.0,81.8,2025,3,78.8,2,71,11,100.0,88.6,81.9,30.5,94.86666666666657,81.8,66.48571428571428
2025-03-13 00:00:00+05:30,78.8,86.32857142857142,2025,3,71.8,3,72,11,96.0,100.0,88.6,47.1,91.59999999999991,86.32857142857142,67.61428571428571
2025-03-14 00:00:00+05:30,71.8,83.52857142857142,2025,3,26.5,4,73,11,78.8,96.0,100.0,91.4,82.19999999999992,83.52857142857142,68.97142857142858
2025-03-15 00:00:00+05:30,26.5,77.65714285714284,2025,3,45.7,5,74,11,71.8,78.8,96.0,67.6,59.033333333333246,77.65714285714284,66.71428571428571
2025-03-16 00:00:00+05:30,45.7,72.48571428571428,2025,3,53.9,6,75,11,26.5,71.8,78.8,81.9,47.999999999999915,72.48571428571428,66.8
2025-03-17 00:00:00+05:30,53.9,67.52857142857142,2025,3,59.9,0,76,12,45.7,26.5,71.8,88.6,42.033333333333246,67.52857142857142,66.36428571428571
2025-03-18 00:00:00+05:30,59.9,61.800000000000004,2025,3,73.0,1,77,12,53.9,45.7,26.5,100.0,53.16666666666658,61.800000000000004,67.12142857142858
2025-03-19 00:00:00+05:30,73.0,58.51428571428572,2025,3,51.6,2,78,12,59.9,53.9,45.7,96.0,62.26666666666657,58.51428571428572,70.15714285714286
2025-03-20 00:00:00+05:30,51.6,54.628571428571426,2025,3,69.2,3,79,12,73.0,59.9,53.9,78.8,61.499999999999915,54.628571428571426,70.47857142857143
2025-03-21 00:00:00+05:30,69.2,54.25714285714285,2025,3,61.5,4,80,12,51.6,73.0,59.9,71.8,64.59999999999991,54.25714285714285,68.89285714285714
2025-03-22 00:00:00+05:30,61.5,59.25714285714285,2025,3,63.5,5,81,12,69.2,51.6,73.0,26.5,60.76666666666657,59.25714285714285,68.45714285714286
2025-03-23 00:00:00+05:30,63.5,61.800000000000004,2025,3,71.4,6,82,12,61.5,69.2,51.6,45.7,64.73333333333325,61.800000000000004,67.14285714285714
2025-03-24 00:00:00+05:30,71.4,64.3,2025,3,89.0,0,83,13,63.5,61.5,69.2,53.9,65.46666666666658,64.3,65.91428571428571
2025-03-25 00:00:00+05:30,89.0,68.45714285714286,2025,3,81.7,1,84,13,71.4,63.5,61.5,59.9,74.63333333333325,68.45714285714286,65.12857142857142
2025-03-26 00:00:00+05:30,81.7,69.7,2025,3,73.4,2,85,13,89.0,71.4,63.5,73.0,80.69999999999992,69.7,64.10714285714286
2025-03-27 00:00:00+05:30,73.4,72.81428571428572,2025,3,54.0,3,86,13,81.7,89.0,71.4,51.6,81.36666666666657,72.81428571428572,63.721428571428575
2025-03-28 00:00:00+05:30,54.0,70.64285714285714,2025,3,37.8,4,87,13,73.4,81.7,89.0,69.2,69.69999999999992,70.64285714285714,62.449999999999996
2025-03-29 00:00:00+05:30,37.8,67.25714285714285,2025,3,41.9,5,88,13,54.0,73.4,81.7,61.5,55.06666666666658,67.25714285714285,63.25714285714286
2025-03-30 00:00:00+05:30,41.9,64.17142857142856,2025,3,76.3,6,89,13,37.8,54.0,73.4,63.5,44.56666666666658,64.17142857142856,62.98571428571429
2025-03-31 00:00:00+05:30,76.3,64.87142857142858,2025,3,73.0,0,90,14,41.9,37.8,54.0,71.4,51.99999999999991,64.87142857142858,64.58571428571427
2025-04-01 00:00:00+05:30,73.0,62.58571428571429,2025,4,95.0,1,91,14,76.3,41.9,37.8,89.0,63.733333333333235,62.58571428571429,65.52142857142857
2025-04-02 00:00:00+05:30,95.0,64.48571428571428,2025,4,60.5,2,92,14,73.0,76.3,41.9,81.7,81.43333333333324,64.48571428571428,67.09285714285714
2025-04-03 00:00:00+05:30,60.5,62.642857142857146,2025,4,65.6,3,93,14,95.0,73.0,76.3,73.4,76.16666666666657,62.642857142857146,67.72857142857143
2025-04-04 00:00:00+05:30,65.6,64.3,2025,4,63.7,4,94,14,60.5,95.0,73.0,54.0,73.69999999999992,64.3,67.47142857142858
2025-04-05 00:00:00+05:30,63.7,67.99999999999999,2025,4,75.1,5,95,14,65.6,60.5,95.0,37.8,63.26666666666657,67.99999999999999,67.62857142857143
2025-04-06 00:00:00+05:30,75.1,72.74285714285715,2025,4,87.8,6,96,14,63.7,65.6,60.5,41.9,68.13333333333324,72.74285714285715,68.45714285714286
2025-04-07 00:00:00+05:30,87.8,74.38571428571427,2025,4,92.6,0,97,15,75.1,63.7,65.6,76.3,75.53333333333325,74.38571428571427,69.62857142857143
2025-04-08 00:00:00+05:30,92.6,77.18571428571428,2025,4,96.3,1,98,15,87.8,75.1,63.7,73.0,85.16666666666657,77.18571428571428,69.88571428571427
2025-04-09 00:00:00+05:30,96.3,77.37142857142855,2025,4,67.5,2,99,15,92.6,87.8,75.1,95.0,92.23333333333323,77.37142857142855,70.92857142857143
2025-04-10 00:00:00+05:30,67.5,78.37142857142855,2025,4,46.8,3,100,15,96.3,92.6,87.8,60.5,85.46666666666658,78.37142857142855,70.50714285714285
2025-04-11 00:00:00+05:30,46.8,75.68571428571428,2025,4,48.6,4,101,15,67.5,96.3,92.6,65.6,70.19999999999992,75.68571428571428,69.99285714285715
2025-04-12 00:00:00+05:30,48.6,73.52857142857144,2025,4,52.6,5,102,15,46.8,67.5,96.3,63.7,54.299999999999905,73.52857142857144,70.7642857142857
2025-04-13 00:00:00+05:30,52.6,70.31428571428572,2025,4,67.0,6,103,15,48.6,46.8,67.5,75.1,49.333333333333236,70.31428571428572,71.52857142857142
2025-04-14 00:00:00+05:30,67.0,67.34285714285714,2025,4,63.8,0,104,16,52.6,48.6,46.8,87.8,56.06666666666658,67.34285714285714,70.86428571428571
2025-04-15 00:00:00+05:30,63.8,63.228571428571435,2025,4,82.1,1,105,16,67.0,52.6,48.6,92.6,61.13333333333325,63.228571428571435,70.20714285714286
2025-04-16 00:00:00+05:30,82.1,61.199999999999996,2025,4,68.5,2,106,16,63.8,67.0,52.6,96.3,70.96666666666657,61.199999999999996,69.28571428571429
2025-04-17 00:00:00+05:30,68.5,61.34285714285714,2025,4,87.4,3,107,16,82.1,63.8,67.0,67.5,71.46666666666657,61.34285714285714,69.85714285714286
2025-04-18 00:00:00+05:30,87.4,67.14285714285714,2025,4,52.5,4,108,16,68.5,82.1,63.8,46.8,79.33333333333324,67.14285714285714,71.41428571428571
2025-04-19 00:00:00+05:30,52.5,67.7,2025,4,53.0,5,109,16,87.4,68.5,82.1,48.6,69.46666666666658,67.7,70.61428571428571
2025-04-20 00:00:00+05:30,53.0,67.75714285714285,2025,4,69.3,6,110,16,52.5,87.4,68.5,52.6,64.29999999999991,67.75714285714285,69.03571428571429
2025-04-21 00:00:00+05:30,69.3,68.08571428571427,2025,4,81.7,0,111,17,53.0,52.5,87.4,67.0,58.26666666666657,68.08571428571427,67.71428571428571
2025-04-22 00:00:00+05:30,81.7,70.64285714285714,2025,4,71.2,1,112,17,69.3,53.0,52.5,63.8,67.9999999999999,70.64285714285714,66.93571428571428
2025-04-23 00:00:00+05:30,71.2,69.08571428571429,2025,4,90.8,2,113,17,81.7,69.3,53.0,82.1,74.06666666666658,69.08571428571429,65.14285714285714
2025-04-24 00:00:00+05:30,90.8,72.27142857142857,2025,4,86.3,3,114,17,71.2,81.7,69.3,68.5,81.23333333333325,72.27142857142857,66.80714285714285
2025-04-25 00:00:00+05:30,86.3,72.11428571428571,2025,4,117.0,4,115,17,90.8,71.2,81.7,87.4,82.76666666666658,72.11428571428571,69.62857142857143
2025-04-26 00:00:00+05:30,117.0,81.32857142857142,2025,4,92.0,5,116,17,86.3,90.8,71.2,52.5,98.03333333333325,81.32857142857142,74.51428571428572
2025-04-27 00:00:00+05:30,92.0,86.89999999999999,2025,4,153.0,6,117,17,117.0,86.3,90.8,53.0,98.43333333333324,86.89999999999999,77.32857142857142
2025-04-28 00:00:00+05:30,153.0,98.85714285714286,2025,4,86.3,0,118,18,92.0,117.0,86.3,69.3,120.66666666666657,98.85714285714286,83.47142857142856
2025-04-29 00:00:00+05:30,86.3,99.5142857142857,2025,4,86.2,1,119,18,153.0,92.0,117.0,81.7,110.43333333333324,99.5142857142857,85.07857142857142
2025-04-30 00:00:00+05:30,86.2,101.65714285714286,2025,4,78.1,2,120,18,86.3,153.0,92.0,71.2,108.4999999999999,101.65714285714286,85.37142857142858
2025-05-01 00:00:00+05:30,78.1,99.84285714285714,2025,5,40.0,3,121,18,86.2,86.3,153.0,90.8,83.53333333333323,99.84285714285714,86.05714285714285
2025-05-02 00:00:00+05:30,40.0,93.22857142857143,2025,5,68.7,4,122,18,78.1,86.2,86.3,86.3,68.09999999999991,93.22857142857143,82.67142857142858
2025-05-03 00:00:00+05:30,68.7,86.32857142857142,2025,5,81.8,5,123,18,40.0,78.1,86.2,117.0,62.26666666666657,86.32857142857142,83.82857142857142
2025-05-04 00:00:00+05:30,81.8,84.87142857142858,2025,5,37.2,6,124,18,68.7,40.0,78.1,92.0,63.49999999999991,84.87142857142858,85.88571428571429
2025-05-05 00:00:00+05:30,37.2,68.32857142857144,2025,5,50.2,0,125,19,81.8,68.7,40.0,153.0,62.56666666666657,68.32857142857144,83.59285714285714
2025-05-06 00:00:00+05:30,50.2,63.17142857142857,2025,5,52.0,1,126,19,37.2,81.8,68.7,86.3,56.3999999999999,63.17142857142857,81.34285714285714
2025-05-07 00:00:00+05:30,52.0,58.285714285714285,2025,5,70.7,2,127,19,50.2,37.2,81.8,86.2,46.466666666666576,58.285714285714285,79.97142857142856
2025-05-08 00:00:00+05:30,70.7,57.22857142857142,2025,5,72.3,3,128,19,52.0,50.2,37.2,78.1,57.63333333333324,57.22857142857142,78.53571428571429
2025-05-09 00:00:00+05:30,72.3,61.84285714285715,2025,5,40.9,4,129,19,70.7,52.0,50.2,40.0,64.9999999999999,61.84285714285715,77.53571428571429
2025-05-11 00:00:00+05:30,40.9,57.87142857142857,2025,5,43.9,6,131,19,72.3,70.7,52.0,68.7,61.299999999999905,57.87142857142857,72.1
2025-05-12 00:00:00+05:30,43.9,52.457142857142856,2025,5,27.5,0,132,20,40.9,72.3,70.7,81.8,52.36666666666657,52.457142857142856,68.66428571428571
2025-05-13 00:00:00+05:30,27.5,51.07142857142857,2025,5,66.0,1,133,20,43.9,40.9,72.3,37.2,37.43333333333324,51.07142857142857,59.699999999999996
2025-05-14 00:00:00+05:30,66.0,53.32857142857143,2025,5,211.0,2,134,20,27.5,43.9,40.9,50.2,45.799999999999905,53.32857142857143,58.25
2025-05-15 00:00:00+05:30,211.0,76.04285714285713,2025,5,80.9,3,135,20,66.0,27.5,43.9,52.0,101.4999999999999,76.04285714285713,67.16428571428571
2025-05-16 00:00:00+05:30,80.9,77.5,2025,5,36.3,4,136,20,211.0,66.0,27.5,70.7,119.29999999999991,77.5,67.36428571428571
2025-05-17 00:00:00+05:30,36.3,72.35714285714286,2025,5,57.2,5,137,20,80.9,211.0,66.0,72.3,109.3999999999999,72.35714285714286,67.10000000000001
2025-05-18 00:00:00+05:30,57.2,74.6857142857143,2025,5,74.0,6,138,20,36.3,80.9,211.0,40.9,58.13333333333324,74.6857142857143,66.27857142857142
2025-05-19 00:00:00+05:30,74.0,78.98571428571428,2025,5,70.8,0,139,21,57.2,36.3,80.9,43.9,55.833333333333236,78.98571428571428,65.72142857142858
2025-05-20 00:00:00+05:30,70.8,85.17142857142858,2025,5,59.5,1,140,21,74.0,57.2,36.3,27.5,67.33333333333324,85.17142857142858,68.12142857142858
2025-05-21 00:00:00+05:30,59.5,84.24285714285715,2025,5,25.5,2,141,21,70.8,74.0,57.2,66.0,68.09999999999991,84.24285714285715,68.78571428571429
2025-05-22 00:00:00+05:30,25.5,57.74285714285714,2025,5,41.4,3,142,21,59.5,70.8,74.0,211.0,51.933333333333245,57.74285714285714,66.89285714285714
2025-05-23 00:00:00+05:30,41.4,52.1,2025,5,53.1,4,143,21,25.5,59.5,70.8,80.9,42.13333333333324,52.1,64.8
2025-05-24 00:00:00+05:30,53.1,54.5,2025,5,24.1,5,144,21,41.4,25.5,59.5,36.3,39.99999999999991,54.5,63.42857142857144
2025-05-25 00:00:00+05:30,24.1,49.771428571428565,2025,5,46.7,6,145,21,53.1,41.4,25.5,57.2,39.53333333333324,49.771428571428565,62.22857142857142
2025-05-26 00:00:00+05:30,46.7,45.87142857142857,2025,5,44.0,0,146,22,24.1,53.1,41.4,74.0,41.299999999999905,45.87142857142857,62.42857142857143
2025-05-27 00:00:00+05:30,44.0,42.042857142857144,2025,5,53.1,1,147,22,46.7,24.1,53.1,70.8,38.26666666666657,42.042857142857144,63.607142857142854
2025-05-28 00:00:00+05:30,53.1,41.12857142857143,2025,5,51.1,2,148,22,44.0,46.7,24.1,59.5,47.933333333333245,41.12857142857143,62.68571428571429
2025-05-29 00:00:00+05:30,51.1,44.785714285714285,2025,5,58.5,3,149,22,53.1,44.0,46.7,25.5,49.3999999999999,44.785714285714285,51.26428571428572
2025-05-30 00:00:00+05:30,58.5,47.22857142857142,2025,5,63.4,4,150,22,51.1,53.1,44.0,41.4,54.233333333333235,47.22857142857142,49.66428571428572
2025-05-31 00:00:00+05:30,63.4,48.7,2025,5,46.1,5,151,22,58.5,51.1,53.1,53.1,57.66666666666657,48.7,51.6
2025-06-01 00:00:00+05:30,46.1,51.84285714285714,2025,6,40.6,6,152,22,63.4,58.5,51.1,24.1,55.99999999999991,51.84285714285714,50.807142857142864
2025-06-02 00:00:00+05:30,40.6,50.971428571428575,2025,6,38.2,0,153,23,46.1,63.4,58.5,46.7,50.033333333333246,50.971428571428575,48.42142857142858
2025-06-03 00:00:00+05:30,38.2,50.142857142857146,2025,6,48.5,1,154,23,40.6,46.1,63.4,44.0,41.63333333333324,50.142857142857146,46.09285714285714
2025-06-04 00:00:00+05:30,48.5,49.48571428571428,2025,6,42.1,2,155,23,38.2,40.6,46.1,53.1,42.433333333333245,49.48571428571428,45.30714285714286
2025-06-05 00:00:00+05:30,42.1,48.2,2025,6,41.2,3,156,23,48.5,38.2,40.6,51.1,42.933333333333245,48.2,46.49285714285714
2025-06-06 00:00:00+05:30,41.2,45.728571428571435,2025,6,60.2,4,157,23,42.1,48.5,38.2,58.5,43.933333333333245,45.728571428571435,46.478571428571435
2025-06-07 00:00:00+05:30,60.2,45.271428571428565,2025,6,60.2,5,158,23,41.2,42.1,48.5,63.4,47.833333333333236,45.271428571428565,46.98571428571428
2025-06-08 00:00:00+05:30,60.2,47.28571428571429,2025,6,64.5,6,159,23,60.2,41.2,42.1,46.1,53.86666666666658,47.28571428571429,49.564285714285724
2025-06-09 00:00:00+05:30,64.5,50.699999999999996,2025,6,55.1,0,160,24,60.2,60.2,41.2,40.6,61.63333333333324,50.699999999999996,50.83571428571429
2025-06-10 00:00:00+05:30,55.1,53.114285714285714,2025,6,70.4,1,161,24,64.5,60.2,60.2,38.2,59.933333333333245,53.114285714285714,51.62857142857143
2025-06-11 00:00:00+05:30,70.4,56.24285714285715,2025,6,69.1,2,162,24,55.1,64.5,60.2,48.5,63.333333333333236,56.24285714285715,52.864285714285714
2025-06-12 00:00:00+05:30,69.1,60.1,2025,6,54.5,3,163,24,70.4,55.1,64.5,42.1,64.86666666666657,60.1,54.14999999999999
2025-06-13 00:00:00+05:30,54.5,62.0,2025,6,59.0,4,164,24,69.1,70.4,55.1,41.2,64.66666666666657,62.0,53.86428571428571
2025-06-14 00:00:00+05:30,59.0,61.82857142857143,2025,6,38.3,5,165,24,54.5,69.1,70.4,60.2,60.86666666666657,61.82857142857143,53.550000000000004
2025-06-15 00:00:00+05:30,38.3,58.699999999999996,2025,6,41.0,6,166,24,59.0,54.5,69.1,60.2,50.59999999999991,58.699999999999996,52.99285714285714
2025-06-16 00:00:00+05:30,41.0,55.34285714285714,2025,6,32.7,0,167,25,38.3,59.0,54.5,64.5,46.09999999999991,55.34285714285714,53.021428571428565
2025-06-17 00:00:00+05:30,32.7,52.142857142857146,2025,6,39.9,1,168,25,41.0,38.3,59.0,55.1,37.333333333333236,52.142857142857146,52.628571428571426
2025-06-18 00:00:00+05:30,39.9,47.785714285714285,2025,6,32.2,2,169,25,32.7,41.0,38.3,70.4,37.86666666666657,47.785714285714285,52.01428571428572
2025-06-19 00:00:00+05:30,32.2,42.51428571428572,2025,6,26.0,3,170,25,39.9,32.7,41.0,69.1,34.933333333333245,42.51428571428572,51.30714285714286
2025-06-20 00:00:00+05:30,26.0,38.44285714285714,2025,6,29.3,4,171,25,32.2,39.9,32.7,54.5,32.6999999999999,38.44285714285714,50.22142857142857
2025-06-21 00:00:00+05:30,29.3,34.2,2025,6,33.0,5,172,25,26.0,32.2,39.9,59.0,29.166666666666572,34.2,48.01428571428572
2025-06-22 00:00:00+05:30,33.0,33.44285714285714,2025,6,39.6,6,173,25,29.3,26.0,32.2,38.3,29.433333333333238,33.44285714285714,46.07142857142857
2025-06-23 00:00:00+05:30,39.6,33.24285714285715,2025,6,42.0,0,174,26,33.0,29.3,26.0,41.0,33.966666666666576,33.24285714285715,44.292857142857144
2025-06-24 00:00:00+05:30,42.0,34.57142857142857,2025,6,54.3,1,175,26,39.6,33.0,29.3,32.7,38.1999999999999,34.57142857142857,43.357142857142854
2025-06-25 00:00:00+05:30,54.3,36.628571428571426,2025,6,29.0,2,176,26,42.0,39.6,33.0,39.9,45.299999999999905,36.628571428571426,42.207142857142856
2025-06-26 00:00:00+05:30,29.0,36.17142857142857,2025,6,21.1,3,177,26,54.3,42.0,39.6,32.2,41.76666666666657,36.17142857142857,39.34285714285714
2025-06-27 00:00:00+05:30,21.1,35.471428571428575,2025,6,25.8,4,178,26,29.0,54.3,42.0,26.0,34.799999999999905,35.471428571428575,36.957142857142856
2025-06-28 00:00:00+05:30,25.8,34.971428571428575,2025,6,35.5,5,179,26,21.1,29.0,54.3,29.3,25.29999999999991,34.971428571428575,34.58571428571428
2025-06-29 00:00:00+05:30,35.5,35.32857142857143,2025,6,28.1,6,180,26,25.8,21.1,29.0,33.0,27.466666666666573,35.32857142857143,34.385714285714286
2025-06-30 00:00:00+05:30,28.1,33.68571428571429,2025,6,26.5,0,181,27,35.5,25.8,21.1,39.6,29.79999999999991,33.68571428571429,33.464285714285715
2025-07-01 00:00:00+05:30,26.5,31.47142857142857,2025,7,25.0,1,182,27,28.1,35.5,25.8,42.0,30.033333333333243,31.47142857142857,33.02142857142857
2025-07-02 00:00:00+05:30,25.0,27.285714285714285,2025,7,27.6,2,183,27,26.5,28.1,35.5,54.3,26.533333333333243,27.285714285714285,31.95714285714286
2025-07-03 00:00:00+05:30,27.6,27.085714285714285,2025,7,25.9,3,184,27,25.0,26.5,28.1,29.0,26.366666666666575,27.085714285714285,31.628571428571426
2025-07-04 00:00:00+05:30,25.9,27.771428571428572,2025,7,30.4,4,185,27,27.6,25.0,26.5,21.1,26.166666666666572,27.771428571428572,31.62142857142857
2025-07-05 00:00:00+05:30,30.4,28.428571428571427,2025,7,30.4,5,186,27,25.9,27.6,25.0,25.8,27.966666666666573,28.428571428571427,31.7
2025-07-06 00:00:00+05:30,30.4,27.699999999999996,2025,7,15.1,6,187,27,30.4,25.9,27.6,35.5,28.899999999999906,27.699999999999996,31.514285714285712
2025-07-07 00:00:00+05:30,15.1,25.842857142857138,2025,7,28.4,0,188,28,30.4,30.4,25.9,28.1,25.29999999999991,25.842857142857138,29.764285714285712
2025-07-08 00:00:00+05:30,28.4,26.11428571428571,2025,7,12.2,1,189,28,15.1,30.4,30.4,26.5,24.63333333333324,26.11428571428571,28.792857142857144
2025-07-09 00:00:00+05:30,12.2,24.285714285714285,2025,7,13.6,2,190,28,28.4,15.1,30.4,25.0,18.566666666666574,24.285714285714285,25.785714285714285
2025-07-10 00:00:00+05:30,13.6,22.285714285714285,2025,7,29.9,3,191,28,12.2,28.4,15.1,27.6,18.066666666666574,22.285714285714285,24.685714285714283
2025-07-11 00:00:00+05:30,29.9,22.857142857142858,2025,7,30.0,4,192,28,13.6,12.2,28.4,25.9,18.566666666666574,22.857142857142858,25.314285714285717
2025-07-12 00:00:00+05:30,30.0,22.800000000000004,2025,7,27.9,5,193,28,29.9,13.6,12.2,30.4,24.499999999999904,22.800000000000004,25.614285714285717
2025-07-13 00:00:00+05:30,27.9,22.442857142857143,2025,7,18.1,6,194,28,30.0,29.9,13.6,30.4,29.266666666666577,22.442857142857143,25.071428571428573
2025-07-14 00:00:00+05:30,18.1,22.871428571428574,2025,7,15.5,0,195,29,27.9,30.0,29.9,15.1,25.33333333333324,22.871428571428574,24.357142857142858
2025-07-15 00:00:00+05:30,15.5,21.02857142857143,2025,7,25.0,1,196,29,18.1,27.9,30.0,28.4,20.499999999999908,21.02857142857143,23.571428571428573
2025-07-16 00:00:00+05:30,25.0,22.857142857142858,2025,7,18.8,2,197,29,15.5,18.1,27.9,12.2,19.533333333333243,22.857142857142858,23.571428571428573
2025-07-17 00:00:00+05:30,18.8,23.599999999999998,2025,7,22.2,3,198,29,25.0,15.5,18.1,13.6,19.766666666666577,23.599999999999998,22.942857142857143
2025-07-18 00:00:00+05:30,22.2,22.5,2025,7,18.0,4,199,29,18.8,25.0,15.5,29.9,21.999999999999904,22.5,22.678571428571427
2025-07-19 00:00:00+05:30,18.0,20.785714285714285,2025,7,21.0,5,200,29,22.2,18.8,25.0,30.0,19.666666666666575,20.785714285714285,21.792857142857144
2025-07-20 00:00:00+05:30,21.0,19.8,2025,7,30.9,6,201,29,18.0,22.2,18.8,27.9,20.399999999999906,19.8,21.12142857142857
2025-07-21 00:00:00+05:30,30.9,21.62857142857143,2025,7,31.0,0,202,30,21.0,18.0,22.2,18.1,23.29999999999991,21.62857142857143,22.25
2025-07-22 00:00:00+05:30,31.0,23.842857142857145,2025,7,16.9,1,203,30,30.9,21.0,18.0,15.5,27.63333333333324,23.842857142857145,22.435714285714283
2025-07-23 00:00:00+05:30,16.9,22.685714285714287,2025,7,28.3,2,204,30,31.0,30.9,21.0,25.0,26.266666666666577,22.685714285714287,22.77142857142857
2025-07-24 00:00:00+05:30,28.3,24.04285714285714,2025,7,33.0,3,205,30,16.9,31.0,30.9,18.8,25.399999999999906,24.04285714285714,23.821428571428573
2025-07-25 00:00:00+05:30,33.0,25.585714285714285,2025,7,22.9,4,206,30,28.3,16.9,31.0,22.2,26.066666666666574,25.585714285714285,24.04285714285714
2025-07-26 00:00:00+05:30,22.9,26.285714285714285,2025,7,24.4,5,207,30,33.0,28.3,16.9,18.0,28.066666666666574,26.285714285714285,23.535714285714285
2025-07-27 00:00:00+05:30,24.4,26.77142857142857,2025,7,32.1,6,208,30,22.9,33.0,28.3,21.0,26.766666666666577,26.77142857142857,23.285714285714285
2025-07-28 00:00:00+05:30,32.1,26.942857142857143,2025,7,17.8,0,209,31,24.4,22.9,33.0,30.9,26.466666666666573,26.942857142857143,24.285714285714285
2025-07-29 00:00:00+05:30,17.8,25.057142857142853,2025,7,18.9,1,210,31,32.1,24.4,22.9,31.0,24.766666666666577,25.057142857142853,24.449999999999996
2025-07-30 00:00:00+05:30,18.9,25.342857142857145,2025,7,15.0,2,211,31,17.8,32.1,24.4,16.9,22.93333333333324,25.342857142857145,24.014285714285712
2025-07-31 00:00:00+05:30,15.0,23.442857142857143,2025,7,16.2,3,212,31,18.9,17.8,32.1,28.3,17.23333333333324,23.442857142857143,23.74285714285714
2025-08-01 00:00:00+05:30,16.2,21.042857142857144,2025,8,22.8,4,213,31,15.0,18.9,17.8,33.0,16.699999999999907,21.042857142857144,23.314285714285713
2025-08-02 00:00:00+05:30,22.8,21.02857142857143,2025,8,24.9,5,214,31,16.2,15.0,18.9,22.9,17.999999999999908,21.02857142857143,23.657142857142855
2025-08-03 00:00:00+05:30,24.9,21.099999999999998,2025,8,25.5,6,215,31,22.8,16.2,15.0,24.4,21.29999999999991,21.099999999999998,23.935714285714283
2025-08-04 00:00:00+05:30,25.5,20.157142857142855,2025,8,23.5,0,216,32,24.9,22.8,16.2,32.1,24.399999999999906,20.157142857142855,23.55
2025-08-05 00:00:00+05:30,23.5,20.971428571428568,2025,8,27.3,1,217,32,25.5,24.9,22.8,17.8,24.63333333333324,20.971428571428568,23.014285714285712
2025-08-06 00:00:00+05:30,27.3,22.17142857142857,2025,8,22.7,2,218,32,23.5,25.5,24.9,18.9,25.43333333333324,22.17142857142857,23.757142857142856
2025-08-07 00:00:00+05:30,22.7,23.271428571428572,2025,8,24.8,3,219,32,27.3,23.5,25.5,15.0,24.499999999999904,23.271428571428572,23.357142857142858
2025-08-08 00:00:00+05:30,24.8,24.5,2025,8,17.8,4,220,32,22.7,27.3,23.5,16.2,24.93333333333324,24.5,22.771428571428572
2025-08-09 00:00:00+05:30,17.8,23.785714285714285,2025,8,29.4,5,221,32,24.8,22.7,27.3,22.8,21.766666666666577,23.785714285714285,22.407142857142855
2025-08-10 00:00:00+05:30,29.4,24.428571428571427,2025,8,27.1,6,222,32,17.8,24.8,22.7,24.9,23.999999999999904,24.428571428571427,22.764285714285712
2025-08-11 00:00:00+05:30,27.1,24.657142857142855,2025,8,28.5,0,223,33,29.4,17.8,24.8,25.5,24.766666666666577,24.657142857142855,22.407142857142855
2025-08-12 00:00:00+05:30,28.5,25.37142857142857,2025,8,31.5,1,224,33,27.1,29.4,17.8,23.5,28.33333333333324,25.37142857142857,23.171428571428574
2025-08-13 00:00:00+05:30,31.5,25.97142857142857,2025,8,17.8,2,225,33,28.5,27.1,29.4,27.3,29.033333333333243,25.97142857142857,24.071428571428573
2025-08-14 00:00:00+05:30,17.8,25.271428571428572,2025,8,41.4,3,226,33,31.5,28.5,27.1,22.7,25.93333333333324,25.271428571428572,24.271428571428572
2025-08-15 00:00:00+05:30,41.4,27.642857142857142,2025,8,41.7,4,227,33,17.8,31.5,28.5,24.8,30.23333333333324,27.642857142857142,26.071428571428573
2025-08-16 00:00:00+05:30,41.7,31.057142857142857,2025,8,29.4,5,228,33,41.4,17.8,31.5,17.8,33.63333333333324,31.057142857142857,27.42142857142857
2025-08-17 00:00:00+05:30,29.4,31.057142857142857,2025,8,29.5,6,229,33,41.7,41.4,17.8,29.4,37.49999999999991,31.057142857142857,27.742857142857144
2025-08-18 00:00:00+05:30,29.5,31.400000000000002,2025,8,24.9,0,230,34,29.4,41.7,41.4,27.1,33.53333333333324,31.400000000000002,28.028571428571432
2025-08-19 00:00:00+05:30,24.9,30.885714285714283,2025,8,20.0,1,231,34,29.5,29.4,41.7,28.5,27.933333333333238,30.885714285714283,28.12857142857143
2025-08-20 00:00:00+05:30,20.0,29.24285714285714,2025,8,24.1,2,232,34,24.9,29.5,29.4,31.5,24.79999999999991,29.24285714285714,27.607142857142858
2025-08-21 00:00:00+05:30,24.1,30.142857142857142,2025,8,41.7,3,233,34,20.0,24.9,29.5,17.8,22.999999999999904,30.142857142857142,27.70714285714286
2025-08-22 00:00:00+05:30,41.7,30.185714285714287,2025,8,25.7,4,234,34,24.1,20.0,24.9,41.4,28.59999999999991,30.185714285714287,28.914285714285715
2025-08-23 00:00:00+05:30,25.7,27.900000000000002,2025,8,21.8,5,235,34,41.7,24.1,20.0,41.7,30.499999999999904,27.900000000000002,29.478571428571428
2025-08-24 00:00:00+05:30,21.8,26.814285714285713,2025,8,19.0,6,236,34,25.7,41.7,24.1,29.4,29.733333333333245,26.814285714285713,28.935714285714287
2025-08-25 00:00:00+05:30,19.0,25.314285714285713,2025,8,11.7,0,237,35,21.8,25.7,41.7,29.5,22.166666666666572,25.314285714285713,28.357142857142858
2025-08-26 00:00:00+05:30,11.7,23.428571428571434,2025,8,26.2,1,238,35,19.0,21.8,25.7,24.9,17.499999999999904,23.428571428571434,27.157142857142855
2025-08-27 00:00:00+05:30,26.2,24.314285714285713,2025,8,44.9,2,239,35,11.7,19.0,21.8,20.0,18.966666666666573,24.314285714285713,26.77857142857143
2025-08-28 00:00:00+05:30,44.9,27.285714285714285,2025,8,33.9,3,240,35,26.2,11.7,19.0,24.1,27.599999999999905,27.285714285714285,28.714285714285715
2025-08-29 00:00:00+05:30,33.9,26.17142857142857,2025,8,22.7,4,241,35,44.9,26.2,11.7,41.7,34.99999999999991,26.17142857142857,28.178571428571427
2025-08-30 00:00:00+05:30,22.7,25.74285714285714,2025,8,20.1,5,242,35,33.9,44.9,26.2,25.7,33.833333333333236,25.74285714285714,26.821428571428573
2025-08-31 00:00:00+05:30,20.1,25.5,2025,8,9.13,6,243,35,22.7,33.9,44.9,21.8,25.566666666666574,25.5,26.157142857142855
2025-09-01 00:00:00+05:30,9.13,24.09,2025,9,9.29,0,244,36,20.1,22.7,33.9,19.0,17.309999999999906,24.09,24.702142857142857
2025-09-02 00:00:00+05:30,9.29,23.745714285714286,2025,9,15.1,1,245,36,9.13,20.1,22.7,11.7,12.839999999999906,23.745714285714286,23.587142857142858
2025-09-03 00:00:00+05:30,15.1,22.16,2025,9,19.0,2,246,36,9.29,9.13,20.1,26.2,11.173333333333238,22.16,23.237142857142857
2025-09-04 00:00:00+05:30,19.0,18.46,2025,9,22.0,3,247,36,15.1,9.29,9.13,44.9,14.463333333333239,18.46,22.87285714285714
2025-09-05 00:00:00+05:30,22.0,16.759999999999998,2025,9,25.5,4,248,36,19.0,15.1,9.29,33.9,18.699999999999903,16.759999999999998,21.465714285714284
2025-09-06 00:00:00+05:30,25.5,17.16,2025,9,24.1,5,249,36,22.0,19.0,15.1,22.7,22.166666666666572,17.16,21.451428571428572
2025-09-07 00:00:00+05:30,24.1,17.731428571428573,2025,9,18.6,6,250,36,25.5,22.0,19.0,20.1,23.866666666666575,17.731428571428573,21.615714285714287
2025-09-08 00:00:00+05:30,18.6,19.084285714285716,2025,9,19.6,0,251,37,24.1,25.5,22.0,9.13,22.73333333333324,19.084285714285716,21.587142857142855
2025-09-09 00:00:00+05:30,19.6,20.557142857142857,2025,9,19.4,1,252,37,18.6,24.1,25.5,9.29,20.766666666666577,20.557142857142857,22.15142857142857
2025-09-10 00:00:00+05:30,19.4,21.171428571428574,2025,9,21.6,2,253,37,19.6,18.6,24.1,15.1,19.199999999999903,21.171428571428574,21.665714285714284
2025-09-11 00:00:00+05:30,21.6,21.542857142857144,2025,9,21.8,3,254,37,19.4,19.6,18.6,19.0,20.199999999999907,21.542857142857144,20.00142857142857
2025-09-12 00:00:00+05:30,21.8,21.514285714285716,2025,9,21.6,4,255,37,21.6,19.4,19.6,22.0,20.933333333333238,21.514285714285716,19.13714285714286
2025-09-13 00:00:00+05:30,21.6,20.95714285714286,2025,9,29.0,5,256,37,21.8,21.6,19.4,25.5,21.666666666666572,20.95714285714286,19.05857142857143
2025-09-14 00:00:00+05:30,29.0,21.657142857142855,2025,9,26.0,6,257,37,21.6,21.8,21.6,24.1,24.13333333333324,21.657142857142855,19.694285714285712
2025-09-15 00:00:00+05:30,26.0,22.714285714285715,2025,9,31.3,0,258,38,29.0,21.6,21.8,18.6,25.533333333333236,22.714285714285715,20.899285714285714
2025-09-16 00:00:00+05:30,31.3,24.385714285714283,2025,9,42.0,1,259,38,26.0,29.0,21.6,19.6,28.76666666666657,24.385714285714283,22.471428571428568
2025-09-17 00:00:00+05:30,42.0,27.614285714285717,2025,9,43.6,2,260,38,31.3,26.0,29.0,19.4,33.0999999999999,27.614285714285717,24.392857142857142
2025-09-18 00:00:00+05:30,43.6,30.757142857142856,2025,9,42.8,3,261,38,42.0,31.3,26.0,21.6,38.966666666666576,30.757142857142856,26.150000000000002
2025-09-19 00:00:00+05:30,42.8,33.75714285714286,2025,9,34.7,4,262,38,43.6,42.0,31.3,21.8,42.799999999999905,33.75714285714286,27.63571428571429
2025-09-20 00:00:00+05:30,34.7,35.628571428571426,2025,9,32.7,5,263,38,42.8,43.6,42.0,21.6,40.36666666666657,35.628571428571426,28.292857142857144
2025-09-21 00:00:00+05:30,32.7,36.15714285714286,2025,9,32.0,6,264,38,34.7,42.8,43.6,29.0,36.73333333333324,36.15714285714286,28.907142857142855
2025-09-22 00:00:00+05:30,32.0,37.01428571428572,2025,9,28.0,0,265,39,32.7,34.7,42.8,26.0,33.13333333333324,37.01428571428572,29.864285714285717
2025-09-23 00:00:00+05:30,28.0,36.542857142857144,2025,9,27.4,1,266,39,32.0,32.7,34.7,31.3,30.89999999999991,36.542857142857144,30.464285714285715
2025-09-24 00:00:00+05:30,27.4,34.457142857142856,2025,9,28.1,2,267,39,28.0,32.0,32.7,42.0,29.13333333333324,34.457142857142856,31.035714285714285
2025-09-25 00:00:00+05:30,28.1,32.24285714285715,2025,9,30.1,3,268,39,27.4,28.0,32.0,43.6,27.83333333333324,32.24285714285715,31.5
2025-09-26 00:00:00+05:30,30.1,30.428571428571427,2025,9,58.3,4,269,39,28.1,27.4,28.0,42.8,28.533333333333236,30.428571428571427,32.09285714285714
2025-09-27 00:00:00+05:30,58.3,33.800000000000004,2025,9,29.1,5,270,39,30.1,28.1,27.4,34.7,38.833333333333236,33.800000000000004,34.714285714285715
2025-09-28 00:00:00+05:30,29.1,33.285714285714285,2025,9,34.6,6,271,39,58.3,30.1,28.1,32.7,39.16666666666657,33.285714285714285,34.721428571428575
2025-09-29 00:00:00+05:30,34.6,33.65714285714286,2025,9,33.7,0,272,40,29.1,58.3,30.1,32.0,40.66666666666657,33.65714285714286,35.33571428571429
2025-09-30 00:00:00+05:30,33.7,34.471428571428575,2025,9,40.6,1,273,40,34.6,29.1,58.3,28.0,32.466666666666576,34.471428571428575,35.50714285714286
2025-10-01 00:00:00+05:30,40.6,36.35714285714286,2025,10,37.2,2,274,40,33.7,34.6,29.1,27.4,36.299999999999905,36.35714285714286,35.40714285714286
2025-10-02 00:00:00+05:30,37.2,37.65714285714286,2025,10,26.6,3,275,40,40.6,33.7,34.6,28.1,37.16666666666657,37.65714285714286,34.95
2025-10-03 00:00:00+05:30,26.6,37.15714285714286,2025,10,57.9,4,276,40,37.2,40.6,33.7,30.1,34.799999999999905,37.15714285714286,33.792857142857144
2025-10-04 00:00:00+05:30,57.9,37.1,2025,10,57.0,5,277,40,26.6,37.2,40.6,58.3,40.56666666666657,37.1,35.45
2025-10-05 00:00:00+05:30,57.0,41.08571428571429,2025,10,23.9,6,278,40,57.9,26.6,37.2,29.1,47.16666666666657,41.08571428571429,37.18571428571429
2025-10-06 00:00:00+05:30,23.9,39.55714285714286,2025,10,19.5,0,279,41,57.0,57.9,26.6,34.6,46.26666666666657,39.55714285714286,36.607142857142854
2025-10-07 00:00:00+05:30,19.5,37.52857142857143,2025,10,36.9,1,280,41,23.9,57.0,57.9,33.7,33.466666666666576,37.52857142857143,36.0
2025-10-08 00:00:00+05:30,36.9,37.0,2025,10,43.2,2,281,41,19.5,23.9,57.0,40.6,26.76666666666657,37.0,36.67857142857143
2025-10-09 00:00:00+05:30,43.2,37.857142857142854,2025,10,65.2,3,282,41,36.9,19.5,23.9,37.2,33.1999999999999,37.857142857142854,37.75714285714286
2025-10-10 00:00:00+05:30,65.2,43.371428571428574,2025,10,68.8,4,283,41,43.2,36.9,19.5,26.6,48.433333333333245,43.371428571428574,40.26428571428572
2025-10-11 00:00:00+05:30,68.8,44.92857142857143,2025,10,63.9,5,284,41,65.2,43.2,36.9,57.9,59.06666666666657,44.92857142857143,41.01428571428572
2025-10-12 00:00:00+05:30,63.9,45.91428571428572,2025,10,72.3,6,285,41,68.8,65.2,43.2,57.0,65.96666666666657,45.91428571428572,43.5
2025-10-13 00:00:00+05:30,72.3,52.82857142857142,2025,10,74.6,0,286,42,63.9,68.8,65.2,23.9,68.33333333333324,52.82857142857142,46.19285714285714
2025-10-14 00:00:00+05:30,74.6,60.699999999999996,2025,10,76.2,1,287,42,72.3,63.9,68.8,19.5,70.26666666666657,60.699999999999996,49.11428571428571
2025-10-15 00:00:00+05:30,76.2,66.31428571428572,2025,10,88.6,2,288,42,74.6,72.3,63.9,36.9,74.36666666666657,66.31428571428572,51.65714285714286
2025-10-16 00:00:00+05:30,88.6,72.8,2025,10,101.0,3,289,42,76.2,74.6,72.3,43.2,79.7999999999999,72.8,55.32857142857143
2025-10-17 00:00:00+05:30,101.0,77.91428571428571,2025,10,111.0,4,290,42,88.6,76.2,74.6,65.2,88.59999999999991,77.91428571428571,60.642857142857146
2025-10-18 00:00:00+05:30,111.0,83.94285714285715,2025,10,129.0,5,291,42,101.0,88.6,76.2,68.8,100.19999999999992,83.94285714285715,64.43571428571428
2025-10-19 00:00:00+05:30,129.0,93.24285714285715,2025,10,182.0,6,292,42,111.0,101.0,88.6,63.9,113.66666666666657,93.24285714285715,69.57857142857142
2025-10-20 00:00:00+05:30,182.0,108.91428571428571,2025,10,129.0,0,293,43,129.0,111.0,101.0,72.3,140.66666666666657,108.91428571428571,80.87142857142858
2025-10-21 00:00:00+05:30,129.0,116.68571428571428,2025,10,202.0,1,294,43,182.0,129.0,111.0,74.6,146.66666666666657,116.68571428571428,88.69285714285715
2025-10-22 00:00:00+05:30,202.0,134.65714285714287,2025,10,123.0,2,295,43,129.0,182.0,129.0,76.2,170.99999999999991,134.65714285714287,100.48571428571428
2025-10-23 00:00:00+05:30,123.0,139.57142857142858,2025,10,103.0,3,296,43,202.0,129.0,182.0,88.6,151.33333333333323,139.57142857142858,106.1857142857143
2025-10-24 00:00:00+05:30,103.0,139.85714285714286,2025,10,118.0,4,297,43,123.0,202.0,129.0,101.0,142.66666666666657,139.85714285714286,108.88571428571429
2025-10-25 00:00:00+05:30,118.0,140.85714285714286,2025,10,120.0,5,298,43,103.0,123.0,202.0,111.0,114.66666666666657,140.85714285714286,112.4
2025-10-26 00:00:00+05:30,120.0,139.57142857142858,2025,10,137.0,6,299,43,118.0,103.0,123.0,129.0,113.66666666666657,139.57142857142858,116.40714285714286
2025-10-27 00:00:00+05:30,137.0,133.14285714285714,2025,10,127.0,0,300,44,120.0,118.0,103.0,182.0,124.9999999999999,133.14285714285714,121.02857142857144
2025-10-28 00:00:00+05:30,127.0,132.85714285714286,2025,10,151.0,1,301,44,137.0,120.0,118.0,129.0,127.9999999999999,132.85714285714286,124.77142857142857
2025-10-29 00:00:00+05:30,151.0,125.57142857142857,2025,10,187.0,2,302,44,127.0,137.0,120.0,202.0,138.33333333333323,125.57142857142857,130.11428571428573
2025-10-30 00:00:00+05:30,187.0,134.71428571428572,2025,10,93.2,3,303,44,151.0,127.0,137.0,123.0,154.99999999999991,134.71428571428572,137.14285714285714
2025-10-31 00:00:00+05:30,93.2,133.31428571428572,2025,10,213.0,4,304,44,187.0,151.0,127.0,103.0,143.73333333333323,133.31428571428572,136.5857142857143
2025-11-01 00:00:00+05:30,213.0,146.8857142857143,2025,11,177.0,5,305,44,93.2,187.0,151.0,118.0,164.3999999999999,146.8857142857143,143.87142857142857
2025-11-02 00:00:00+05:30,177.0,155.02857142857144,2025,11,124.0,6,306,44,213.0,93.2,187.0,120.0,161.06666666666658,155.02857142857144,147.29999999999998
2025-11-03 00:00:00+05:30,124.0,153.17142857142858,2025,11,99.2,0,307,45,177.0,213.0,93.2,137.0,171.33333333333326,153.17142857142858,143.15714285714284
2025-11-04 00:00:00+05:30,99.2,149.20000000000002,2025,11,107.0,1,308,45,124.0,177.0,213.0,127.0,133.3999999999999,149.20000000000002,141.0285714285714
2025-11-05 00:00:00+05:30,107.0,142.9142857142857,2025,11,186.0,2,309,45,99.2,124.0,177.0,151.0,110.06666666666656,142.9142857142857,134.24285714285713
2025-11-06 00:00:00+05:30,186.0,142.77142857142857,2025,11,215.0,3,310,45,107.0,99.2,124.0,187.0,130.73333333333323,142.77142857142857,138.74285714285713
2025-11-07 00:00:00+05:30,215.0,160.17142857142855,2025,11,251.0,4,311,45,186.0,107.0,99.2,93.2,169.33333333333323,160.17142857142855,146.74285714285716
2025-11-08 00:00:00+05:30,251.0,165.59999999999997,2025,11,213.0,5,312,45,215.0,186.0,107.0,213.0,217.33333333333326,165.59999999999997,156.24285714285716
2025-11-09 00:00:00+05:30,213.0,170.7428571428571,2025,11,279.0,6,313,45,251.0,215.0,186.0,177.0,226.33333333333326,170.7428571428571,162.8857142857143
2025-11-10 00:00:00+05:30,279.0,192.88571428571427,2025,11,297.0,0,314,46,213.0,251.0,215.0,124.0,247.6666666666666,192.88571428571427,173.02857142857144
2025-11-11 00:00:00+05:30,297.0,221.14285714285714,2025,11,326.0,1,315,46,279.0,213.0,251.0,99.2,262.99999999999994,221.14285714285714,185.17142857142858
2025-11-12 00:00:00+05:30,326.0,252.42857142857142,2025,11,287.0,2,316,46,297.0,279.0,213.0,107.0,300.6666666666666,252.42857142857142,197.67142857142858
2025-11-13 00:00:00+05:30,287.0,266.85714285714283,2025,11,228.0,3,317,46,326.0,297.0,279.0,186.0,303.33333333333326,266.85714285714283,204.81428571428572
2025-11-14 00:00:00+05:30,228.0,268.7142857142857,2025,11,170.0,4,318,46,287.0,326.0,297.0,215.0,280.33333333333326,268.7142857142857,214.44285714285715
2025-11-16 00:00:00+05:30,170.0,257.14285714285717,2025,11,156.0,6,320,46,228.0,287.0,326.0,251.0,228.33333333333326,257.14285714285717,211.3714285714286
2025-11-17 00:00:00+05:30,156.0,249.0,2025,11,208.0,0,321,47,170.0,228.0,287.0,213.0,184.6666666666666,249.0,209.8714285714286
2025-11-18 00:00:00+05:30,208.0,238.85714285714286,2025,11,239.0,1,322,47,156.0,170.0,228.0,279.0,177.99999999999991,238.85714285714286,215.8714285714286
2025-11-19 00:00:00+05:30,239.0,230.57142857142858,2025,11,220.0,2,323,47,208.0,156.0,170.0,297.0,200.99999999999991,230.57142857142858,225.85714285714286
2025-11-20 00:00:00+05:30,220.0,215.42857142857142,2025,11,163.0,3,324,47,239.0,208.0,156.0,326.0,222.33333333333326,215.42857142857142,233.92857142857142
2025-11-21 00:00:00+05:30,163.0,197.71428571428572,2025,11,180.0,4,325,47,220.0,239.0,208.0,287.0,207.33333333333326,197.71428571428572,232.28571428571428
2025-11-22 00:00:00+05:30,180.0,190.85714285714286,2025,11,223.0,5,326,47,163.0,220.0,239.0,228.0,187.6666666666666,190.85714285714286,229.78571428571428
2025-11-23 00:00:00+05:30,223.0,198.42857142857142,2025,11,221.0,6,327,47,180.0,163.0,220.0,170.0,188.6666666666666,198.42857142857142,227.78571428571428
2025-11-24 00:00:00+05:30,221.0,207.71428571428572,2025,11,192.0,0,328,48,223.0,180.0,163.0,156.0,207.99999999999991,207.71428571428572,228.35714285714286
2025-11-25 00:00:00+05:30,192.0,205.42857142857142,2025,11,164.0,1,329,48,221.0,223.0,180.0,208.0,211.99999999999991,205.42857142857142,222.14285714285714
2025-11-26 00:00:00+05:30,164.0,194.71428571428572,2025,11,221.0,2,330,48,192.0,221.0,223.0,239.0,192.33333333333326,194.71428571428572,212.64285714285714
2025-11-27 00:00:00+05:30,221.0,194.85714285714286,2025,11,221.0,3,331,48,164.0,192.0,221.0,220.0,192.33333333333326,194.85714285714286,205.14285714285714
2025-11-28 00:00:00+05:30,221.0,203.14285714285714,2025,11,146.0,4,332,48,221.0,164.0,192.0,163.0,201.99999999999991,203.14285714285714,200.42857142857142
2025-11-29 00:00:00+05:30,146.0,198.28571428571428,2025,11,155.0,5,333,48,221.0,221.0,164.0,180.0,195.99999999999991,198.28571428571428,194.57142857142858
2025-11-30 00:00:00+05:30,155.0,188.57142857142858,2025,11,152.0,6,334,48,146.0,221.0,221.0,223.0,173.99999999999991,188.57142857142858,193.5
2025-12-01 00:00:00+05:30,152.0,178.71428571428572,2025,12,236.0,0,335,49,155.0,146.0,221.0,221.0,150.99999999999991,178.71428571428572,193.21428571428572
2025-12-02 00:00:00+05:30,236.0,185.0,2025,12,174.0,1,336,49,152.0,155.0,146.0,192.0,180.99999999999991,185.0,195.21428571428572
2025-12-03 00:00:00+05:30,174.0,186.42857142857142,2025,12,173.0,2,337,49,236.0,152.0,155.0,164.0,187.33333333333326,186.42857142857142,190.57142857142858
2025-12-04 00:00:00+05:30,173.0,179.57142857142858,2025,12,178.0,3,338,49,174.0,236.0,152.0,221.0,194.33333333333326,179.57142857142858,187.21428571428572
2025-12-05 00:00:00+05:30,178.0,173.42857142857142,2025,12,169.0,4,339,49,173.0,174.0,236.0,221.0,174.99999999999991,173.42857142857142,188.28571428571428
2025-12-06 00:00:00+05:30,169.0,176.71428571428572,2025,12,161.0,5,340,49,178.0,173.0,174.0,146.0,173.33333333333326,176.71428571428572,187.5
2025-12-07 00:00:00+05:30,161.0,177.57142857142858,2025,12,152.0,6,341,49,169.0,178.0,173.0,155.0,169.33333333333323,177.57142857142858,183.07142857142858
2025-12-08 00:00:00+05:30,152.0,177.57142857142858,2025,12,130.0,0,342,50,161.0,169.0,178.0,152.0,160.66666666666657,177.57142857142858,178.14285714285714
2025-12-09 00:00:00+05:30,130.0,162.42857142857142,2025,12,129.0,1,343,50,152.0,161.0,169.0,236.0,147.66666666666657,162.42857142857142,173.71428571428572
2025-12-10 00:00:00+05:30,129.0,156.0,2025,12,143.0,2,344,50,130.0,152.0,161.0,174.0,136.99999999999991,156.0,171.21428571428572
2025-12-11 00:00:00+05:30,143.0,151.71428571428572,2025,12,191.0,3,345,50,129.0,130.0,152.0,173.0,133.99999999999991,151.71428571428572,165.64285714285714
2025-12-12 00:00:00+05:30,191.0,153.57142857142858,2025,12,357.0,4,346,50,143.0,129.0,130.0,178.0,154.33333333333323,153.57142857142858,163.5
2025-12-13 00:00:00+05:30,357.0,180.42857142857142,2025,12,384.0,5,347,50,191.0,143.0,129.0,169.0,230.33333333333326,180.42857142857142,178.57142857142858
2025-12-14 00:00:00+05:30,384.0,212.28571428571428,2025,12,270.0,6,348,50,357.0,191.0,143.0,161.0,310.6666666666666,212.28571428571428,194.92857142857142
2025-12-15 00:00:00+05:30,270.0,229.14285714285714,2025,12,184.0,0,349,51,384.0,357.0,191.0,152.0,336.99999999999994,229.14285714285714,203.35714285714286
2025-12-16 00:00:00+05:30,184.0,236.85714285714286,2025,12,184.0,1,350,51,270.0,384.0,357.0,130.0,279.33333333333326,236.85714285714286,199.64285714285714
2025-12-17 00:00:00+05:30,184.0,244.71428571428572,2025,12,301.0,2,351,51,184.0,270.0,384.0,129.0,212.6666666666666,244.71428571428572,200.35714285714286
2025-12-18 00:00:00+05:30,301.0,267.2857142857143,2025,12,232.0,3,352,51,184.0,184.0,270.0,143.0,222.99999999999991,267.2857142857143,209.5
2025-12-19 00:00:00+05:30,232.0,273.14285714285717,2025,12,275.0,4,353,51,301.0,184.0,184.0,191.0,238.99999999999991,273.14285714285717,213.35714285714286
2025-12-20 00:00:00+05:30,275.0,261.42857142857144,2025,12,239.0,5,354,51,232.0,301.0,184.0,357.0,269.33333333333326,261.42857142857144,220.92857142857142
2025-12-21 00:00:00+05:30,239.0,240.71428571428572,2025,12,290.0,6,355,51,275.0,232.0,301.0,384.0,248.6666666666666,240.71428571428572,226.5
2025-12-22 00:00:00+05:30,290.0,243.57142857142858,2025,12,283.0,0,356,52,239.0,275.0,232.0,270.0,267.99999999999994,243.57142857142858,236.35714285714286
2025-12-23 00:00:00+05:30,283.0,257.7142857142857,2025,12,108.0,1,357,52,290.0,239.0,275.0,184.0,270.6666666666666,257.7142857142857,247.28571428571428
2025-12-24 00:00:00+05:30,108.0,246.85714285714286,2025,12,104.0,2,358,52,283.0,290.0,239.0,184.0,226.99999999999991,246.85714285714286,245.78571428571428
2025-12-25 00:00:00+05:30,104.0,218.71428571428572,2025,12,173.0,3,359,52,108.0,283.0,290.0,301.0,164.99999999999991,218.71428571428572,243.0
2025-12-26 00:00:00+05:30,173.0,210.28571428571428,2025,12,264.0,4,360,52,104.0,108.0,283.0,232.0,128.33333333333323,210.28571428571428,241.71428571428572
2025-12-27 00:00:00+05:30,264.0,208.71428571428572,2025,12,247.0,5,361,52,173.0,104.0,108.0,275.0,180.33333333333326,208.71428571428572,235.07142857142858
2025-12-28 00:00:00+05:30,247.0,209.85714285714286,2025,12,285.0,6,362,52,264.0,173.0,104.0,239.0,227.99999999999991,209.85714285714286,225.28571428571428
2025-12-29 00:00:00+05:30,285.0,209.14285714285714,2025,12,247.0,0,363,1,247.0,264.0,173.0,290.0,265.33333333333326,209.14285714285714,226.35714285714286
2025-12-30 00:00:00+05:30,247.0,204.0,2025,12,275.0,1,364,1,285.0,247.0,264.0,283.0,259.6666666666666,204.0,230.85714285714286
2025-12-31 00:00:00+05:30,275.0,227.85714285714286,2025,12,234.0,2,365,1,247.0,285.0,247.0,108.0,268.99999999999994,227.85714285714286,237.35714285714286
2026-01-01 00:00:00+05:30,234.0,246.42857142857142,2026,1,96.1,3,1,1,275.0,247.0,285.0,104.0,251.99999999999991,246.42857142857142,232.57142857142858
2026-01-02 00:00:00+05:30,96.1,235.44285714285712,2026,1,146.0,4,2,1,234.0,275.0,247.0,173.0,201.6999999999999,235.44285714285712,222.8642857142857
2026-01-03 00:00:00+05:30,146.0,218.58571428571426,2026,1,139.0,5,3,1,96.1,234.0,275.0,264.0,158.6999999999999,218.58571428571426,213.65
2026-01-04 00:00:00+05:30,139.0,203.15714285714284,2026,1,132.0,6,4,1,146.0,96.1,234.0,247.0,127.03333333333323,203.15714285714284,206.50714285714284
2026-01-05 00:00:00+05:30,132.0,181.29999999999998,2026,1,186.0,0,5,2,139.0,146.0,96.1,285.0,138.9999999999999,181.29999999999998,195.22142857142856
2026-01-06 00:00:00+05:30,186.0,172.58571428571426,2026,1,155.0,1,6,2,132.0,139.0,146.0,247.0,152.33333333333323,172.58571428571426,188.29285714285714
2026-01-07 00:00:00+05:30,155.0,155.44285714285712,2026,1,168.0,2,7,2,186.0,132.0,139.0,275.0,157.66666666666654,155.44285714285712,191.65
2026-01-08 00:00:00+05:30,168.0,146.0142857142857,2026,1,215.0,3,8,2,155.0,186.0,132.0,234.0,169.66666666666654,146.0142857142857,196.22142857142856
2026-01-09 00:00:00+05:30,215.0,163.0,2026,1,171.0,4,9,2,168.0,155.0,186.0,96.1,179.33333333333323,163.0,199.22142857142856
2026-01-10 00:00:00+05:30,171.0,166.57142857142858,2026,1,158.0,5,10,2,215.0,168.0,155.0,146.0,184.66666666666654,166.57142857142858,192.57857142857142
2026-01-11 00:00:00+05:30,158.0,169.28571428571428,2026,1,167.0,6,11,2,171.0,215.0,168.0,139.0,181.33333333333323,169.28571428571428,186.22142857142856
2026-01-12 00:00:00+05:30,167.0,174.28571428571428,2026,1,260.0,0,12,3,158.0,171.0,215.0,132.0,165.33333333333323,174.28571428571428,177.79285714285714
2026-01-13 00:00:00+05:30,260.0,184.85714285714286,2026,1,237.0,1,13,3,167.0,158.0,171.0,186.0,194.9999999999999,184.85714285714286,178.72142857142856
2026-01-14 00:00:00+05:30,237.0,196.57142857142858,2026,1,217.0,2,14,3,260.0,167.0,158.0,155.0,221.33333333333323,196.57142857142858,176.00714285714284
2026-01-15 00:00:00+05:30,217.0,203.57142857142858,2026,1,220.0,3,15,3,237.0,260.0,167.0,168.0,237.9999999999999,203.57142857142858,174.79285714285714
2026-01-16 00:00:00+05:30,220.0,204.28571428571428,2026,1,368.0,4,16,3,217.0,237.0,260.0,215.0,224.66666666666654,204.28571428571428,183.64285714285714
2026-01-17 00:00:00+05:30,368.0,232.42857142857142,2026,1,291.0,5,17,3,220.0,217.0,237.0,171.0,268.3333333333332,232.42857142857142,199.5
2026-01-18 00:00:00+05:30,291.0,251.42857142857142,2026,1,274.0,6,18,3,368.0,220.0,217.0,158.0,292.9999999999999,251.42857142857142,210.35714285714286
2026-01-19 00:00:00+05:30,274.0,266.7142857142857,2026,1,213.0,0,19,4,291.0,368.0,220.0,167.0,310.9999999999999,266.7142857142857,220.5
2026-01-20 00:00:00+05:30,213.0,260.0,2026,1,175.0,1,20,4,274.0,291.0,368.0,260.0,259.3333333333332,260.0,222.42857142857142
2026-01-21 00:00:00+05:30,175.0,251.14285714285714,2026,1,178.0,2,21,4,213.0,274.0,291.0,237.0,220.66666666666654,251.14285714285714,223.85714285714286
2026-01-22 00:00:00+05:30,178.0,245.57142857142858,2026,1,137.0,3,22,4,175.0,213.0,274.0,217.0,188.66666666666654,245.57142857142858,224.57142857142858
2026-01-23 00:00:00+05:30,137.0,233.71428571428572,2026,1,72.4,4,23,4,178.0,175.0,213.0,220.0,163.33333333333323,233.71428571428572,219.0
2026-01-24 00:00:00+05:30,72.4,191.4857142857143,2026,1,89.3,5,24,4,137.0,178.0,175.0,368.0,129.1333333333332,191.4857142857143,211.95714285714286
2026-01-25 00:00:00+05:30,89.3,162.67142857142858,2026,1,112.0,6,25,4,72.4,137.0,178.0,291.0,99.56666666666655,162.67142857142858,207.04999999999998
2026-01-26 00:00:00+05:30,112.0,139.52857142857144,2026,1,154.0,0,26,5,89.3,72.4,137.0,274.0,91.23333333333322,139.52857142857144,203.12142857142857
2026-01-27 00:00:00+05:30,154.0,131.1,2026,1,130.0,1,27,5,112.0,89.3,72.4,213.0,118.43333333333321,131.1,195.54999999999998
2026-01-28 00:00:00+05:30,130.0,124.67142857142858,2026,1,117.0,2,28,5,154.0,112.0,89.3,175.0,131.9999999999999,124.67142857142858,187.90714285714284
2026-01-29 00:00:00+05:30,117.0,115.95714285714287,2026,1,125.0,3,29,5,130.0,154.0,112.0,178.0,133.66666666666654,115.95714285714287,180.7642857142857
2026-01-30 00:00:00+05:30,125.0,114.24285714285715,2026,1,189.0,4,30,5,117.0,130.0,154.0,137.0,123.99999999999989,114.24285714285715,173.97857142857143
2026-01-31 00:00:00+05:30,189.0,130.9,2026,1,96.0,5,31,5,125.0,117.0,130.0,72.4,143.66666666666654,130.9,161.19285714285712
2026-02-01 00:00:00+05:30,96.0,131.85714285714286,2026,2,137.0,6,32,5,189.0,125.0,117.0,89.3,136.66666666666654,131.85714285714286,147.2642857142857
2026-02-02 00:00:00+05:30,137.0,135.42857142857142,2026,2,134.0,0,33,6,96.0,189.0,125.0,112.0,140.66666666666654,135.42857142857142,137.47857142857143
2026-02-03 00:00:00+05:30,134.0,132.57142857142858,2026,2,189.0,1,34,6,137.0,96.0,189.0,154.0,122.33333333333321,132.57142857142858,131.83571428571426
2026-02-04 00:00:00+05:30,189.0,141.0,2026,2,123.0,2,35,6,134.0,137.0,96.0,130.0,153.33333333333323,141.0,132.83571428571426
2026-02-05 00:00:00+05:30,123.0,141.85714285714286,2026,2,112.0,3,36,6,189.0,134.0,137.0,117.0,148.66666666666654,141.85714285714286,128.90714285714284
2026-02-06 00:00:00+05:30,112.0,140.0,2026,2,107.0,4,37,6,123.0,189.0,134.0,125.0,141.33333333333323,140.0,127.12142857142855
2026-02-07 00:00:00+05:30,107.0,128.28571428571428,2026,2,88.7,5,38,6,112.0,123.0,189.0,189.0,113.99999999999989,128.28571428571428,129.59285714285713
2026-02-08 00:00:00+05:30,88.7,127.24285714285713,2026,2,116.0,6,39,6,107.0,112.0,123.0,96.0,102.56666666666655,127.24285714285713,129.55
2026-02-09 00:00:00+05:30,116.0,124.24285714285715,2026,2,121.0,0,40,7,88.7,107.0,112.0,137.0,103.89999999999988,124.24285714285715,129.8357142857143
2026-02-10 00:00:00+05:30,121.0,122.38571428571429,2026,2,140.0,1,41,7,116.0,88.7,107.0,134.0,108.56666666666655,122.38571428571429,127.47857142857143
2026-02-11 00:00:00+05:30,140.0,115.38571428571429,2026,2,75.0,2,42,7,121.0,116.0,88.7,189.0,125.66666666666656,115.38571428571429,128.19285714285715
2026-02-12 00:00:00+05:30,75.0,108.52857142857144,2026,2,84.6,3,43,7,140.0,121.0,116.0,123.0,111.99999999999989,108.52857142857144,125.19285714285715
2026-02-13 00:00:00+05:30,84.6,104.61428571428573,2026,2,118.0,4,44,7,75.0,140.0,121.0,112.0,99.86666666666656,104.61428571428573,122.30714285714285
2026-02-14 00:00:00+05:30,118.0,106.18571428571428,2026,2,90.3,5,45,7,84.6,75.0,140.0,107.0,92.53333333333323,106.18571428571428,117.23571428571428
2026-02-15 00:00:00+05:30,90.3,106.41428571428571,2026,2,109.0,6,46,7,118.0,84.6,75.0,88.7,97.63333333333321,106.41428571428571,116.82857142857144
2026-02-16 00:00:00+05:30,109.0,105.41428571428571,2026,2,78.4,0,47,8,90.3,118.0,84.6,116.0,105.76666666666655,105.41428571428571,114.82857142857144
2026-02-17 00:00:00+05:30,78.4,99.32857142857142,2026,2,84.3,1,48,8,109.0,90.3,118.0,121.0,92.56666666666655,99.32857142857142,110.85714285714286
2026-02-18 00:00:00+05:30,84.3,91.37142857142858,2026,2,90.3,2,49,8,78.4,109.0,90.3,140.0,90.56666666666655,91.37142857142858,103.37857142857142
2026-02-19 00:00:00+05:30,90.3,93.55714285714285,2026,2,93.8,3,50,8,84.3,78.4,109.0,75.0,84.33333333333321,93.55714285714285,101.04285714285716
2026-02-20 00:00:00+05:30,93.8,94.87142857142855,2026,2,107.0,4,51,8,90.3,84.3,78.4,84.6,89.46666666666654,94.87142857142855,99.74285714285715
2026-02-21 00:00:00+05:30,107.0,93.29999999999998,2026,2,101.0,5,52,8,93.8,90.3,84.3,118.0,97.03333333333323,93.29999999999998,99.74285714285715
2026-02-22 00:00:00+05:30,101.0,94.82857142857142,2026,2,89.2,6,53,8,107.0,93.8,90.3,90.3,100.59999999999987,94.82857142857142,100.62142857142858
2026-02-23 00:00:00+05:30,89.2,92.0,2026,2,108.0,0,54,9,101.0,107.0,93.8,109.0,99.06666666666655,92.0,98.70714285714287
2026-02-24 00:00:00+05:30,108.0,96.22857142857143,2026,2,90.0,1,55,9,89.2,101.0,107.0,78.4,99.39999999999988,96.22857142857143,97.77857142857144
2026-02-25 00:00:00+05:30,90.0,97.04285714285713,2026,2,76.0,2,56,9,108.0,89.2,101.0,84.3,95.73333333333322,97.04285714285713,94.20714285714287
2026-02-26 00:00:00+05:30,76.0,95.0,2026,2,69.8,3,57,9,90.0,108.0,89.2,90.3,91.33333333333321,95.0,94.27857142857144
2026-02-27 00:00:00+05:30,69.8,91.57142857142857,2026,2,83.1,4,58,9,76.0,90.0,108.0,93.8,78.5999999999999,91.57142857142857,93.22142857142858
2026-02-28 00:00:00+05:30,83.1,88.15714285714286,2026,2,78.8,5,59,9,69.8,76.0,90.0,107.0,76.29999999999988,88.15714285714286,90.72857142857143
2026-03-01 00:00:00+05:30,78.8,84.98571428571428,2026,3,91.2,6,60,9,83.1,69.8,76.0,101.0,77.23333333333322,84.98571428571428,89.90714285714284
2026-03-02 00:00:00+05:30,91.2,85.27142857142857,2026,3,83.3,0,61,10,78.8,83.1,69.8,89.2,84.36666666666655,85.27142857142857,88.63571428571427
2026-03-03 00:00:00+05:30,83.3,81.74285714285715,2026,3,67.1,1,62,10,91.2,78.8,83.1,108.0,84.43333333333322,81.74285714285715,88.98571428571428
2026-03-04 00:00:00+05:30,67.1,78.47142857142856,2026,3,63.1,2,63,10,83.3,91.2,78.8,90.0,80.5333333333332,78.47142857142856,87.75714285714287
2026-03-05 00:00:00+05:30,63.1,76.62857142857142,2026,3,76.6,3,64,10,67.1,83.3,91.2,76.0,71.16666666666656,76.62857142857142,85.8142857142857
2026-03-06 00:00:00+05:30,76.6,77.60000000000001,2026,3,97.4,4,65,10,63.1,67.1,83.3,69.8,68.93333333333321,77.60000000000001,84.58571428571427
2026-03-07 00:00:00+05:30,97.4,79.64285714285714,2026,3,96.8,5,66,10,76.6,63.1,67.1,83.1,79.03333333333322,79.64285714285714,83.89999999999999
2026-03-08 00:00:00+05:30,96.8,82.21428571428571,2026,3,101.0,6,67,10,97.4,76.6,63.1,78.8,90.26666666666655,82.21428571428571,83.6
2026-03-09 00:00:00+05:30,101.0,83.61428571428571,2026,3,100.0,0,68,11,96.8,97.4,76.6,91.2,98.39999999999988,83.61428571428571,84.44285714285714
2026-03-10 00:00:00+05:30,100.0,86.0,2026,3,86.5,1,69,11,101.0,96.8,97.4,83.3,99.26666666666655,86.0,83.87142857142855
2026-03-11 00:00:00+05:30,86.5,88.77142857142857,2026,3,77.5,2,70,11,100.0,101.0,96.8,67.1,95.83333333333321,88.77142857142857,83.62142857142855
2026-03-12 00:00:00+05:30,77.5,90.82857142857142,2026,3,69.2,3,71,11,86.5,100.0,101.0,63.1,87.99999999999989,90.82857142857142,83.72857142857141
2026-03-13 00:00:00+05:30,69.2,89.77142857142859,2026,3,66.7,4,72,11,77.5,86.5,100.0,76.6,77.73333333333322,89.77142857142859,83.68571428571428
2026-03-14 00:00:00+05:30,66.7,85.38571428571427,2026,3,44.5,5,73,11,69.2,77.5,86.5,97.4,71.13333333333321,85.38571428571427,82.51428571428572
2026-03-15 00:00:00+05:30,44.5,77.91428571428571,2026,3,39.7,6,74,11,66.7,69.2,77.5,96.8,60.13333333333321,77.91428571428571,80.06428571428572
2026-03-16 00:00:00+05:30,39.7,69.15714285714286,2026,3,71.2,0,75,12,44.5,66.7,69.2,101.0,50.29999999999989,69.15714285714286,76.38571428571429
2026-03-17 00:00:00+05:30,71.2,65.04285714285714,2026,3,80.0,1,76,12,39.7,44.5,66.7,100.0,51.79999999999989,65.04285714285714,75.52142857142857
2026-03-18 00:00:00+05:30,80.0,64.11428571428571,2026,3,50.3,2,77,12,71.2,39.7,44.5,86.5,63.63333333333322,64.11428571428571,76.44285714285715
2026-03-19 00:00:00+05:30,50.3,60.228571428571435,2026,3,42.8,3,78,12,80.0,71.2,39.7,77.5,67.16666666666656,60.228571428571435,75.52857142857144
2026-03-20 00:00:00+05:30,42.8,56.457142857142856,2026,3,52.9,4,79,12,50.3,80.0,71.2,69.2,57.69999999999988,56.457142857142856,73.11428571428571
2026-03-21 00:00:00+05:30,52.9,54.48571428571428,2026,3,58.3,5,80,12,42.8,50.3,80.0,66.7,48.66666666666655,54.48571428571428,69.93571428571428
2026-03-22 00:00:00+05:30,58.3,56.457142857142856,2026,3,49.6,6,81,12,52.9,42.8,50.3,44.5,51.33333333333322,56.457142857142856,67.18571428571428
2026-03-23 00:00:00+05:30,49.6,57.871428571428574,2026,3,64.7,0,82,13,58.3,52.9,42.8,39.7,53.59999999999989,57.871428571428574,63.51428571428571
2026-03-24 00:00:00+05:30,64.7,56.94285714285714,2026,3,79.3,1,83,13,49.6,58.3,52.9,71.2,57.53333333333322,56.94285714285714,60.99285714285714
2026-03-25 00:00:00+05:30,79.3,56.84285714285714,2026,3,58.7,2,84,13,64.7,49.6,58.3,80.0,64.53333333333323,56.84285714285714,60.47857142857142
2026-03-26 00:00:00+05:30,58.7,58.042857142857144,2026,3,46.7,3,85,13,79.3,64.7,49.6,50.3,67.56666666666655,58.042857142857144,59.135714285714286
2026-03-27 00:00:00+05:30,46.7,58.6,2026,3,66.9,4,86,13,58.7,79.3,64.7,42.8,61.56666666666655,58.6,57.52857142857143
2026-03-28 00:00:00+05:30,66.9,60.60000000000001,2026,3,73.3,5,87,13,46.7,58.7,79.3,52.9,57.43333333333322,60.60000000000001,57.542857142857144
2026-03-29 00:00:00+05:30,73.3,62.74285714285714,2026,3,54.8,6,88,13,66.9,46.7,58.7,58.3,62.29999999999989,62.74285714285714,59.6
2026-03-30 00:00:00+05:30,54.8,63.48571428571429,2026,3,49.0,0,89,14,73.3,66.9,46.7,49.6,64.99999999999989,63.48571428571429,60.67857142857143
2026-03-31 00:00:00+05:30,49.0,61.24285714285714,2026,3,42.0,1,90,14,54.8,73.3,66.9,64.7,59.033333333333225,61.24285714285714,59.09285714285714
2026-04-01 00:00:00+05:30,42.0,55.91428571428571,2026,4,71.5,2,91,14,49.0,54.8,73.3,79.3,48.59999999999989,55.91428571428571,56.378571428571426
2026-04-02 00:00:00+05:30,71.5,57.74285714285714,2026,4,81.3,3,92,14,42.0,49.0,54.8,58.7,54.16666666666655,57.74285714285714,57.892857142857146
2026-04-03 00:00:00+05:30,81.3,62.68571428571429,2026,4,48.7,4,93,14,71.5,42.0,49.0,46.7,64.93333333333322,62.68571428571429,60.642857142857146
2026-04-04 00:00:00+05:30,48.7,60.08571428571428,2026,4,44.3,5,94,14,81.3,71.5,42.0,66.9,67.16666666666656,60.08571428571428,60.34285714285714
2026-04-05 00:00:00+05:30,44.3,55.94285714285714,2026,4,37.0,6,95,14,48.7,81.3,71.5,73.3,58.09999999999989,55.94285714285714,59.34285714285715
2026-04-06 00:00:00+05:30,37.0,53.4,2026,4,39.8,0,96,15,44.3,48.7,81.3,54.8,43.33333333333322,53.4,58.44285714285714
2026-04-07 00:00:00+05:30,39.8,52.08571428571429,2026,4,29.9,1,97,15,37.0,44.3,48.7,49.0,40.36666666666655,52.08571428571429,56.66428571428571
2026-04-08 00:00:00+05:30,29.9,50.357142857142854,2026,4,39.2,2,98,15,39.8,37.0,44.3,42.0,35.56666666666655,50.357142857142854,53.135714285714286
2026-04-09 00:00:00+05:30,39.2,45.74285714285714,2026,4,46.0,3,99,15,29.9,39.8,37.0,71.5,36.29999999999989,45.74285714285714,51.74285714285714
2026-04-10 00:00:00+05:30,46.0,40.699999999999996,2026,4,40.5,4,100,15,39.2,29.9,39.8,81.3,38.36666666666655,40.699999999999996,51.69285714285714
2026-04-11 00:00:00+05:30,40.5,39.528571428571425,2026,4,49.8,5,101,15,46.0,39.2,29.9,48.7,41.899999999999885,39.528571428571425,49.80714285714286
2026-04-12 00:00:00+05:30,49.8,40.31428571428571,2026,4,50.0,6,102,15,40.5,46.0,39.2,44.3,45.43333333333322,40.31428571428571,48.128571428571426
2026-04-13 00:00:00+05:30,50.0,42.17142857142857,2026,4,50.8,0,103,16,49.8,40.5,46.0,37.0,46.76666666666656,42.17142857142857,47.785714285714285
2026-04-14 00:00:00+05:30,50.8,43.74285714285714,2026,4,70.9,1,104,16,50.0,49.8,40.5,39.8,50.19999999999988,43.74285714285714,47.91428571428572
2026-04-15 00:00:00+05:30,70.9,49.60000000000001,2026,4,87.9,2,105,16,50.8,50.0,49.8,29.9,57.23333333333321,49.60000000000001,49.97857142857142
2026-04-16 00:00:00+05:30,87.9,56.55714285714286,2026,4,82.7,3,106,16,70.9,50.8,50.0,39.2,69.86666666666655,56.55714285714286,51.15
2026-04-17 00:00:00+05:30,82.7,61.8,2026,4,63.0,4,107,16,87.9,70.9,50.8,46.0,80.49999999999989,61.8,51.25
2026-04-18 00:00:00+05:30,63.0,65.0142857142857,2026,4,108.0,5,108,16,82.7,87.9,70.9,40.5,77.86666666666656,65.0142857142857,52.271428571428565
2026-04-19 00:00:00+05:30,108.0,73.32857142857144,2026,4,58.8,6,109,16,63.0,82.7,87.9,49.8,84.56666666666655,73.32857142857144,56.82142857142857
2026-04-20 00:00:00+05:30,58.8,74.58571428571429,2026,4,62.6,0,110,17,108.0,63.0,82.7,50.0,76.5999999999999,74.58571428571429,58.378571428571426
2026-04-21 00:00:00+05:30,62.6,76.27142857142857,2026,4,78.2,1,111,17,58.8,108.0,63.0,50.8,76.46666666666655,76.27142857142857,60.00714285714286
2026-04-22 00:00:00+05:30,78.2,77.31428571428572,2026,4,59.7,2,112,17,62.6,58.8,108.0,70.9,66.53333333333323,77.31428571428572,63.45714285714286
2026-04-23 00:00:00+05:30,59.7,73.28571428571429,2026,4,91.9,3,113,17,78.2,62.6,58.8,87.9,66.83333333333321,73.28571428571429,64.92142857142856
2026-04-24 00:00:00+05:30,91.9,74.60000000000001,2026,4,79.6,4,114,17,59.7,78.2,62.6,82.7,76.5999999999999,74.60000000000001,68.2
2026-04-25 00:00:00+05:30,79.6,76.97142857142858,2026,4,84.7,5,115,17,91.9,59.7,78.2,63.0,77.06666666666656,76.97142857142858,70.99285714285715
2026-04-26 00:00:00+05:30,84.7,73.64285714285714,2026,4,75.4,6,116,17,79.6,91.9,59.7,108.0,85.39999999999988,73.64285714285714,73.4857142857143
2026-04-27 00:00:00+05:30,75.4,76.01428571428572,2026,4,59.6,0,117,18,84.7,79.6,91.9,58.8,79.8999999999999,76.01428571428572,75.3
2026-04-28 00:00:00+05:30,59.6,75.58571428571429,2026,4,17.0,1,118,18,75.4,84.7,79.6,62.6,73.23333333333322,75.58571428571429,75.92857142857143
2026-05-04 00:00:00+05:30,17.0,66.84285714285714,2026,5,33.8,0,124,19,59.6,75.4,84.7,78.2,50.666666666666565,66.84285714285714,72.07857142857144
2026-05-05 00:00:00+05:30,33.8,63.142857142857146,2026,5,52.5,1,125,19,17.0,59.6,75.4,59.7,36.79999999999989,63.142857142857146,68.21428571428571
2026-05-06 00:00:00+05:30,52.5,57.51428571428571,2026,5,34.0,2,126,19,33.8,17.0,59.6,91.9,34.43333333333322,57.51428571428571,66.05714285714285
2026-05-07 00:00:00+05:30,34.0,51.0,2026,5,36.5,3,127,19,52.5,33.8,17.0,79.6,40.09999999999989,51.0,63.98571428571428
2026-05-08 00:00:00+05:30,36.5,44.11428571428571,2026,5,48.0,4,128,19,34.0,52.5,33.8,84.7,40.99999999999989,44.11428571428571,58.878571428571426
2026-05-09 00:00:00+05:30,48.0,40.199999999999996,2026,5,51.3,5,129,19,36.5,34.0,52.5,75.4,39.49999999999989,40.199999999999996,58.107142857142854
2026-05-10 00:00:00+05:30,51.3,39.01428571428572,2026,5,59.8,6,130,19,48.0,36.5,34.0,59.6,45.26666666666656,39.01428571428572,57.300000000000004
2026-05-11 00:00:00+05:30,59.8,45.128571428571426,2026,5,62.0,0,131,20,51.3,48.0,36.5,17.0,53.033333333333225,45.128571428571426,55.98571428571428
2026-05-12 00:00:00+05:30,62.0,49.15714285714285,2026,5,57.3,1,132,20,59.8,51.3,48.0,33.8,57.699999999999896,49.15714285714285,56.15
2026-05-13 00:00:00+05:30,57.3,49.84285714285714,2026,5,46.1,2,133,20,62.0,59.8,51.3,52.5,59.699999999999896,49.84285714285714,53.67857142857143
2026-05-14 00:00:00+05:30,46.1,51.57142857142857,2026,5,46.5,3,134,20,57.3,62.0,59.8,34.0,55.13333333333322,51.57142857142857,51.285714285714285
2026-05-15 00:00:00+05:30,46.5,53.0,2026,5,64.2,4,135,20,46.1,57.3,62.0,36.5,49.966666666666555,53.0,48.55714285714286
2026-05-16 00:00:00+05:30,64.2,55.31428571428571,2026,5,62.4,5,136,20,46.5,46.1,57.3,48.0,52.26666666666656,55.31428571428571,47.75714285714286
2026-05-17 00:00:00+05:30,62.4,56.89999999999999,2026,5,57.2,6,137,20,64.2,46.5,46.1,51.3,57.699999999999896,56.89999999999999,47.957142857142856
2026-05-18 00:00:00+05:30,57.2,56.52857142857143,2026,5,55.5,0,138,21,62.4,64.2,46.5,59.8,61.266666666666566,56.52857142857143,50.82857142857143
2026-05-19 00:00:00+05:30,55.5,55.60000000000001,2026,5,41.6,1,139,21,57.2,62.4,64.2,62.0,58.36666666666656,55.60000000000001,52.37857142857143
2026-05-20 00:00:00+05:30,41.6,53.357142857142854,2026,5,51.8,2,140,21,55.5,57.2,62.4,57.3,51.43333333333322,53.357142857142854,51.60000000000001
2026-05-21 00:00:00+05:30,51.8,54.17142857142857,2026,5,74.1,3,141,21,41.6,55.5,57.2,46.1,49.63333333333323,54.17142857142857,52.871428571428574
2026-05-22 00:00:00+05:30,74.1,58.11428571428571,2026,5,59.2,4,142,21,51.8,41.6,55.5,46.5,55.83333333333322,58.11428571428571,55.557142857142864
2026-05-23 00:00:00+05:30,59.2,57.4,2026,5,58.6,5,143,21,74.1,51.8,41.6,64.2,61.699999999999896,57.4,56.357142857142854
2026-05-24 00:00:00+05:30,58.6,56.857142857142854,2026,5,79.9,6,144,21,59.2,74.1,51.8,62.4,63.966666666666555,56.857142857142854,56.878571428571426
2026-05-25 00:00:00+05:30,79.9,60.1,2026,5,65.4,0,145,22,58.6,59.2,74.1,57.2,65.8999999999999,60.1,58.314285714285724
2026-05-26 00:00:00+05:30,65.4,61.51428571428572,2026,5,68.5,1,146,22,79.9,58.6,59.2,55.5,67.96666666666657,61.51428571428572,58.557142857142864
2026-05-27 00:00:00+05:30,68.5,65.35714285714286,2026,5,68.3,2,147,22,65.4,79.9,58.6,41.6,71.26666666666655,65.35714285714286,59.357142857142854
2026-05-28 00:00:00+05:30,68.3,67.71428571428571,2026,5,29.5,3,148,22,68.5,65.4,79.9,51.8,67.39999999999989,67.71428571428571,60.94285714285714
2026-05-29 00:00:00+05:30,29.5,61.34285714285714,2026,5,27.5,4,149,22,68.3,68.5,65.4,74.1,55.43333333333322,61.34285714285714,59.728571428571435
2026-05-30 00:00:00+05:30,27.5,56.81428571428571,2026,5,25.1,5,150,22,29.5,68.3,68.5,59.2,41.76666666666656,56.81428571428571,57.107142857142854
2026-05-31 00:00:00+05:30,25.1,52.02857142857143,2026,5,33.9,6,151,22,27.5,29.5,68.3,58.6,27.36666666666656,52.02857142857143,54.44285714285714
2026-06-01 00:00:00+05:30,33.9,45.457142857142856,2026,6,39.0,0,152,23,25.1,27.5,29.5,79.9,28.833333333333226,45.457142857142856,52.778571428571425
2026-06-02 00:00:00+05:30,39.0,41.68571428571429,2026,6,59.7,1,153,23,33.9,25.1,27.5,65.4,32.66666666666656,41.68571428571429,51.6
2026-06-03 00:00:00+05:30,59.7,40.42857142857143,2026,6,50.3,2,154,23,39.0,33.9,25.1,68.5,44.199999999999896,40.42857142857143,52.892857142857146
2026-06-04 00:00:00+05:30,50.3,37.857142857142854,2026,6,47.7,3,155,23,59.7,39.0,33.9,68.3,49.66666666666655,37.857142857142854,52.785714285714285
2026-06-05 00:00:00+05:30,47.7,40.457142857142856,2026,6,57.7,4,156,23,50.3,59.7,39.0,29.5,52.566666666666556,40.457142857142856,50.9
2026-06-06 00:00:00+05:30,57.7,44.771428571428565,2026,6,36.0,5,157,23,47.7,50.3,59.7,27.5,51.89999999999989,44.771428571428565,50.792857142857144
2026-06-07 00:00:00+05:30,36.0,46.32857142857143,2026,6,39.1,6,158,23,57.7,47.7,50.3,25.1,47.13333333333323,46.32857142857143,49.17857142857143
2026-06-08 00:00:00+05:30,39.1,47.07142857142857,2026,6,42.0,0,159,24,36.0,57.7,47.7,33.9,44.26666666666656,47.07142857142857,46.26428571428571
2026-06-09 00:00:00+05:30,42.0,47.5,2026,6,47.3,1,160,24,39.1,36.0,57.7,39.0,39.033333333333225,47.5,44.59285714285714
2026-06-10 00:00:00+05:30,47.3,45.728571428571435,2026,6,38.9,2,161,24,42.0,39.1,36.0,59.7,42.79999999999989,45.728571428571435,43.07857142857143
2026-06-11 00:00:00+05:30,38.9,44.1,2026,6,25.7,3,162,24,47.3,42.0,39.1,50.3,42.73333333333323,44.1,40.978571428571435
2026-06-12 00:00:00+05:30,25.7,40.957142857142856,2026,6,38.3,4,163,24,38.9,47.3,42.0,47.7,37.29999999999989,40.957142857142856,40.707142857142856
2026-06-13 00:00:00+05:30,38.3,38.18571428571429,2026,6,54.2,5,164,24,25.7,38.9,47.3,57.7,34.29999999999989,38.18571428571429,41.478571428571435
2026-06-14 00:00:00+05:30,54.2,40.785714285714285,2026,6,34.4,6,165,24,38.3,25.7,38.9,36.0,39.39999999999989,40.785714285714285,43.55714285714286
2026-06-15 00:00:00+05:30,34.4,40.114285714285714,2026,6,37.8,0,166,25,54.2,38.3,25.7,39.1,42.29999999999989,40.114285714285714,43.59285714285715
2026-06-16 00:00:00+05:30,37.8,39.51428571428571,2026,6,44.7,1,167,25,34.4,54.2,38.3,42.0,42.13333333333322,39.51428571428571,43.50714285714286
2026-06-17 00:00:00+05:30,44.7,39.142857142857146,2026,6,54.0,2,168,25,37.8,34.4,54.2,47.3,38.966666666666555,39.142857142857146,42.43571428571429
2026-06-18 00:00:00+05:30,54.0,41.300000000000004,2026,6,40.9,3,169,25,44.7,37.8,34.4,38.9,45.499999999999886,41.300000000000004,42.7
2026-06-19 00:00:00+05:30,40.9,43.471428571428575,2026,6,47.9,4,170,25,54.0,44.7,37.8,25.7,46.533333333333225,43.471428571428575,42.214285714285715
2026-06-20 00:00:00+05:30,47.9,44.84285714285714,2026,6,39.2,5,171,25,40.9,54.0,44.7,38.3,47.59999999999989,44.84285714285714,41.51428571428572
2026-06-21 00:00:00+05:30,39.2,42.7,2026,6,35.0,6,172,25,47.9,40.9,54.0,54.2,42.66666666666655,42.7,41.74285714285715
2026-06-22 00:00:00+05:30,35.0,42.785714285714285,2026,6,47.8,0,173,26,39.2,47.9,40.9,34.4,40.699999999999896,42.785714285714285,41.45
2026-06-23 00:00:00+05:30,47.8,44.214285714285715,2026,6,32.3,1,174,26,35.0,39.2,47.9,37.8,40.66666666666655,44.214285714285715,41.864285714285714
2026-06-24 00:00:00+05:30,32.3,42.442857142857136,2026,6,40.2,2,175,26,47.8,35.0,39.2,44.7,38.36666666666656,42.442857142857136,40.79285714285714
2026-06-25 00:00:00+05:30,40.2,40.471428571428575,2026,6,30.1,3,176,26,32.3,47.8,35.0,54.0,40.09999999999989,40.471428571428575,40.885714285714286
2026-06-26 00:00:00+05:30,30.1,38.92857142857143,2026,6,49.3,4,177,26,40.2,32.3,47.8,40.9,34.19999999999989,38.92857142857143,41.2
2026-06-27 00:00:00+05:30,49.3,39.128571428571426,2026,6,53.9,5,178,26,30.1,40.2,32.3,47.9,39.86666666666655,39.128571428571426,41.98571428571428
2026-06-28 00:00:00+05:30,53.9,41.228571428571435,2026,6,42.6,6,179,26,49.3,30.1,40.2,39.2,44.43333333333322,41.228571428571435,41.964285714285715
2026-06-29 00:00:00+05:30,42.6,42.31428571428571,2026,6,53.4,0,180,27,53.9,49.3,30.1,35.0,48.59999999999989,42.31428571428571,42.55
2026-06-30 00:00:00+05:30,53.4,43.114285714285714,2026,6,39.1,1,181,27,42.6,53.9,49.3,47.8,49.966666666666555,43.114285714285714,43.66428571428571
2026-07-01 00:00:00+05:30,39.1,44.08571428571428,2026,7,33.1,2,182,27,53.4,42.6,53.9,32.3,45.033333333333225,44.08571428571428,43.26428571428571
2026-07-02 00:00:00+05:30,33.1,43.07142857142857,2026,7,47.6,3,183,27,39.1,53.4,42.6,40.2,41.86666666666656,43.07142857142857,41.771428571428565
2026-07-03 00:00:00+05:30,47.6,45.57142857142857,2026,7,58.8,4,184,27,33.1,39.1,53.4,30.1,39.93333333333322,45.57142857142857,42.25
2026-07-04 00:00:00+05:30,58.8,46.92857142857143,2026,7,54.4,5,185,27,47.6,33.1,39.1,49.3,46.499999999999886,46.92857142857143,43.028571428571425
2026-07-05 00:00:00+05:30,54.4,47.0,2026,7,36.0,6,186,27,58.8,47.6,33.1,53.9,53.59999999999989,47.0,44.11428571428571
2026-07-06 00:00:00+05:30,36.0,46.057142857142864,2026,7,32.5,0,187,28,54.4,58.8,47.6,42.6,49.73333333333323,46.057142857142864,44.185714285714276
2026-07-07 00:00:00+05:30,32.5,43.07142857142857,2026,7,30.0,1,188,28,36.0,54.4,58.8,53.4,40.966666666666555,43.07142857142857,43.09285714285714
2026-07-08 00:00:00+05:30,30.0,41.77142857142858,2026,7,6.42,2,189,28,32.5,36.0,54.4,39.1,32.83333333333322,41.77142857142858,42.92857142857143
2026-07-09 00:00:00+05:30,6.42,37.959999999999994,2026,7,22.0,3,190,28,30.0,32.5,36.0,33.1,22.973333333333226,37.959999999999994,40.51571428571429
2026-07-10 00:00:00+05:30,22.0,34.30285714285714,2026,7,43.5,4,191,28,6.42,30.0,32.5,47.6,19.473333333333226,34.30285714285714,39.93714285714286
2026-07-11 00:00:00+05:30,43.5,32.11714285714286,2026,7,64.2,5,192,28,22.0,6.42,30.0,58.8,23.973333333333226,32.11714285714286,39.52285714285715
2026-07-12 00:00:00+05:30,64.2,33.51714285714286,2026,7,39.0,6,193,28,43.5,22.0,6.42,54.4,43.23333333333323,33.51714285714286,40.25857142857143
2026-07-13 00:00:00+05:30,39.0,33.94571428571429,2026,7,40.8,0,194,29,64.2,43.5,22.0,36.0,48.89999999999989,33.94571428571429,40.00142857142857
2026-07-14 00:00:00+05:30,40.8,35.13142857142857,2026,7,38.5,1,195,29,39.0,64.2,43.5,32.5,47.999999999999886,35.13142857142857,39.10142857142857
2026-07-15 00:00:00+05:30,38.5,36.34571428571429,2026,7,45.9,2,196,29,40.8,39.0,64.2,30.0,39.43333333333322,36.34571428571429,39.05857142857143
2026-07-16 00:00:00+05:30,45.9,41.98571428571428,2026,7,50.3,3,197,29,38.5,40.8,39.0,6.42,41.73333333333323,41.98571428571428,39.972857142857144
2026-07-17 00:00:00+05:30,50.3,46.028571428571425,2026,7,46.0,4,198,29,45.9,38.5,40.8,22.0,44.89999999999989,46.028571428571425,40.16571428571428
2026-07-18 00:00:00+05:30,46.0,46.385714285714286,2026,7,48.8,5,199,29,50.3,45.9,38.5,43.5,47.39999999999989,46.385714285714286,39.25142857142857
2026-07-19 00:00:00+05:30,48.8,44.18571428571429,2026,7,43.3,6,200,29,46.0,50.3,45.9,64.2,48.36666666666655,44.18571428571429,38.85142857142857
2026-07-20 00:00:00+05:30,43.3,44.8,2026,7,26.5,0,201,30,48.8,46.0,50.3,39.0,46.033333333333225,44.8,39.372857142857136
2026-07-21 00:00:00+05:30,26.5,42.75714285714285,2026,7,21.9,1,202,30,43.3,48.8,46.0,40.8,39.533333333333225,42.75714285714285,38.944285714285705
2026-07-22 00:00:00+05:30,21.9,40.385714285714286,2026,7,22.7,2,203,30,26.5,43.3,48.8,38.5,30.566666666666553,40.385714285714286,38.36571428571428
2026-07-23 00:00:00+05:30,22.7,37.07142857142857,2026,7,28.6,3,204,30,21.9,26.5,43.3,45.9,23.69999999999989,37.07142857142857,39.528571428571425
2026-07-24 00:00:00+05:30,28.6,33.97142857142857,2026,7,30.2,4,205,30,22.7,21.9,26.5,50.3,24.399999999999892,33.97142857142857,40.0
2026-07-25 00:00:00+05:30,30.2,31.714285714285715,2026,7,33.0,5,206,30,28.6,22.7,21.9,46.0,27.166666666666558,31.714285714285715,39.050000000000004
2026-07-26 00:00:00+05:30,33.0,29.457142857142856,2026,7,29.6,6,207,30,30.2,28.6,22.7,48.8,30.59999999999989,29.457142857142856,36.82142857142857
2026-07-27 00:00:00+05:30,29.6,27.5,2026,7,20.6,0,208,31,33.0,30.2,28.6,43.3,30.933333333333223,27.5,36.15
2026-07-28 00:00:00+05:30,20.6,26.657142857142855,2026,7,36.8,1,209,31,29.6,33.0,30.2,26.5,27.733333333333224,26.657142857142855,34.707142857142856
2026-07-29 00:00:00+05:30,36.8,28.785714285714285,2026,7,40.4,2,210,31,20.6,29.6,33.0,21.9,28.99999999999989,28.785714285714285,34.58571428571428
2026-07-30 00:00:00+05:30,40.4,31.314285714285713,2026,7,21.9,3,211,31,36.8,20.6,29.6,22.7,32.59999999999989,31.314285714285713,34.19285714285714
2026-07-31 00:00:00+05:30,21.9,30.357142857142858,2026,7,38.6,4,212,31,40.4,36.8,20.6,28.6,33.033333333333225,30.357142857142858,32.16428571428572
2026-08-01 00:00:00+05:30,38.6,31.557142857142857,2026,8,26.7,5,213,31,21.9,40.4,36.8,30.2,33.63333333333322,31.557142857142857,31.63571428571429
2026-08-02 00:00:00+05:30,26.7,30.657142857142855,2026,8,26.9,6,214,31,38.6,21.9,40.4,33.0,29.06666666666656,30.657142857142855,30.057142857142857
2026-08-03 00:00:00+05:30,26.9,30.27142857142857,2026,8,17.7,0,215,32,26.7,38.6,21.9,29.6,30.73333333333322,30.27142857142857,28.885714285714283
2026-08-04 00:00:00+05:30,17.7,29.857142857142858,2026,8,35.7,1,216,32,26.9,26.7,38.6,20.6,23.766666666666556,29.857142857142858,28.257142857142856
2026-08-05 00:00:00+05:30,35.7,29.699999999999996,2026,8,26.1,2,217,32,17.7,26.9,26.7,36.8,26.766666666666556,29.699999999999996,29.242857142857144
2026-08-06 00:00:00+05:30,26.1,27.657142857142862,2026,8,25.0,3,218,32,35.7,17.7,26.9,40.4,26.499999999999897,27.657142857142862,29.485714285714288
2026-08-07 00:00:00+05:30,25.0,28.099999999999998,2026,8,30.6,4,219,32,26.1,35.7,17.7,21.9,28.933333333333223,28.099999999999998,29.228571428571428
2026-08-08 00:00:00+05:30,30.6,26.95714285714286,2026,8,32.7,5,220,32,25.0,26.1,35.7,38.6,27.233333333333224,26.95714285714286,29.25714285714286
2026-08-09 00:00:00+05:30,32.7,27.814285714285713,2026,8,35.9,6,221,32,30.6,25.0,26.1,26.7,29.433333333333223,27.814285714285713,29.235714285714288
2026-08-10 00:00:00+05:30,35.9,29.1,2026,8,46.2,0,222,33,32.7,30.6,25.0,26.9,33.066666666666556,29.1,29.685714285714287
2026-08-11 00:00:00+05:30,46.2,33.17142857142857,2026,8,47.9,1,223,33,35.9,32.7,30.6,17.7,38.26666666666656,33.17142857142857,31.514285714285712
2026-08-12 00:00:00+05:30,47.9,34.91428571428572,2026,8,32.7,2,224,33,46.2,35.9,32.7,35.7,43.33333333333323,34.91428571428572,32.30714285714286
2026-08-13 00:00:00+05:30,32.7,35.85714285714286,2026,8,31.2,3,225,33,47.9,46.2,35.9,26.1,42.26666666666656,35.85714285714286,31.757142857142856
2026-08-14 00:00:00+05:30,31.2,36.74285714285714,2026,8,40.4,4,226,33,32.7,47.9,46.2,25.0,37.26666666666656,36.74285714285714,32.42142857142857
2026-08-15 00:00:00+05:30,40.4,38.142857142857146,2026,8,27.0,5,227,33,31.2,32.7,47.9,30.6,34.76666666666656,38.142857142857146,32.55
2026-08-16 00:00:00+05:30,27.0,37.32857142857143,2026,8,26.7,6,228,33,40.4,31.2,32.7,32.7,32.86666666666656,37.32857142857143,32.57142857142857
2026-08-17 00:00:00+05:30,26.7,36.01428571428571,2026,8,29.8,0,229,34,27.0,40.4,31.2,35.9,31.366666666666557,36.01428571428571,32.55714285714286
2026-08-18 00:00:00+05:30,29.8,33.67142857142857,2026,8,33.2,1,230,34,26.7,27.0,40.4,46.2,27.83333333333323,33.67142857142857,33.42142857142857
2026-08-19 00:00:00+05:30,33.2,31.571428571428573,2026,8,37.1,2,231,34,29.8,26.7,27.0,47.9,29.899999999999892,31.571428571428573,33.24285714285714
2026-08-20 00:00:00+05:30,37.1,32.2,2026,8,28.1,3,232,34,33.2,29.8,26.7,32.7,33.36666666666656,32.2,34.02857142857143
2026-08-21 00:00:00+05:30,28.1,31.75714285714286,2026,8,29.0,4,233,34,37.1,33.2,29.8,31.2,32.7999999999999,31.75714285714286,34.25
2026-08-22 00:00:00+05:30,29.0,30.12857142857143,2026,8,33.5,5,234,34,28.1,37.1,33.2,40.4,31.399999999999892,30.12857142857143,34.135714285714286
2026-08-23 00:00:00+05:30,33.5,31.057142857142857,2026,8,42.0,6,235,34,29.0,28.1,37.1,27.0,30.199999999999893,31.057142857142857,34.19285714285714
2026-08-24 00:00:00+05:30,42.0,33.24285714285715,2026,8,37.0,0,236,35,33.5,29.0,28.1,26.7,34.83333333333323,33.24285714285715,34.62857142857143
2026-08-25 00:00:00+05:30,37.0,34.27142857142857,2026,8,50.3,1,237,35,42.0,33.5,29.0,29.8,37.49999999999989,34.27142857142857,33.971428571428575
2026-08-26 00:00:00+05:30,50.3,36.714285714285715,2026,8,50.7,2,238,35,37.0,42.0,33.5,33.2,43.09999999999989,36.714285714285715,34.142857142857146
2026-08-27 00:00:00+05:30,50.7,38.65714285714286,2026,8,41.0,3,239,35,50.3,37.0,42.0,37.1,45.99999999999989,38.65714285714286,35.42857142857143
2026-08-28 00:00:00+05:30,41.0,40.5,2026,8,30.7,4,240,35,50.7,50.3,37.0,28.1,47.33333333333323,40.5,36.128571428571426
2026-08-29 00:00:00+05:30,30.7,40.74285714285714,2026,8,29.5,5,241,35,41.0,50.7,50.3,29.0,40.79999999999989,40.74285714285714,35.43571428571429
2026-08-30 00:00:00+05:30,29.5,40.17142857142857,2026,8,36.9,6,242,35,30.7,41.0,50.7,33.5,33.73333333333323,40.17142857142857,35.614285714285714
2026-08-31 00:00:00+05:30,36.9,39.44285714285714,2026,8,30.0,0,243,36,29.5,30.7,41.0,42.0,32.36666666666656,39.44285714285714,36.34285714285714
2026-09-01 00:00:00+05:30,30.0,38.44285714285714,2026,9,30.8,1,244,36,36.9,29.5,30.7,37.0,32.133333333333226,38.44285714285714,36.357142857142854
2026-09-02 00:00:00+05:30,30.8,35.65714285714286,2026,9,23.9,2,245,36,30.0,36.9,29.5,50.3,32.566666666666556,35.65714285714286,36.18571428571429
2026-09-03 00:00:00+05:30,23.9,31.828571428571426,2026,9,22.7,3,246,36,30.8,30.0,36.9,50.7,28.23333333333323,31.828571428571426,35.24285714285714
2026-09-04 00:00:00+05:30,22.7,29.214285714285715,2026,9,26.2,4,247,36,23.9,30.8,30.0,41.0,25.799999999999898,29.214285714285715,34.857142857142854
2026-09-05 00:00:00+05:30,26.2,28.571428571428573,2026,9,24.9,5,248,36,22.7,23.9,30.8,30.7,24.266666666666563,28.571428571428573,34.65714285714286
2026-09-06 00:00:00+05:30,24.9,27.914285714285715,2026,9,44.2,6,249,36,26.2,22.7,23.9,29.5,24.599999999999895,27.914285714285715,34.042857142857144
2026-09-07 00:00:00+05:30,44.2,28.957142857142856,2026,9,30.3,0,250,37,24.9,26.2,22.7,36.9,31.766666666666566,28.957142857142856,34.2
2026-09-08 00:00:00+05:30,30.3,29.0,2026,9,36.8,1,251,37,44.2,24.9,26.2,30.0,33.13333333333323,29.0,33.72142857142857
2026-09-09 00:00:00+05:30,36.8,29.857142857142858,2026,9,34.1,2,252,37,30.3,44.2,24.9,30.8,37.0999999999999,29.857142857142858,32.75714285714286
2026-09-10 00:00:00+05:30,34.1,31.314285714285717,2026,9,45.6,3,253,37,36.8,30.3,44.2,23.9,33.733333333333235,31.314285714285717,31.571428571428566
2026-09-11 00:00:00+05:30,45.6,34.58571428571428,2026,9,25.4,4,254,37,34.1,36.8,30.3,22.7,38.833333333333236,34.58571428571428,31.900000000000002
2026-09-12 00:00:00+05:30,25.4,34.471428571428575,2026,9,30.5,5,255,37,45.6,34.1,36.8,26.2,35.03333333333324,34.471428571428575,31.52142857142857
2026-09-13 00:00:00+05:30,30.5,35.27142857142857,2026,9,39.3,6,256,37,25.4,45.6,34.1,24.9,33.833333333333236,35.27142857142857,31.592857142857138
2026-09-14 00:00:00+05:30,39.3,34.57142857142857,2026,9,47.7,0,257,38,30.5,25.4,45.6,44.2,31.733333333333235,34.57142857142857,31.764285714285712
2026-09-15 00:00:00+05:30,47.7,37.05714285714286,2026,9,33.0,1,258,38,39.3,30.5,25.4,30.3,39.166666666666565,37.05714285714286,33.028571428571425
2026-09-16 00:00:00+05:30,33.0,36.51428571428571,2026,9,41.8,2,259,38,47.7,39.3,30.5,36.8,39.99999999999989,36.51428571428571,33.18571428571428
2026-09-17 00:00:00+05:30,41.8,37.614285714285714,2026,9,30.1,3,260,38,33.0,47.7,39.3,34.1,40.833333333333236,37.614285714285714,34.464285714285715
2026-09-18 00:00:00+05:30,30.1,35.4,2026,9,58.6,4,261,38,41.8,33.0,47.7,45.6,34.96666666666656,35.4,34.99285714285715
2026-09-19 00:00:00+05:30,58.6,40.142857142857146,2026,9,78.7,5,262,38,30.1,41.8,33.0,25.4,43.49999999999989,40.142857142857146,37.30714285714286
